# https://github.com/mikedh/trimesh
v -0.20060078 0.49299859 -0.00761443
v -0.20026228 0.49070343 -0.00761443
v -0.20026228 0.49299859 -0.00795294
v -0.20026228 0.49299859 -0.00654464
v -0.20046906 0.49549859 -0.00761443
v -0.20026228 0.49549859 -0.00782122
v -0.20026228 0.49549859 -0.00686782
v -0.20053624 0.49799859 -0.00761443
v -0.20026228 0.49799859 -0.00788840
v -0.20026228 0.49799859 -0.00670151
v -0.20036080 0.50049859 -0.00761443
v -0.20026228 0.50049859 -0.00771296
v -0.20026228 0.50049859 -0.00730819
v -0.20038676 0.50299859 -0.00761443
v -0.20026228 0.50299859 -0.00773892
v -0.20026228 0.50299859 -0.00730697
v -0.20035514 0.50549859 -0.00761443
v -0.20026228 0.50549859 -0.00770730
v -0.20026228 0.50549859 -0.00735183
v -0.20026228 0.50697820 -0.00761443
v -0.19993623 0.49049859 -0.00761443
v -0.19776228 0.48851348 -0.00761443
v -0.19776228 0.49049859 -0.00782755
v -0.19776228 0.49049859 -0.00699357
v -0.19776228 0.49299859 -0.00771252
v -0.19776228 0.49299859 -0.00724642
v -0.19776228 0.49549859 -0.00782158
v -0.19776228 0.49549859 -0.00690701
v -0.19776228 0.49799859 -0.00782552
v -0.19776228 0.49799859 -0.00694339
v -0.19776228 0.50049859 -0.00764327
v -0.19776228 0.50049859 -0.00751822
v -0.19776228 0.50238691 -0.00761443
v -0.19793046 0.50299859 -0.00761443
v -0.19805958 0.50549859 -0.00761443
v -0.19922208 0.50799859 -0.00761443
v -0.19776228 0.50799859 -0.00770442
v -0.19776228 0.50580456 -0.00761443
v -0.19776228 0.50799859 -0.00734973
v -0.19956535 0.51049859 -0.00761443
v -0.19776228 0.51049859 -0.00774552
v -0.19776228 0.51049859 -0.00724910
v -0.19776228 0.51267739 -0.00761443
v -0.19972005 0.51799859 -0.00761443
v -0.19776228 0.51634399 -0.00761443
v -0.19776228 0.51799859 -0.00781762
v -0.19776228 0.51799859 -0.00708628
v -0.19776228 0.51820178 -0.00761443
v -0.19526228 0.48906599 -0.00761443
v -0.19526228 0.49049859 -0.00787928
v -0.19526228 0.49049859 -0.00666532
v -0.19526228 0.49299859 -0.00773168
v -0.19526228 0.49299859 -0.00699259
v -0.19526228 0.49549859 -0.00792899
v -0.19526228 0.49549859 -0.00662505
v -0.19526228 0.49799859 -0.00771469
v -0.19526228 0.49799859 -0.00722628
v -0.19526228 0.50049859 -0.00780931
v -0.19526228 0.50049859 -0.00709568
v -0.19760826 0.50299859 -0.00761443
v -0.19526228 0.50299859 -0.00775052
v -0.19526228 0.50299859 -0.00719447
v -0.19526228 0.50513435 -0.00761443
v -0.19563041 0.50799859 -0.00761443
v -0.19526228 0.50852888 -0.00761443
v -0.19526228 0.51049859 -0.00767291
v -0.19526228 0.51049859 -0.00745674
v -0.19526228 0.51099918 -0.00761443
v -0.19526228 0.51654961 -0.00761443
v -0.19526228 0.51799859 -0.00788504
v -0.19526228 0.51799859 -0.00688143
v -0.19526228 0.51826920 -0.00761443
v -0.19276228 0.48926389 -0.00761443
v -0.19276228 0.49049859 -0.00785609
v -0.19276228 0.49049859 -0.00686798
v -0.19276228 0.49299859 -0.00764612
v -0.19276228 0.49299859 -0.00746753
v -0.19276228 0.49549859 -0.00787973
v -0.19276228 0.49549859 -0.00680181
v -0.19276228 0.49799859 -0.00769812
v -0.19276228 0.49799859 -0.00728651
v -0.19276228 0.50049859 -0.00779265
v -0.19276228 0.50049859 -0.00684474
v -0.19276228 0.50299859 -0.00776427
v -0.19276228 0.50299859 -0.00710991
v -0.19486217 0.50549859 -0.00761443
v -0.19276228 0.50549859 -0.00773694
v -0.19276228 0.50549859 -0.00729874
v -0.19276228 0.50798604 -0.00761443
v -0.19384301 0.51049859 -0.00761443
v -0.19276228 0.51587353 -0.00761443
v -0.19276228 0.51799859 -0.00780440
v -0.19276228 0.51799859 -0.00711196
v -0.19276228 0.51818856 -0.00761443
v -0.19026228 0.48999650 -0.00761443
v -0.19026228 0.49049859 -0.00773860
v -0.19026228 0.49049859 -0.00720078
v -0.19026228 0.49299859 -0.00773136
v -0.19026228 0.49299859 -0.00706689
v -0.19026228 0.49549859 -0.00781845
v -0.19026228 0.49549859 -0.00696054
v -0.19026228 0.49799859 -0.00785040
v -0.19026228 0.49799859 -0.00693122
v -0.19026228 0.50049859 -0.00778818
v -0.19026228 0.50049859 -0.00693441
v -0.19026228 0.50299859 -0.00792508
v -0.19026228 0.50299859 -0.00675811
v -0.19026228 0.50549859 -0.00769040
v -0.19026228 0.50549859 -0.00736966
v -0.19275126 0.50799859 -0.00761443
v -0.19026228 0.50799859 -0.00775312
v -0.19026228 0.50799859 -0.00723047
v -0.19026228 0.50962781 -0.00761443
v -0.19183084 0.51549859 -0.00761443
v -0.19026228 0.51476101 -0.00761443
v -0.19026228 0.51549859 -0.00767406
v -0.19026228 0.51549859 -0.00739184
v -0.19026228 0.51799859 -0.00786788
v -0.19026228 0.51799859 -0.00681533
v -0.19026228 0.51825204 -0.00761443
v -0.18776228 0.49000141 -0.00761443
v -0.18776228 0.49049859 -0.00768635
v -0.18776228 0.49049859 -0.00742056
v -0.18776228 0.49299859 -0.00772749
v -0.18776228 0.49299859 -0.00718113
v -0.18776228 0.49549859 -0.00782645
v -0.18776228 0.49549859 -0.00690889
v -0.18776228 0.49799859 -0.00777625
v -0.18776228 0.49799859 -0.00690674
v -0.18776228 0.50049859 -0.00787370
v -0.18776228 0.50049859 -0.00664070
v -0.18776228 0.50299859 -0.00779171
v -0.18776228 0.50299859 -0.00708804
v -0.18776228 0.50549859 -0.00780283
v -0.18776228 0.50549859 -0.00697785
v -0.18776228 0.50799859 -0.00767385
v -0.18776228 0.50799859 -0.00734902
v -0.18776228 0.50868094 -0.00761443
v -0.18931595 0.51549859 -0.00761443
v -0.18776228 0.51629040 -0.00761443
v -0.18776228 0.51799859 -0.00781356
v -0.18776228 0.51799859 -0.00700521
v -0.18776228 0.51819771 -0.00761443
v -0.18526228 0.48923044 -0.00761443
v -0.18526228 0.49049859 -0.00782296
v -0.18526228 0.49049859 -0.00705920
v -0.18526228 0.49299859 -0.00768458
v -0.18526228 0.49299859 -0.00735052
v -0.18526228 0.49549859 -0.00769651
v -0.18526228 0.49549859 -0.00729435
v -0.18526228 0.49799859 -0.00785829
v -0.18526228 0.49799859 -0.00675386
v -0.18526228 0.50049859 -0.00778493
v -0.18526228 0.50049859 -0.00692621
v -0.18526228 0.50299859 -0.00764377
v -0.18526228 0.50299859 -0.00753213
v -0.18526228 0.50549859 -0.00763068
v -0.18526228 0.50549859 -0.00756164
v -0.18526228 0.50597358 -0.00761443
v -0.18659708 0.50799859 -0.00761443
v -0.18643410 0.51299859 -0.00761443
v -0.18526228 0.51206060 -0.00761443
v -0.18526228 0.51299859 -0.00771178
v -0.18526228 0.51299859 -0.00735185
v -0.18526228 0.51491315 -0.00761443
v -0.18526228 0.51609975 -0.00761443
v -0.18526228 0.51799859 -0.00770858
v -0.18526228 0.51799859 -0.00732056
v -0.18526228 0.51809274 -0.00761443
v -0.18334844 0.49049859 -0.00761443
v -0.18471969 0.49299859 -0.00761443
v -0.18421600 0.49549859 -0.00761443
v -0.18276228 0.49624696 -0.00761443
v -0.18276228 0.49799859 -0.00786297
v -0.18276228 0.49799859 -0.00677022
v -0.18276228 0.50049859 -0.00781412
v -0.18276228 0.50049859 -0.00692497
v -0.18276228 0.50282897 -0.00761443
v -0.18363059 0.50299859 -0.00761443
v -0.18490095 0.50549859 -0.00761443
v -0.18389397 0.51299859 -0.00761443
v -0.18442196 0.51549859 -0.00761443
v -0.18276228 0.51549859 -0.00767415
v -0.18276228 0.51444350 -0.00761443
v -0.18276228 0.51549859 -0.00747241
v -0.18276228 0.51721337 -0.00761443
v -0.18331876 0.51799859 -0.00761443
v -0.18132507 0.48299859 -0.00761443
v -0.18026228 0.48294380 -0.00761443
v -0.18026228 0.48299859 -0.00766165
v -0.18026228 0.48299859 -0.00741953
v -0.18189481 0.48549859 -0.00761443
v -0.18026228 0.48549859 -0.00781448
v -0.18026228 0.48549859 -0.00688021
v -0.18263356 0.48799859 -0.00761443
v -0.18026228 0.48799859 -0.00838832
v -0.18026228 0.48799859 -0.00512572
v -0.18239640 0.49049859 -0.00761443
v -0.18026228 0.49049859 -0.00796403
v -0.18026228 0.49049859 -0.00665675
v -0.18097634 0.49299859 -0.00761443
v -0.18026228 0.49299859 -0.00771437
v -0.18026228 0.49299859 -0.00729171
v -0.18120832 0.49549859 -0.00761443
v -0.18026228 0.49549859 -0.00768421
v -0.18026228 0.49549859 -0.00739533
v -0.18026228 0.49799859 -0.00763453
v -0.18026228 0.49799859 -0.00754554
v -0.18026228 0.50049859 -0.00772339
v -0.18026228 0.50049859 -0.00731467
v -0.18026228 0.50270905 -0.00761443
v -0.18026228 0.51303443 -0.00761443
v -0.18026228 0.51549859 -0.00780756
v -0.18026228 0.51549859 -0.00714509
v -0.18206599 0.51799859 -0.00761443
v -0.18026228 0.51799859 -0.00768495
v -0.18026228 0.51799859 -0.00738125
v -0.18026228 0.51806912 -0.00761443
v -0.17861808 0.46799859 -0.00761443
v -0.17776228 0.46685984 -0.00761443
v -0.17776228 0.46799859 -0.00770617
v -0.17776228 0.46799859 -0.00727639
v -0.17776228 0.46824170 -0.00761443
v -0.18023164 0.47299859 -0.00761443
v -0.17776228 0.47245408 -0.00761443
v -0.17776228 0.47299859 -0.00783856
v -0.17776228 0.47299859 -0.00680759
v -0.17776228 0.47396752 -0.00761443
v -0.17904593 0.47799859 -0.00761443
v -0.17776228 0.47615557 -0.00761443
v -0.17776228 0.47799859 -0.00837414
v -0.17776228 0.47799859 -0.00676136
v -0.17776228 0.48042654 -0.00761443
v -0.17776228 0.48066664 -0.00761443
v -0.17776228 0.48299859 -0.00799540
v -0.17776228 0.48299859 -0.00629799
v -0.17866607 0.48299859 -0.00261443
v -0.17776228 0.48198919 -0.00261443
v -0.17776228 0.48299859 -0.00433959
v -0.17776228 0.48299859 -0.00111893
v -0.17776228 0.48549859 -0.00846514
v -0.17776228 0.48503203 -0.00511443
v -0.17813877 0.48549859 -0.00511443
v -0.17776228 0.48422259 -0.00261443
v -0.17776228 0.48549859 -0.00488953
v -0.17776228 0.48799859 -0.00859500
v -0.17776228 0.48799859 -0.00561895
v -0.17776228 0.48596160 -0.00511443
v -0.17776228 0.49049859 -0.00787543
v -0.17776228 0.49049859 -0.00693313
v -0.17776228 0.49236865 -0.00761443
v -0.17897562 0.49299859 -0.00761443
v -0.17776228 0.49499996 -0.00761443
v -0.17776228 0.49549859 -0.00763866
v -0.17776228 0.49549859 -0.00752992
v -0.17776228 0.49799859 -0.00773859
v -0.17776228 0.49799859 -0.00725862
v -0.17776228 0.50049859 -0.00764844
v -0.17776228 0.50049859 -0.00749616
v -0.17776228 0.50090499 -0.00761443
v -0.17801403 0.51549859 -0.00761443
v -0.17776228 0.51602175 -0.00761443
v -0.17776228 0.51799859 -0.00769996
v -0.17776228 0.51799859 -0.00730924
v -0.17776228 0.51808412 -0.00761443
v -0.17691047 0.45049859 -0.00761443
v -0.17526228 0.44816633 -0.00761443
v -0.17526228 0.45049859 -0.00785334
v -0.17526228 0.45049859 -0.00677777
v -0.17526228 0.45265162 -0.00761443
v -0.17754616 0.46549859 -0.00761443
v -0.17526228 0.46401861 -0.00761443
v -0.17526228 0.46549859 -0.00842664
v -0.17526228 0.46549859 -0.00633341
v -0.17526228 0.46799859 -0.00769567
v -0.17624813 0.46799859 -0.00511443
v -0.17526228 0.46735539 -0.00511443
v -0.17526228 0.46799859 -0.00449549
v -0.17645458 0.47049859 -0.00761443
v -0.17526228 0.47049859 -0.00822399
v -0.17639676 0.47049859 -0.00511443
v -0.17526228 0.47049859 -0.00279885
v -0.17526228 0.47299859 -0.00779317
v -0.17645436 0.47299859 -0.00511443
v -0.17526228 0.47062712 -0.00261443
v -0.17632238 0.47299859 -0.00261443
v -0.17569492 0.47299859 -0.00011443
v -0.17526228 0.47248728 -0.00011443
v -0.17526228 0.47299859 0.00136894
v -0.17600629 0.47549859 -0.00761443
v -0.17526228 0.47549859 -0.00776907
v -0.17526228 0.47549859 -0.00723958
v -0.17526228 0.47383625 -0.00511443
v -0.17526228 0.47517415 -0.00261443
v -0.17526228 0.47406970 -0.00011443
v -0.17533112 0.47549859 0.01238557
v -0.17526228 0.47542575 0.01238557
v -0.17526228 0.47549859 0.01219424
v -0.17526228 0.47549859 0.01250519
v -0.17526228 0.47799859 -0.00804021
v -0.17567058 0.47799859 -0.00511443
v -0.17526228 0.47723456 -0.00511443
v -0.17526228 0.47799859 -0.00391776
v -0.17526228 0.47561529 0.01238557
v -0.17762395 0.48049859 -0.00761443
v -0.17526228 0.48049859 -0.00806725
v -0.17550794 0.48049859 -0.00511443
v -0.17526228 0.48049859 -0.00444304
v -0.17627563 0.48049859 -0.00011443
v -0.17526228 0.47952121 -0.00011443
v -0.17526228 0.48049859 -0.00189306
v -0.17632627 0.48049859 0.00238557
v -0.17526228 0.47881414 0.00238557
v -0.17526228 0.48049859 0.00399327
v -0.17526228 0.48299859 -0.00819283
v -0.17533231 0.48299859 -0.00511443
v -0.17526228 0.48103773 -0.00261443
v -0.17702387 0.48299859 -0.00011443
v -0.17526228 0.48299859 0.00190496
v -0.17526228 0.48251602 0.00238557
v -0.17526228 0.48549859 -0.00845747
v -0.17680258 0.48549859 -0.00261443
v -0.17526228 0.48549859 -0.00126835
v -0.17526228 0.48431778 -0.00011443
v -0.17526228 0.48799859 -0.00858097
v -0.17526228 0.48799859 -0.00525867
v -0.17526228 0.48784385 -0.00511443
v -0.17526228 0.48698182 -0.00261443
v -0.17526228 0.49049859 -0.00785303
v -0.17526228 0.49049859 -0.00707097
v -0.17526228 0.49299289 -0.00761443
v -0.17646307 0.49549859 -0.00761443
v -0.17526228 0.49615619 -0.00761443
v -0.17526228 0.49799859 -0.00767620
v -0.17526228 0.49799859 -0.00743417
v -0.17526228 0.50032205 -0.00761443
v -0.17556851 0.50049859 -0.00761443
v -0.17732987 0.51549859 -0.00761443
v -0.17526228 0.51360479 -0.00761443
v -0.17526228 0.51549859 -0.00772169
v -0.17526228 0.51549859 -0.00734671
v -0.17526228 0.51799859 -0.00762564
v -0.17526228 0.51799859 -0.00757634
v -0.17526228 0.51800980 -0.00761443
v -0.17408862 0.44799859 -0.00761443
v -0.17276228 0.44698269 -0.00761443
v -0.17276228 0.44799859 -0.00763572
v -0.17276228 0.44799859 -0.00752259
v -0.17276228 0.45049859 -0.00768850
v -0.17276228 0.45049859 -0.00730426
v -0.17276228 0.45126803 -0.00761443
v -0.17276228 0.45761490 -0.00511443
v -0.17276228 0.45799859 -0.00585520
v -0.17308367 0.45799859 -0.00511443
v -0.17276228 0.45799859 -0.00485109
v -0.17276228 0.46049859 -0.00792307
v -0.17415230 0.46049859 -0.00761443
v -0.17276228 0.45931604 -0.00761443
v -0.17276228 0.45848045 -0.00511443
v -0.17276228 0.46049859 -0.00677119
v -0.17310505 0.46049859 -0.00011443
v -0.17276228 0.46003657 -0.00011443
v -0.17276228 0.46049859 -0.00068157
v -0.17327752 0.46049859 0.00238557
v -0.17276228 0.45923625 0.00238557
v -0.17276228 0.46049859 0.00291816
v -0.17359156 0.46299859 -0.00761443
v -0.17276228 0.46299859 -0.00796782
v -0.17276228 0.46147201 -0.00511443
v -0.17403780 0.46299859 -0.00511443
v -0.17276228 0.46299859 -0.00305431
v -0.17276228 0.46201938 -0.00011443
v -0.17276228 0.46147452 0.00238557
v -0.17276228 0.46299859 0.00478222
v -0.17281295 0.46299859 0.00488557
v -0.17276228 0.46295383 0.00488557
v -0.17276228 0.46299859 0.00493723
v -0.17276228 0.46549859 -0.00785928
v -0.17285312 0.46549859 -0.00511443
v -0.17276228 0.46413871 -0.00261443
v -0.17311219 0.46549859 -0.00261443
v -0.17276228 0.46549859 -0.00176074
v -0.17281911 0.46549859 0.00488557
v -0.17276228 0.46549859 0.00460798
v -0.17276228 0.46518938 0.00738557
v -0.17301800 0.46549859 0.00738557
v -0.17276228 0.46549859 0.00819443
v -0.17338985 0.46549859 0.01238557
v -0.17276228 0.46486064 0.01238557
v -0.17276228 0.46549859 0.01092080
v -0.17276228 0.46549859 0.01357400
v -0.17276228 0.46799859 -0.00783846
v -0.17369650 0.46799859 -0.00261443
v -0.17276228 0.46799859 -0.00147414
v -0.17309110 0.46799859 0.00238557
v -0.17276228 0.46690166 0.00238557
v -0.17276228 0.46799859 0.00168352
v -0.17276228 0.46560264 0.00488557
v -0.17276228 0.46799859 0.00291988
v -0.17276228 0.46596307 0.00738557
v -0.17276228 0.46723460 0.01238557
v -0.17362416 0.46799859 0.01988557
v -0.17276228 0.46712540 0.01988557
v -0.17276228 0.46799859 0.01902417
v -0.17276228 0.46799859 0.02144924
v -0.17276228 0.46916500 -0.00761443
v -0.17340908 0.47049859 -0.00761443
v -0.17276228 0.46960567 -0.00511443
v -0.17385443 0.47049859 -0.00511443
v -0.17276228 0.46924354 -0.00261443
v -0.17276228 0.46845121 0.00238557
v -0.17276228 0.46931625 0.01988557
v -0.17451257 0.47299859 -0.00761443
v -0.17276228 0.47299859 -0.00643524
v -0.17276228 0.47185357 -0.00511443
v -0.17373138 0.47299859 -0.00261443
v -0.17276228 0.47299859 -0.00408091
v -0.17464444 0.47299859 -0.00011443
v -0.17372592 0.47299859 0.01238557
v -0.17276228 0.47128669 0.01238557
v -0.17276228 0.47299859 0.01067274
v -0.17276228 0.47299859 0.01420405
v -0.17276228 0.47348497 -0.00761443
v -0.17276228 0.47549859 -0.00868117
v -0.17327460 0.47549859 -0.00511443
v -0.17276228 0.47549859 -0.00398254
v -0.17369638 0.47549859 0.00738557
v -0.17276228 0.47398640 0.00738557
v -0.17276228 0.47549859 0.00586078
v -0.17433886 0.47549859 0.00988557
v -0.17276228 0.47379354 0.00988557
v -0.17276228 0.47549859 0.01379393
v -0.17276228 0.47799859 -0.00867350
v -0.17452034 0.47799859 -0.00261443
v -0.17276228 0.47603672 -0.00261443
v -0.17393895 0.47799859 -0.00011443
v -0.17276228 0.47672800 -0.00011443
v -0.17276228 0.47799859 0.00159923
v -0.17443535 0.47799859 0.00488557
v -0.17276228 0.47627613 0.00488557
v -0.17276228 0.47799859 0.00318357
v -0.17434092 0.47799859 0.00738557
v -0.17276228 0.47799859 0.00933597
v -0.17276228 0.47745249 0.00988557
v -0.17276228 0.47690696 0.01238557
v -0.17276228 0.48049859 -0.00867746
v -0.17472588 0.48049859 -0.00261443
v -0.17276228 0.47878763 0.00238557
v -0.17435999 0.48049859 0.00488557
v -0.17276228 0.48049859 0.00616743
v -0.17276228 0.47926928 0.00738557
v -0.17276228 0.48299859 -0.00869571
v -0.17276228 0.48299859 0.00211100
v -0.17276228 0.48271786 0.00238557
v -0.17276228 0.48180392 0.00488557
v -0.17276228 0.48549859 -0.00862793
v -0.17276228 0.48549859 -0.00073375
v -0.17276228 0.48495470 -0.00011443
v -0.17276228 0.48799859 -0.00859564
v -0.17276228 0.48799859 -0.00523983
v -0.17276228 0.48785823 -0.00511443
v -0.17276228 0.48680752 -0.00261443
v -0.17276228 0.49049859 -0.00780083
v -0.17276228 0.49049859 -0.00690198
v -0.17525917 0.49299859 -0.00761443
v -0.17276228 0.49299859 -0.00802116
v -0.17276228 0.49299859 -0.00653909
v -0.17505291 0.49549859 -0.00761443
v -0.17276228 0.49549859 -0.00783949
v -0.17276228 0.49549859 -0.00698706
v -0.17276228 0.49799859 -0.00779724
v -0.17276228 0.49799859 -0.00708531
v -0.17502892 0.50049859 -0.00761443
v -0.17276228 0.50049859 -0.00766032
v -0.17276228 0.50049859 -0.00747380
v -0.17403106 0.50299859 -0.00761443
v -0.17276228 0.50299859 -0.00771327
v -0.17276228 0.50299859 -0.00736382
v -0.17276228 0.50500302 -0.00761443
v -0.17276228 0.51393179 -0.00761443
v -0.17276228 0.51549859 -0.00770423
v -0.17276228 0.51549859 -0.00736483
v -0.17276228 0.51799859 -0.00765819
v -0.17276228 0.51799859 -0.00745511
v -0.17276228 0.51804235 -0.00761443
v -0.17026228 0.44585885 -0.00761443
v -0.17026228 0.44799859 -0.00820682
v -0.17026228 0.44799859 -0.00598304
v -0.17026228 0.45049859 -0.00795017
v -0.17026228 0.45049859 -0.00615033
v -0.17190668 0.45299859 -0.00761443
v -0.17026228 0.45299859 -0.00790590
v -0.17026228 0.45299859 -0.00607152
v -0.17073888 0.45299859 0.01238557
v -0.17026228 0.45251759 0.01238557
v -0.17026228 0.45299859 0.01179524
v -0.17026228 0.45299859 0.01287012
v -0.17265117 0.45549859 -0.00761443
v -0.17026228 0.45549859 -0.00879933
v -0.17026228 0.45335866 -0.00511443
v -0.17169166 0.45549859 -0.00511443
v -0.17104247 0.45549859 -0.00261443
v -0.17026228 0.45414274 -0.00261443
v -0.17026228 0.45549859 -0.00124217
v -0.17052488 0.45549859 0.00238557
v -0.17026228 0.45518757 0.00238557
v -0.17026228 0.45549859 0.00165885
v -0.17115717 0.45549859 0.00488557
v -0.17026228 0.45415516 0.00488557
v -0.17026228 0.45549859 0.00691855
v -0.17026228 0.45444136 0.01238557
v -0.17238847 0.45799859 -0.00761443
v -0.17026228 0.45799859 -0.00879343
v -0.17162186 0.45799859 -0.00261443
v -0.17026228 0.45640105 -0.00011443
v -0.17136379 0.45799859 -0.00011443
v -0.17208028 0.45799859 0.00238557
v -0.17026228 0.45799859 0.00415410
v -0.17026228 0.45716685 0.00488557
v -0.17061220 0.45799859 0.02488557
v -0.17026228 0.45765917 0.02488557
v -0.17026228 0.45799859 0.02427596
v -0.17026228 0.45799859 0.02524321
v -0.17026228 0.46049859 -0.00880703
v -0.17216328 0.46049859 -0.00511443
v -0.17156533 0.46049859 -0.00261443
v -0.17026228 0.46049859 0.00189284
v -0.17026228 0.46002448 0.00238557
v -0.17121107 0.46049859 0.00238557
v -0.17107287 0.46049859 0.01238557
v -0.17026228 0.45914596 0.01238557
v -0.17026228 0.46049859 0.01079016
v -0.17026228 0.46049859 0.01393219
v -0.17104751 0.46049859 0.01738557
v -0.17026228 0.45953796 0.01738557
v -0.17026228 0.46049859 0.01586517
v -0.17099600 0.46049859 0.01988557
v -0.17026228 0.45972939 0.01988557
v -0.17076199 0.46049859 0.02238557
v -0.17026228 0.45967451 0.02238557
v -0.17087125 0.46049859 0.02488557
v -0.17026228 0.46049859 0.02551007
v -0.17026228 0.46299859 -0.00880441
v -0.17239562 0.46299859 -0.00261443
v -0.17026228 0.46241722 -0.00011443
v -0.17026228 0.46299859 -0.00074050
v -0.17026228 0.46244328 0.00238557
v -0.17026228 0.46299859 0.00191590
v -0.17051376 0.46299859 0.00238557
v -0.17026228 0.46299859 0.00277509
v -0.17259619 0.46299859 0.00488557
v -0.17026228 0.46173904 0.00738557
v -0.17026228 0.46299859 0.00591212
v -0.17100868 0.46299859 0.00738557
v -0.17095706 0.46299859 0.00988557
v -0.17026228 0.46158672 0.00988557
v -0.17070468 0.46299859 0.01238557
v -0.17026228 0.46149854 0.01488557
v -0.17106174 0.46299859 0.01488557
v -0.17102263 0.46299859 0.01738557
v -0.17095308 0.46299859 0.01988557
v -0.17099292 0.46299859 0.02238557
v -0.17026228 0.46299859 0.02315237
v -0.17026228 0.46113521 0.02488557
v -0.17026228 0.46299859 0.02682150
v -0.17078579 0.46299859 0.02738557
v -0.17026228 0.46244568 0.02738557
v -0.17031139 0.46299859 0.02988557
v -0.17026228 0.46292592 0.02988557
v -0.17026228 0.46299859 0.03081486
v -0.17082324 0.46299859 0.03488557
v -0.17026228 0.46261589 0.03488557
v -0.17026228 0.46299859 0.03279342
v -0.17026228 0.46299859 0.03701621
v -0.17026228 0.46549859 -0.00867123
v -0.17170897 0.46549859 -0.00011443
v -0.17026228 0.46395089 -0.00011443
v -0.17026228 0.46549859 0.00202917
v -0.17026228 0.46415168 0.00238557
v -0.17199385 0.46412288 0.00410357
v -0.17026228 0.46549859 0.00271988
v -0.17026228 0.46404172 0.00488557
v -0.17176299 0.46549859 0.00988557
v -0.17129085 0.46442336 0.01117191
v -0.17152735 0.46549859 0.01238557
v -0.17026228 0.46549859 0.01115773
v -0.17026228 0.46394831 0.01238557
v -0.17144380 0.46549859 0.01488557
v -0.17026228 0.46549859 0.01365757
v -0.17090304 0.46549859 0.01738557
v -0.17102647 0.46549859 0.01988557
v -0.17138230 0.46549859 0.02238557
v -0.17026228 0.46469498 0.02488557
v -0.17102596 0.46549859 0.02488557
v -0.17091780 0.46549859 0.02738557
v -0.17105499 0.46549859 0.02988557
v -0.17026228 0.46335641 0.03238557
v -0.17090375 0.46549859 0.03238557
v -0.17068004 0.46549859 0.03488557
v -0.17026228 0.46317032 0.03738557
v -0.17134735 0.46549859 0.03738557
v -0.17026228 0.46549859 0.03891218
v -0.17026228 0.46799859 -0.00866843
v -0.17083291 0.46799859 -0.00011443
v -0.17026228 0.46566853 0.00238557
v -0.17130002 0.46799859 0.00488557
v -0.17089976 0.46799859 0.00738557
v -0.17059523 0.46799859 0.00988557
v -0.17026228 0.46706059 0.01238557
v -0.17171968 0.46799859 0.01238557
v -0.17149284 0.46694480 0.01329572
v -0.17089906 0.46799859 0.01488557
v -0.17079826 0.46799859 0.01738557
v -0.17207675 0.46799859 0.02238557
v -0.17053994 0.46799859 0.02488557
v -0.17105456 0.46799859 0.02738557
v -0.17026228 0.46799859 0.02968352
v -0.17026228 0.46779951 0.02988557
v -0.17026228 0.46758010 0.03238557
v -0.17026228 0.46799859 0.03277061
v -0.17101103 0.46799859 0.03488557
v -0.17078454 0.46799859 0.03738557
v -0.17026228 0.46799859 0.03804220
v -0.17238439 0.47049859 -0.00761443
v -0.17026228 0.47049859 -0.00858256
v -0.17193127 0.47049859 -0.00511443
v -0.17182128 0.47049859 -0.00261443
v -0.17241895 0.47049859 -0.00011443
v -0.17159902 0.47049859 0.00238557
v -0.17038308 0.47049859 0.00488557
v -0.17026228 0.47049859 0.00679020
v -0.17026228 0.47034460 0.00738557
v -0.17026228 0.47049859 0.00743882
v -0.17183038 0.47049859 0.00988557
v -0.17026228 0.47049859 0.01166645
v -0.17026228 0.46924630 0.01238557
v -0.17026228 0.47049859 0.01318998
v -0.17128474 0.47049859 0.01488557
v -0.17214961 0.47049859 0.01738557
v -0.17174408 0.47049859 0.01988557
v -0.17026228 0.47049859 0.02157802
v -0.17026228 0.46979310 0.02238557
v -0.17026228 0.46835041 0.02488557
v -0.17026228 0.46945178 0.02738557
v -0.17026228 0.46910670 0.03488557
v -0.17026228 0.46856899 0.03738557
v -0.17225929 0.47299859 -0.00761443
v -0.17026228 0.47299859 -0.00865564
v -0.17207227 0.47299859 -0.00261443
v -0.17157664 0.47299859 -0.00011443
v -0.17184656 0.47299859 0.00238557
v -0.17171327 0.47299859 0.00488557
v -0.17026228 0.47054172 0.00738557
v -0.17199844 0.47299859 0.00738557
v -0.17200218 0.47299859 0.00988557
v -0.17026228 0.47111085 0.01238557
v -0.17211944 0.47299859 0.01488557
v -0.17026228 0.47299859 0.01655486
v -0.17026228 0.47220311 0.01738557
v -0.17026228 0.47198039 0.01988557
v -0.17026228 0.47549859 -0.00871428
v -0.17238883 0.47549859 -0.00261443
v -0.17156714 0.47549859 -0.00011443
v -0.17227818 0.47549859 0.00238557
v -0.17202039 0.47549859 0.00488557
v -0.17026228 0.47549859 0.01386103
v -0.17026228 0.47447398 0.01488557
v -0.17026228 0.47799859 -0.00869664
v -0.17199224 0.47799859 0.00238557
v -0.17026228 0.47799859 0.00923520
v -0.17026228 0.47734958 0.00988557
v -0.17026228 0.47697406 0.01238557
v -0.17026228 0.48049859 -0.00852754
v -0.17026228 0.48049859 0.00679229
v -0.17026228 0.47989138 0.00738557
v -0.17026228 0.48299859 -0.00869784
v -0.17026228 0.48299859 0.00211274
v -0.17026228 0.48271834 0.00238557
v -0.17026228 0.48240349 0.00488557
v -0.17026228 0.48549859 -0.00867069
v -0.17026228 0.48549859 -0.00072964
v -0.17026228 0.48496597 -0.00011443
v -0.17026228 0.48799859 -0.00860223
v -0.17026228 0.48799859 -0.00513854
v -0.17026228 0.48797204 -0.00511443
v -0.17026228 0.48696183 -0.00261443
v -0.17026228 0.49049859 -0.00795459
v -0.17026228 0.49049859 -0.00624872
v -0.17026228 0.49299859 -0.00792869
v -0.17026228 0.49299859 -0.00678023
v -0.17026228 0.49549859 -0.00772114
v -0.17026228 0.49549859 -0.00730121
v -0.17026228 0.49799859 -0.00763702
v -0.17026228 0.49799859 -0.00752698
v -0.17026228 0.49857610 -0.00761443
v -0.17180908 0.50049859 -0.00761443
v -0.17026228 0.50129736 -0.00761443
v -0.17026228 0.50299859 -0.00776619
v -0.17026228 0.50299859 -0.00707290
v -0.17151385 0.50549859 -0.00761443
v -0.17026228 0.50549859 -0.00763968
v -0.17026228 0.50549859 -0.00751842
v -0.17036158 0.50799859 -0.00761443
v -0.17026228 0.50799859 -0.00762251
v -0.17026228 0.50799859 -0.00759037
v -0.17044633 0.51049859 -0.00761443
v -0.17026228 0.51049859 -0.00762400
v -0.17026228 0.51049859 -0.00758474
v -0.17026228 0.51081173 -0.00761443
v -0.17026228 0.51477101 -0.00761443
v -0.17026228 0.51549859 -0.00764167
v -0.17026228 0.51549859 -0.00753422
v -0.17026228 0.51799859 -0.00765101
v -0.17026228 0.51799859 -0.00749177
v -0.17026228 0.51803517 -0.00761443
v -0.16879892 0.44049859 -0.00761443
v -0.16776228 0.43882840 -0.00761443
v -0.16776228 0.44049859 -0.00788663
v -0.16776228 0.44049859 -0.00691052
v -0.16968808 0.44299859 -0.00761443
v -0.16776228 0.44299859 -0.00850961
v -0.16776228 0.44299859 -0.00591547
v -0.16884053 0.44299859 -0.00011443
v -0.16776228 0.44212581 -0.00011443
v -0.16776228 0.44299859 -0.00117211
v -0.16776228 0.44299859 0.00086454
v -0.17007476 0.44549859 -0.00761443
v -0.16776228 0.44549859 -0.00859448
v -0.16776228 0.44549859 -0.00611046
v -0.16837763 0.44549859 -0.00261443
v -0.16776228 0.44527274 -0.00261443
v -0.16776228 0.44549859 -0.00293345
v -0.16776228 0.44517133 -0.00011443
v -0.16776228 0.44549859 -0.00143081
v -0.16776228 0.44799859 -0.00819633
v -0.16908834 0.44799859 -0.00511443
v -0.16776228 0.44723788 -0.00511443
v -0.16948102 0.44799859 -0.00261443
v -0.16776228 0.44568394 -0.00011443
v -0.16912755 0.44799859 -0.00011443
v -0.16871630 0.44799859 0.00238557
v -0.16776228 0.44700275 0.00238557
v -0.16776228 0.44799859 0.00335278
v -0.16821781 0.44799859 0.00988557
v -0.16776228 0.44753128 0.00988557
v -0.16776228 0.44799859 0.00937116
v -0.16776228 0.44799859 0.01071453
v -0.16835237 0.44799859 0.01738557
v -0.16776228 0.44721322 0.01738557
v -0.16776228 0.44799859 0.01676840
v -0.16776228 0.44799859 0.01828275
v -0.16870096 0.44799859 0.02238557
v -0.16776228 0.44652253 0.02238557
v -0.16776228 0.44799859 0.02107871
v -0.16776228 0.44799859 0.02333214
v -0.16776228 0.45049859 -0.00865064
v -0.16998830 0.45049859 -0.00511443
v -0.16929078 0.45049859 -0.00261443
v -0.16906716 0.45049859 -0.00011443
v -0.16896244 0.45049859 0.00238557
v -0.16776228 0.44931092 0.00488557
v -0.16899265 0.45049859 0.00488557
v -0.16830998 0.45049859 0.00738557
v -0.16776228 0.45005904 0.00738557
v -0.16832453 0.45049859 0.00988557
v -0.16776228 0.44917386 0.01238557
v -0.16857860 0.45049859 0.01238557
v -0.16872085 0.45049859 0.01488557
v -0.16776228 0.44950366 0.01488557
v -0.16776228 0.44939630 0.01738557
v -0.16776228 0.45049859 0.01668277
v -0.16776228 0.44939964 0.02238557
v -0.16776228 0.45049859 0.02417881
v -0.16815531 0.45049859 0.02488557
v -0.16776228 0.45010231 0.02488557
v -0.16776228 0.45049859 0.02537860
v -0.16848559 0.45049859 0.03488557
v -0.16776228 0.44979494 0.03488557
v -0.16776228 0.45049859 0.03417442
v -0.16776228 0.45049859 0.03562141
v -0.16776228 0.45299859 -0.00881715
v -0.17005734 0.45299859 -0.00511443
v -0.16967739 0.45299859 -0.00261443
v -0.16929450 0.45299859 -0.00011443
v -0.16903991 0.45299859 0.00238557
v -0.16939288 0.45299859 0.00488557
v -0.16866994 0.45299859 0.00738557
v -0.16907570 0.45299859 0.00988557
v -0.16776228 0.45211163 0.01488557
v -0.16776228 0.45299859 0.01370711
v -0.16823788 0.45299859 0.02238557
v -0.16776228 0.45216586 0.02238557
v -0.16776228 0.45299859 0.02149702
v -0.16816013 0.45299859 0.02488557
v -0.16776228 0.45179229 0.02738557
v -0.16879349 0.45299859 0.02738557
v -0.16776228 0.45299859 0.02893317
v -0.16788085 0.45299859 0.03238557
v -0.16776228 0.45288332 0.03238557
v -0.16776228 0.45299859 0.03213739
v -0.16783862 0.45299859 0.03488557
v -0.16776228 0.45299859 0.03496218
v -0.16776228 0.45549859 -0.00882207
v -0.16964038 0.45549859 -0.00011443
v -0.16968637 0.45549859 0.00738557
v -0.16911818 0.45549859 0.00988557
v -0.16925732 0.45549859 0.01238557
v -0.16776228 0.45462821 0.01488557
v -0.16846663 0.45549859 0.01488557
v -0.16801843 0.45549859 0.01738557
v -0.16776228 0.45500906 0.01738557
v -0.16825178 0.45549859 0.01988557
v -0.16776228 0.45459257 0.01988557
v -0.16807197 0.45549859 0.02238557
v -0.16800953 0.45549859 0.02488557
v -0.16807328 0.45549859 0.02738557
v -0.16776228 0.45474185 0.02988557
v -0.16817588 0.45549859 0.02988557
v -0.16817923 0.45549859 0.03238557
v -0.16809069 0.45549859 0.03488557
v -0.16776228 0.45549859 0.03533198
v -0.16837499 0.45549859 0.04238557
v -0.16776228 0.45489002 0.04238557
v -0.16776228 0.45549859 0.04019100
v -0.16828923 0.45549859 0.04488557
v -0.16776228 0.45525760 0.04488557
v -0.16776228 0.45549859 0.04537065
v -0.16776228 0.45799859 -0.00883502
v -0.16947217 0.45799859 0.00488557
v -0.16952383 0.45799859 0.00738557
v -0.16913392 0.45799859 0.00988557
v -0.16921006 0.45799859 0.01238557
v -0.16882820 0.45799859 0.01488557
v -0.16852896 0.45799859 0.01738557
v -0.16826501 0.45799859 0.01988557
v -0.16900258 0.45799859 0.02238557
v -0.16839561 0.45799859 0.02738557
v -0.16821518 0.45799859 0.02988557
v -0.16856249 0.45799859 0.03238557
v -0.16850102 0.45799859 0.03488557
v -0.16776228 0.45745130 0.03738557
v -0.16817239 0.45799859 0.03738557
v -0.16794786 0.45799859 0.03988557
v -0.16776228 0.45761256 0.03988557
v -0.16776228 0.45799859 0.04065321
v -0.16776228 0.45786298 0.04238557
v -0.16776228 0.45706724 0.04488557
v -0.16776228 0.46049859 -0.00883768
v -0.16980964 0.46049859 0.00238557
v -0.16965645 0.46049859 0.00488557
v -0.16946228 0.46049859 0.00738557
v -0.16957035 0.46049859 0.00988557
v -0.16963791 0.46049859 0.01488557
v -0.16875755 0.46049859 0.02738557
v -0.16917500 0.46049859 0.02988557
v -0.16896254 0.46049859 0.03238557
v -0.16854050 0.46049859 0.03488557
v -0.16865259 0.46049859 0.03738557
v -0.16838012 0.46049859 0.03988557
v -0.16776228 0.45947151 0.04238557
v -0.16782297 0.46049859 0.04238557
v -0.16830573 0.46049859 0.04488557
v -0.16776228 0.45872144 0.04488557
v -0.16776228 0.46049859 0.04606623
v -0.16776228 0.46299859 -0.00884185
v -0.16985720 0.46299859 -0.00011443
v -0.16970343 0.46299859 0.00488557
v -0.16882911 0.46299859 0.02488557
v -0.17012280 0.46299859 0.03238557
v -0.17005771 0.46299859 0.03738557
v -0.16897757 0.46299859 0.03988557
v -0.16890916 0.46299859 0.04238557
v -0.16776228 0.46299859 0.04373466
v -0.16776228 0.46121214 0.04488557
v -0.16776228 0.46549859 -0.00884093
v -0.17010723 0.46549859 0.00238557
v -0.16957838 0.46549859 0.01238557
v -0.16935967 0.46549859 0.03988557
v -0.16792946 0.46549859 0.04238557
v -0.16776228 0.46549859 0.04255183
v -0.16776228 0.46799859 -0.00884474
v -0.17015686 0.46799859 0.02988557
v -0.17006199 0.46799859 0.03238557
v -0.16919801 0.46799859 0.03988557
v -0.16811123 0.46799859 0.04238557
v -0.16776228 0.46799859 0.04278708
v -0.16776228 0.47049859 -0.00881671
v -0.17022445 0.47049859 0.00738557
v -0.16975045 0.47049859 0.01238557
v -0.16903376 0.47049859 0.02238557
v -0.16905005 0.47049859 0.02488557
v -0.16862041 0.47049859 0.02738557
v -0.16814056 0.47049859 0.02988557
v -0.16872682 0.47049859 0.03238557
v -0.16929197 0.47049859 0.03488557
v -0.16859884 0.47049859 0.03738557
v -0.16776228 0.47049859 0.03900093
v -0.16776228 0.47000497 0.03988557
v -0.16776228 0.46899482 0.04238557
v -0.16776228 0.47299859 -0.00876195
v -0.16776228 0.47299859 0.01674279
v -0.16776228 0.47243921 0.01738557
v -0.16776228 0.47211516 0.01988557
v -0.16776228 0.47154399 0.02238557
v -0.16776228 0.47154414 0.02488557
v -0.16776228 0.47089490 0.02738557
v -0.16776228 0.47083307 0.02988557
v -0.16776228 0.47138375 0.03238557
v -0.16776228 0.47166295 0.03488557
v -0.16776228 0.47176529 0.03738557
v -0.16776228 0.47549859 -0.00872694
v -0.16776228 0.47549859 0.01386103
v -0.16776228 0.47447406 0.01488557
v -0.16776228 0.47799859 -0.00872306
v -0.16776228 0.47799859 0.00928130
v -0.16776228 0.47738790 0.00988557
v -0.16776228 0.47697406 0.01238557
v -0.16776228 0.48049859 -0.00854734
v -0.16776228 0.48049859 0.00688384
v -0.16776228 0.48000301 0.00738557
v -0.16776228 0.48299859 -0.00854937
v -0.16776228 0.48299859 0.00228902
v -0.16776228 0.48289933 0.00238557
v -0.16776228 0.48254569 0.00488557
v -0.16776228 0.48549859 -0.00867109
v -0.16776228 0.48549859 -0.00105450
v -0.16776228 0.48461001 -0.00011443
v -0.16776228 0.48799859 -0.00861945
v -0.16776228 0.48799859 -0.00523205
v -0.16776228 0.48787626 -0.00511443
v -0.16776228 0.48702579 -0.00261443
v -0.16776228 0.49049859 -0.00799031
v -0.16776228 0.49049859 -0.00632236
v -0.16776228 0.49299859 -0.00796234
v -0.16776228 0.49299859 -0.00664361
v -0.16776228 0.49549859 -0.00772040
v -0.16776228 0.49549859 -0.00716653
v -0.16776228 0.49707397 -0.00761443
v -0.16961293 0.49799859 -0.00761443
v -0.16976551 0.50049859 -0.00761443
v -0.16776228 0.50049859 -0.00788698
v -0.16776228 0.49843642 -0.00761443
v -0.16776228 0.50049859 -0.00693637
v -0.16776228 0.50299859 -0.00780744
v -0.16776228 0.50299859 -0.00698664
v -0.16776228 0.50549859 -0.00774555
v -0.16776228 0.50549859 -0.00718703
v -0.16776228 0.50799859 -0.00778117
v -0.16776228 0.50799859 -0.00705054
v -0.16776228 0.51049859 -0.00781004
v -0.16776228 0.51049859 -0.00698975
v -0.16958807 0.51299859 -0.00761443
v -0.16776228 0.51299859 -0.00778379
v -0.16776228 0.51299859 -0.00701423
v -0.16776228 0.51549859 -0.00764460
v -0.16776228 0.51549859 -0.00752016
v -0.16776228 0.51604605 -0.00761443
v -0.16962689 0.51799859 -0.00761443
v -0.16537562 0.43299859 -0.00761443
v -0.16526228 0.43293663 -0.00761443
v -0.16526228 0.43299859 -0.00762668
v -0.16526228 0.43299859 -0.00757570
v -0.16526228 0.43319963 -0.00761443
v -0.16718406 0.43799859 -0.00761443
v -0.16526228 0.43604406 -0.00761443
v -0.16526228 0.43799859 -0.00803413
v -0.16526228 0.43799859 -0.00660794
v -0.16570568 0.43799859 -0.00011443
v -0.16526228 0.43752365 -0.00011443
v -0.16526228 0.43799859 -0.00089370
v -0.16566919 0.43799859 0.00238557
v -0.16526228 0.43757497 0.00238557
v -0.16598169 0.43799859 0.00488557
v -0.16526228 0.43723599 0.00488557
v -0.16526228 0.43799859 0.00606605
v -0.16638420 0.43799859 0.00988557
v -0.16526228 0.43707036 0.00988557
v -0.16526228 0.43799859 0.00847670
v -0.16526228 0.43799859 0.01100255
v -0.16526228 0.44049859 -0.00870970
v -0.16603849 0.44049859 -0.00511443
v -0.16526228 0.43970053 -0.00511443
v -0.16526228 0.44049859 -0.00354938
v -0.16526228 0.43932651 -0.00011443
v -0.16526228 0.44049859 0.00068978
v -0.16607621 0.44049859 0.00238557
v -0.16526228 0.44049859 0.00358385
v -0.16526228 0.43922773 0.00488557
v -0.16526228 0.44049859 0.00677172
v -0.16572550 0.44049859 0.00738557
v -0.16526228 0.43992014 0.00738557
v -0.16591360 0.44049859 0.00988557
v -0.16526228 0.44049859 0.01039377
v -0.16612437 0.44049859 0.01488557
v -0.16526228 0.43961876 0.01488557
v -0.16526228 0.44049859 0.01394390
v -0.16526228 0.44049859 0.01575705
v -0.16569590 0.44049859 0.03238557
v -0.16526228 0.44005541 0.03238557
v -0.16526228 0.44049859 0.03183504
v -0.16526228 0.44049859 0.03284391
v -0.16526228 0.44299859 -0.00800961
v -0.16668970 0.44299859 -0.00511443
v -0.16526228 0.44083838 -0.00261443
v -0.16640924 0.44299859 -0.00261443
v -0.16588046 0.44299859 -0.00011443
v -0.16526228 0.44299859 -0.00066767
v -0.16526228 0.44299859 0.00054701
v -0.16618768 0.44299859 0.00238557
v -0.16526228 0.44143030 0.00488557
v -0.16649291 0.44299859 0.00488557
v -0.16637781 0.44299859 0.00738557
v -0.16642645 0.44299859 0.00988557
v -0.16526228 0.44176963 0.01238557
v -0.16640832 0.44299859 0.01238557
v -0.16526228 0.44154627 0.01488557
v -0.16526228 0.44299859 0.01372508
v -0.16526228 0.44299859 0.01607811
v -0.16638236 0.44299859 0.01738557
v -0.16526228 0.44187729 0.01738557
v -0.16562443 0.44299859 0.01988557
v -0.16526228 0.44260574 0.01988557
v -0.16526228 0.44299859 0.02073717
v -0.16604362 0.44299859 0.02488557
v -0.16526228 0.44131979 0.02488557
v -0.16526228 0.44299859 0.02340986
v -0.16614782 0.44299859 0.02738557
v -0.16526228 0.44209286 0.02738557
v -0.16541936 0.44299859 0.02988557
v -0.16526228 0.44279877 0.02988557
v -0.16574736 0.44299859 0.03238557
v -0.16526228 0.44299859 0.03343470
v -0.16526228 0.44549859 -0.00863511
v -0.16615711 0.44549859 -0.00511443
v -0.16679565 0.44549859 -0.00261443
v -0.16526228 0.44549859 -0.00334918
v -0.16526228 0.44510679 -0.00261443
v -0.16526228 0.44359475 -0.00011443
v -0.16526228 0.44549859 -0.00218950
v -0.16682087 0.44494045 -0.00146337
v -0.16744841 0.44549859 -0.00011443
v -0.16633301 0.44549859 0.00238557
v -0.16657012 0.44549859 0.00488557
v -0.16656487 0.44549859 0.00738557
v -0.16647333 0.44549859 0.00988557
v -0.16642477 0.44549859 0.01238557
v -0.16526228 0.44416433 0.01488557
v -0.16640355 0.44549859 0.01488557
v -0.16659433 0.44549859 0.01738557
v -0.16558978 0.44549859 0.01988557
v -0.16526228 0.44387555 0.02238557
v -0.16670490 0.44549859 0.02238557
v -0.16571630 0.44549859 0.02488557
v -0.16570097 0.44549859 0.02738557
v -0.16547272 0.44549859 0.02988557
v -0.16549878 0.44549859 0.03238557
v -0.16526228 0.44549859 0.03285367
v -0.16632786 0.44549859 0.03988557
v -0.16526228 0.44437980 0.03988557
v -0.16526228 0.44549859 0.03853906
v -0.16599696 0.44549859 0.04238557
v -0.16526228 0.44475511 0.04238557
v -0.16526228 0.44549859 0.04361183
v -0.16526228 0.44799859 -0.00869765
v -0.16526228 0.44579750 -0.00261443
v -0.16655474 0.44799859 0.00488557
v -0.16661256 0.44799859 0.00738557
v -0.16691350 0.44799859 0.01238557
v -0.16640660 0.44799859 0.01488557
v -0.16571308 0.44799859 0.01988557
v -0.16560374 0.44799859 0.02488557
v -0.16555476 0.44799859 0.02738557
v -0.16568509 0.44799859 0.02988557
v -0.16542000 0.44799859 0.03238557
v -0.16526228 0.44792185 0.03488557
v -0.16529736 0.44799859 0.03488557
v -0.16530644 0.44799859 0.03738557
v -0.16526228 0.44793313 0.03738557
v -0.16547123 0.44799859 0.03988557
v -0.16526228 0.44799859 0.04101472
v -0.16526228 0.44749378 0.04238557
v -0.16526228 0.45049859 -0.00869627
v -0.16647906 0.45049859 0.01738557
v -0.16599218 0.45049859 0.01988557
v -0.16625770 0.45049859 0.02238557
v -0.16561254 0.45049859 0.02738557
v -0.16549773 0.45049859 0.02988557
v -0.16539675 0.45049859 0.03238557
v -0.16543353 0.45049859 0.03738557
v -0.16539591 0.45049859 0.03988557
v -0.16526228 0.44917126 0.04238557
v -0.16553933 0.45049859 0.04238557
v -0.16604191 0.45049859 0.04488557
v -0.16526228 0.44916601 0.04488557
v -0.16526228 0.45049859 0.04606981
v -0.16526228 0.45299859 -0.00883878
v -0.16659665 0.45299859 0.01488557
v -0.16661705 0.45299859 0.01738557
v -0.16611329 0.45299859 0.01988557
v -0.16586780 0.45299859 0.02988557
v -0.16546464 0.45299859 0.03738557
v -0.16536458 0.45299859 0.03988557
v -0.16633557 0.45299859 0.04238557
v -0.16526228 0.45299859 0.04388229
v -0.16526228 0.45172475 0.04488557
v -0.16526228 0.45549859 -0.00884256
v -0.16660423 0.45549859 0.03738557
v -0.16762082 0.45549859 0.03988557
v -0.16526228 0.45494580 0.04488557
v -0.16578600 0.45549859 0.04738557
v -0.16526228 0.45492136 0.04738557
v -0.16526228 0.45549859 0.04790837
v -0.16526228 0.45799859 -0.00884361
v -0.16753713 0.45799859 0.04238557
v -0.16711356 0.45799859 0.04488557
v -0.16642046 0.45799859 0.04738557
v -0.16526228 0.45799859 0.04855116
v -0.16526228 0.46049859 -0.00883940
v -0.16697163 0.46049859 0.04738557
v -0.16526228 0.46032316 0.04988557
v -0.16544809 0.46049859 0.04988557
v -0.16526228 0.46049859 0.05015166
v -0.16526228 0.46299859 -0.00885104
v -0.16679221 0.46299859 0.04488557
v -0.16731449 0.46299859 0.04738557
v -0.16586600 0.46299859 0.04988557
v -0.16526228 0.46299859 0.05142629
v -0.16526228 0.46549859 -0.00885445
v -0.16668875 0.46549859 0.04488557
v -0.16750544 0.46549859 0.04738557
v -0.16564048 0.46549859 0.04988557
v -0.16526228 0.46549859 0.05053400
v -0.16526228 0.46799859 -0.00884914
v -0.16646103 0.46799859 0.04488557
v -0.16634485 0.46799859 0.04738557
v -0.16571010 0.46799859 0.04988557
v -0.16526228 0.46799859 0.05047152
v -0.16526228 0.47049859 -0.00883601
v -0.16730680 0.47049859 0.03988557
v -0.16731748 0.47049859 0.04238557
v -0.16682114 0.47049859 0.04488557
v -0.16572336 0.47049859 0.04738557
v -0.16526228 0.47049859 0.04982264
v -0.16526228 0.47047243 0.04988557
v -0.16526228 0.47299859 -0.00874363
v -0.16608947 0.47299859 0.01738557
v -0.16526228 0.47299859 0.01836725
v -0.16526228 0.47262597 0.01988557
v -0.16553483 0.47299859 0.02238557
v -0.16526228 0.47299859 0.02177808
v -0.16531459 0.47299859 0.02488557
v -0.16526228 0.47299859 0.02521132
v -0.16526228 0.47276738 0.02738557
v -0.16533897 0.47299859 0.02988557
v -0.16526228 0.47299859 0.02929786
v -0.16526228 0.47299859 0.03099401
v -0.16526228 0.47289428 0.03238557
v -0.16526228 0.47234833 0.03488557
v -0.16526228 0.47243038 0.03738557
v -0.16578411 0.47299859 0.03988557
v -0.16526228 0.47299859 0.03884420
v -0.16526228 0.47299859 0.04116586
v -0.16526228 0.47241777 0.04238557
v -0.16526228 0.47297508 0.04488557
v -0.16526228 0.47108639 0.04738557
v -0.16526228 0.47549859 -0.00874339
v -0.16526228 0.47549859 0.01449966
v -0.16526228 0.47513868 0.01488557
v -0.16526228 0.47350686 0.01738557
v -0.16526228 0.47329681 0.02238557
v -0.16526228 0.47304060 0.02488557
v -0.16526228 0.47312078 0.02988557
v -0.16526228 0.47352413 0.03988557
v -0.16526228 0.47799859 -0.00872235
v -0.16526228 0.47799859 0.00949913
v -0.16526228 0.47762254 0.00988557
v -0.16526228 0.47761269 0.01238557
v -0.16526228 0.48049859 -0.00855587
v -0.16526228 0.48049859 0.00699913
v -0.16526228 0.48011216 0.00738557
v -0.16526228 0.48299859 -0.00856208
v -0.16526228 0.48299859 0.00200052
v -0.16526228 0.48261347 0.00238557
v -0.16526228 0.48261216 0.00488557
v -0.16526228 0.48549859 -0.00870178
v -0.16526228 0.48549859 -0.00081375
v -0.16526228 0.48478466 -0.00011443
v -0.16526228 0.48799859 -0.00865703
v -0.16698867 0.48799859 -0.00511443
v -0.16526228 0.48799859 -0.00471516
v -0.16526228 0.48708401 -0.00261443
v -0.16526228 0.49049859 -0.00783667
v -0.16526228 0.49049859 -0.00670630
v -0.16526228 0.48875408 -0.00511443
v -0.16526228 0.49299859 -0.00804190
v -0.16526228 0.49299859 -0.00610458
v -0.16526228 0.49549859 -0.00795443
v -0.16526228 0.49549859 -0.00658533
v -0.16637608 0.49799859 -0.00761443
v -0.16526228 0.49799859 -0.00766555
v -0.16526228 0.49799859 -0.00742646
v -0.16526228 0.50049859 -0.00794082
v -0.16526228 0.50049859 -0.00628315
v -0.16526228 0.50299859 -0.00788345
v -0.16526228 0.50299859 -0.00665799
v -0.16526228 0.50549859 -0.00781908
v -0.16526228 0.50549859 -0.00679193
v -0.16526228 0.50799859 -0.00801754
v -0.16526228 0.50799859 -0.00638540
v -0.16526228 0.51049859 -0.00787632
v -0.16526228 0.51049859 -0.00681202
v -0.16526228 0.51299859 -0.00766469
v -0.16526228 0.51299859 -0.00743308
v -0.16526228 0.51549859 -0.00772998
v -0.16526228 0.51549859 -0.00722515
v -0.16526228 0.51650810 -0.00761443
v -0.16349593 0.42049859 -0.00761443
v -0.16276228 0.41932600 -0.00761443
v -0.16276228 0.42049859 -0.00764291
v -0.16276228 0.42049859 -0.00753289
v -0.16276228 0.42079127 -0.00761443
v -0.16391950 0.43049859 0.02238557
v -0.16276228 0.42951334 0.02238557
v -0.16276228 0.43049859 0.02118024
v -0.16276228 0.43049859 0.02355130
v -0.16276228 0.43238149 -0.00761443
v -0.16276228 0.43299859 -0.00771956
v -0.16276228 0.43299859 -0.00733620
v -0.16349338 0.43299859 0.01488557
v -0.16276228 0.43108993 0.01488557
v -0.16276228 0.43299859 0.01392675
v -0.16297217 0.43299859 0.01738557
v -0.16276228 0.43281609 0.01738557
v -0.16374433 0.43299859 0.01988557
v -0.16276228 0.43197286 0.01988557
v -0.16323378 0.43299859 0.02238557
v -0.16276228 0.43299859 0.02275636
v -0.16276228 0.43361412 -0.00761443
v -0.16276228 0.43492578 -0.00511443
v -0.16276228 0.43549859 -0.00620617
v -0.16338198 0.43549859 -0.00511443
v -0.16276228 0.43549859 -0.00456022
v -0.16344809 0.43549859 0.00988557
v -0.16276228 0.43432991 0.00988557
v -0.16276228 0.43549859 0.00884315
v -0.16276228 0.43549859 0.01140426
v -0.16276228 0.43549859 0.01428540
v -0.16299855 0.43549859 0.01488557
v -0.16311558 0.43549859 0.01738557
v -0.16366265 0.43549859 0.01988557
v -0.16363115 0.43549859 0.02238557
v -0.16276228 0.43440211 0.02488557
v -0.16386231 0.43549859 0.02488557
v -0.16276228 0.43549859 0.02613373
v -0.16294066 0.43549859 0.03738557
v -0.16276228 0.43524892 0.03738557
v -0.16276228 0.43549859 0.03682737
v -0.16276228 0.43549859 0.03779180
v -0.16276228 0.43597131 -0.00761443
v -0.16276228 0.43799859 -0.00852849
v -0.16440136 0.43799859 -0.00511443
v -0.16276228 0.43682267 -0.00261443
v -0.16384382 0.43799859 -0.00261443
v -0.16314767 0.43799859 -0.00011443
v -0.16276228 0.43799859 -0.00035862
v -0.16378137 0.43799859 0.00238557
v -0.16390248 0.43799859 0.00488557
v -0.16276228 0.43725361 0.00738557
v -0.16276228 0.43799859 0.00639708
v -0.16358507 0.43799859 0.00738557
v -0.16312772 0.43799859 0.01238557
v -0.16276228 0.43715147 0.01238557
v -0.16361164 0.43799859 0.01488557
v -0.16377757 0.43799859 0.01738557
v -0.16390271 0.43799859 0.01988557
v -0.16388482 0.43799859 0.02238557
v -0.16374166 0.43799859 0.02488557
v -0.16276228 0.43699321 0.02738557
v -0.16363842 0.43799859 0.02738557
v -0.16358221 0.43799859 0.02988557
v -0.16276228 0.43709809 0.02988557
v -0.16341768 0.43799859 0.03238557
v -0.16276228 0.43606728 0.03238557
v -0.16400705 0.43799859 0.03488557
v -0.16276228 0.43639521 0.03488557
v -0.16276228 0.43799859 0.03712419
v -0.16276228 0.43694675 0.03738557
v -0.16276228 0.44049859 -0.00868466
v -0.16454303 0.44049859 -0.00261443
v -0.16276228 0.44049859 -0.00054923
v -0.16413209 0.44049859 0.00238557
v -0.16323330 0.44049859 0.00488557
v -0.16276228 0.43994222 0.00488557
v -0.16276228 0.44049859 0.00445498
v -0.16399453 0.44049859 0.01238557
v -0.16393064 0.44049859 0.01738557
v -0.16396436 0.44049859 0.01988557
v -0.16389901 0.44049859 0.02238557
v -0.16469009 0.44049859 0.02488557
v -0.16387640 0.44049859 0.02738557
v -0.16308436 0.44049859 0.02988557
v -0.16432197 0.44049859 0.03238557
v -0.16276228 0.44049859 0.03048546
v -0.16276228 0.43924492 0.03238557
v -0.16323771 0.44049859 0.03488557
v -0.16276228 0.44049859 0.03391870
v -0.16276228 0.43900959 0.03738557
v -0.16296129 0.44049859 0.03738557
v -0.16283130 0.44049859 0.03988557
v -0.16276228 0.44028599 0.03988557
v -0.16276228 0.44049859 0.04010242
v -0.16298363 0.44049859 0.04488557
v -0.16276228 0.44001516 0.04488557
v -0.16276228 0.44049859 0.04420811
v -0.16341885 0.44049859 0.04738557
v -0.16276228 0.43853614 0.04738557
v -0.16276228 0.44049859 0.04818634
v -0.16276228 0.44299859 -0.00870192
v -0.16478508 0.44299859 -0.00011443
v -0.16276228 0.44065791 -0.00011443
v -0.16276228 0.44149409 0.00238557
v -0.16413476 0.44299859 0.01488557
v -0.16455971 0.44299859 0.02238557
v -0.16276228 0.44208405 0.03238557
v -0.16320443 0.44299859 0.03488557
v -0.16335406 0.44299859 0.03738557
v -0.16293620 0.44299859 0.03988557
v -0.16276228 0.44231266 0.04238557
v -0.16299678 0.44299859 0.04238557
v -0.16280407 0.44299859 0.04488557
v -0.16276228 0.44299859 0.04498783
v -0.16276228 0.44169608 0.04738557
v -0.16276228 0.44549859 -0.00873695
v -0.16496070 0.44549859 -0.00261443
v -0.16305330 0.44549859 0.03488557
v -0.16333885 0.44549859 0.03738557
v -0.16280048 0.44549859 0.04488557
v -0.16276228 0.44549859 0.04495163
v -0.16276228 0.44799859 -0.00875656
v -0.16429520 0.44799859 0.04238557
v -0.16276228 0.44799859 0.04337259
v -0.16276228 0.44556248 0.04488557
v -0.16525855 0.44799859 0.04988557
v -0.16276228 0.44710983 0.04988557
v -0.16276228 0.44799859 0.04804524
v -0.16276228 0.44799859 0.05107349
v -0.16276228 0.45049859 -0.00878142
v -0.16276228 0.44977225 0.04488557
v -0.16276228 0.45049859 0.04636921
v -0.16276228 0.44922304 0.04988557
v -0.16276228 0.45299859 -0.00884777
v -0.16383603 0.45299859 0.04488557
v -0.16276228 0.45299859 0.04737067
v -0.16276228 0.45549859 -0.00885425
v -0.16276228 0.45307879 0.04738557
v -0.16276228 0.45549859 0.04906934
v -0.16276228 0.45799859 -0.00885512
v -0.16276228 0.45578235 0.04988557
v -0.16426671 0.45799859 0.04988557
v -0.16276228 0.45799859 0.05105856
v -0.16276228 0.46049859 -0.00885547
v -0.16276228 0.46049859 0.05114793
v -0.16276228 0.46299859 -0.00885551
v -0.16318148 0.46299859 0.04988557
v -0.16276228 0.46299859 0.04980086
v -0.16276228 0.46280426 0.04988557
v -0.16276228 0.46549859 -0.00885540
v -0.16276228 0.46338869 0.04988557
v -0.16276228 0.46549859 0.05091278
v -0.16276228 0.46799859 -0.00885540
v -0.16276228 0.46799859 0.05066258
v -0.16276228 0.47049859 -0.00885323
v -0.16520315 0.47049859 0.04988557
v -0.16276228 0.47049859 0.05092655
v -0.16276228 0.47299859 -0.00879830
v -0.16453190 0.47299859 0.01988557
v -0.16482828 0.47299859 0.02738557
v -0.16503101 0.47299859 0.03238557
v -0.16278700 0.47299859 0.03488557
v -0.16406158 0.47299859 0.03738557
v -0.16435689 0.47299859 0.04238557
v -0.16519943 0.47299859 0.04488557
v -0.16306595 0.47299859 0.04738557
v -0.16276228 0.47299859 0.04795113
v -0.16276228 0.47152177 0.04988557
v -0.16276228 0.47549859 -0.00874983
v -0.16334706 0.47549859 0.01488557
v -0.16276228 0.47549859 0.01554312
v -0.16276228 0.47511020 0.01738557
v -0.16276228 0.47439298 0.01988557
v -0.16276228 0.47447410 0.02238557
v -0.16276228 0.47495857 0.02488557
v -0.16276228 0.47419736 0.02738557
v -0.16276228 0.47453823 0.02988557
v -0.16276228 0.47438999 0.03238557
v -0.16276228 0.47301690 0.03488557
v -0.16276228 0.47396806 0.03738557
v -0.16276228 0.47368057 0.03988557
v -0.16276228 0.47391278 0.04238557
v -0.16276228 0.47347745 0.04488557
v -0.16276228 0.47310340 0.04738557
v -0.16276228 0.47799859 -0.00873234
v -0.16276228 0.47799859 0.00949913
v -0.16276228 0.47763686 0.00988557
v -0.16276228 0.47755743 0.01238557
v -0.16276228 0.47572397 0.01488557
v -0.16276228 0.48049859 -0.00871955
v -0.16276228 0.48049859 0.00699913
v -0.16276228 0.48011216 0.00738557
v -0.16276228 0.48299859 -0.00856695
v -0.16276228 0.48299859 0.00188991
v -0.16276228 0.48261280 0.00238557
v -0.16276228 0.48247896 0.00488557
v -0.16276228 0.48549859 -0.00868052
v -0.16276228 0.48549859 -0.00030613
v -0.16276228 0.48524121 -0.00011443
v -0.16276228 0.48799859 -0.00866157
v -0.16276228 0.48799859 -0.00463883
v -0.16276228 0.48724602 -0.00261443
v -0.16276228 0.49049859 -0.00800979
v -0.16276228 0.49049859 -0.00560952
v -0.16276228 0.48948209 -0.00511443
v -0.16276228 0.49299859 -0.00799330
v -0.16276228 0.49299859 -0.00590845
v -0.16276228 0.49549859 -0.00809149
v -0.16276228 0.49549859 -0.00634051
v -0.16276228 0.49799859 -0.00792891
v -0.16276228 0.49799859 -0.00654675
v -0.16276228 0.50049859 -0.00798031
v -0.16276228 0.50049859 -0.00636898
v -0.16276228 0.50299859 -0.00793073
v -0.16276228 0.50299859 -0.00644641
v -0.16276228 0.50549859 -0.00782710
v -0.16276228 0.50549859 -0.00646099
v -0.16276228 0.50799859 -0.00802424
v -0.16276228 0.50799859 -0.00578730
v -0.16276228 0.51049859 -0.00799492
v -0.16276228 0.51049859 -0.00623572
v -0.16276228 0.51299859 -0.00777295
v -0.16276228 0.51299859 -0.00693764
v -0.16276228 0.51537512 -0.00761443
v -0.16293146 0.51549859 -0.00761443
v -0.16098505 0.41549859 -0.00761443
v -0.16026228 0.41517592 -0.00761443
v -0.16026228 0.41549859 -0.00763792
v -0.16026228 0.41549859 -0.00754164
v -0.16215685 0.41799859 -0.00761443
v -0.16026228 0.41799859 -0.00771248
v -0.16026228 0.41799859 -0.00727690
v -0.16026228 0.42049859 -0.00769474
v -0.16026228 0.42049859 -0.00733833
v -0.16026228 0.42289112 -0.00761443
v -0.16155999 0.42549859 -0.00761443
v -0.16026228 0.42304208 -0.00761443
v -0.16026228 0.42549859 -0.00780862
v -0.16026228 0.42549859 -0.00676355
v -0.16095750 0.42549859 0.02238557
v -0.16026228 0.42480419 0.02238557
v -0.16026228 0.42549859 0.02159538
v -0.16104759 0.42549859 0.02488557
v -0.16026228 0.42471172 0.02488557
v -0.16130252 0.42549859 0.02738557
v -0.16026228 0.42335197 0.02738557
v -0.16069750 0.42549859 0.02988557
v -0.16026228 0.42514694 0.02988557
v -0.16026228 0.42549859 0.03153853
v -0.16204731 0.42799859 -0.00761443
v -0.16026228 0.42799859 -0.00805336
v -0.16026228 0.42799859 -0.00672834
v -0.16052674 0.42799859 0.02238557
v -0.16026228 0.42799859 0.02195401
v -0.16090955 0.42799859 0.02488557
v -0.16053608 0.42799859 0.02738557
v -0.16026228 0.42799859 0.02787430
v -0.16026228 0.42624918 0.02988557
v -0.16235661 0.43049859 -0.00761443
v -0.16026228 0.43049859 -0.00863642
v -0.16026228 0.43049859 -0.00611585
v -0.16129326 0.43049859 -0.00011443
v -0.16026228 0.42978675 -0.00011443
v -0.16026228 0.43049859 -0.00085240
v -0.16026228 0.43049859 0.00064084
v -0.16026228 0.43049859 0.01694556
v -0.16053862 0.43049859 0.01738557
v -0.16026228 0.43015660 0.01738557
v -0.16147715 0.43049859 0.01988557
v -0.16026228 0.42915343 0.01988557
v -0.16026228 0.42845570 0.02238557
v -0.16138323 0.43049859 0.02238557
v -0.16026228 0.43049859 0.02127406
v -0.16026228 0.42895355 0.02488557
v -0.16026228 0.42974818 0.02738557
v -0.16026228 0.43049859 0.02757689
v -0.16112048 0.43049859 0.02988557
v -0.16026228 0.42910594 0.02988557
v -0.16117931 0.43049859 0.03238557
v -0.16026228 0.42829754 0.03238557
v -0.16096536 0.43049859 0.03488557
v -0.16026228 0.42979661 0.03488557
v -0.16092516 0.43049859 0.03738557
v -0.16026228 0.42983471 0.03738557
v -0.16088246 0.43049859 0.03988557
v -0.16026228 0.42975866 0.03988557
v -0.16026228 0.43049859 0.04092288
v -0.16031402 0.43049859 0.04488557
v -0.16026228 0.43039458 0.04488557
v -0.16026228 0.43049859 0.04477239
v -0.16026228 0.43049859 0.04507439
v -0.16026228 0.43299859 -0.00820554
v -0.16202826 0.43299859 -0.00511443
v -0.16026228 0.43138351 -0.00511443
v -0.16193532 0.43299859 -0.00261443
v -0.16026228 0.43204795 -0.00261443
v -0.16117937 0.43299859 -0.00011443
v -0.16026228 0.43219256 0.00238557
v -0.16105570 0.43299859 0.00238557
v -0.16026228 0.43299859 0.00451574
v -0.16026228 0.43279030 0.01488557
v -0.16026228 0.43299859 0.01466676
v -0.16026228 0.43299859 0.01802798
v -0.16026228 0.43198720 0.01988557
v -0.16146232 0.43299859 0.01988557
v -0.16168585 0.43299859 0.02238557
v -0.16026228 0.43160326 0.02488557
v -0.16026228 0.43299859 0.02313342
v -0.16113846 0.43299859 0.02488557
v -0.16137785 0.43299859 0.02738557
v -0.16026228 0.43062280 0.02738557
v -0.16118907 0.43299859 0.02988557
v -0.16107695 0.43299859 0.03238557
v -0.16117893 0.43299859 0.03488557
v -0.16113495 0.43299859 0.03738557
v -0.16026228 0.43299859 0.03853245
v -0.16026228 0.43154761 0.03988557
v -0.16026228 0.43058788 0.04488557
v -0.16234999 0.43549859 -0.00761443
v -0.16026228 0.43549859 -0.00862679
v -0.16143861 0.43549859 -0.00261443
v -0.16044147 0.43549859 -0.00011443
v -0.16105030 0.43549859 0.00238557
v -0.16026228 0.43406931 0.00488557
v -0.16079613 0.43549859 0.00488557
v -0.16059064 0.43549859 0.00738557
v -0.16026228 0.43499151 0.00738557
v -0.16026228 0.43506418 0.00988557
v -0.16085001 0.43549859 0.01238557
v -0.16026228 0.43517903 0.01238557
v -0.16026228 0.43439107 0.01988557
v -0.16026228 0.43350323 0.02238557
v -0.16143973 0.43549859 0.02738557
v -0.16131886 0.43549859 0.02988557
v -0.16216164 0.43549859 0.03238557
v -0.16198323 0.43549859 0.03488557
v -0.16026228 0.43549859 0.03884612
v -0.16026228 0.43799859 -0.00843559
v -0.16257918 0.43799859 -0.00011443
v -0.16184151 0.43799859 0.00238557
v -0.16129592 0.43799859 0.00488557
v -0.16026228 0.43785413 0.03738557
v -0.16026228 0.43799859 0.03723459
v -0.16026228 0.44049859 -0.00873080
v -0.16230864 0.44049859 -0.00011443
v -0.16092696 0.44049859 0.00238557
v -0.16188613 0.44049859 0.03238557
v -0.16026228 0.44015651 0.03738557
v -0.16026228 0.43920491 0.03988557
v -0.16026228 0.44049859 0.04052547
v -0.16026363 0.44049859 0.04488557
v -0.16026228 0.44049859 0.04488734
v -0.16026228 0.44006191 0.04738557
v -0.16026228 0.44049859 0.04757808
v -0.16026228 0.44299859 -0.00875323
v -0.16026228 0.44153491 0.04238557
v -0.16026228 0.44049901 0.04488557
v -0.16026228 0.44299859 0.04592672
v -0.16026228 0.44086089 0.04738557
v -0.16026228 0.44549859 -0.00884363
v -0.16026228 0.44518553 0.04738557
v -0.16077845 0.44549859 0.04738557
v -0.16026228 0.44549859 0.04772534
v -0.16026228 0.44799859 -0.00884797
v -0.16205089 0.44799859 0.04488557
v -0.16182673 0.44799859 0.04738557
v -0.16126236 0.44799859 0.04988557
v -0.16026228 0.44799859 0.04856909
v -0.16026228 0.45049859 -0.00884900
v -0.16031522 0.45049859 0.04738557
v -0.16026228 0.45049859 0.04740271
v -0.16026228 0.45299859 -0.00885533
v -0.16273763 0.45299859 0.04738557
v -0.16026228 0.45179425 0.04988557
v -0.16205747 0.45299859 0.04988557
v -0.16026228 0.45299859 0.05093128
v -0.16026228 0.45549859 -0.00885538
v -0.16222650 0.45549859 0.04988557
v -0.16026228 0.45549859 0.05090054
v -0.16026228 0.45799859 -0.00885537
v -0.16026228 0.45799859 0.05183720
v -0.16026228 0.46049859 -0.00885553
v -0.16026228 0.46049859 0.05096713
v -0.16026228 0.46299859 -0.00885542
v -0.16255487 0.46299859 0.04988557
v -0.16026228 0.46299859 0.05135515
v -0.16026228 0.46549859 -0.00885546
v -0.16057549 0.46549859 0.05238557
v -0.16026228 0.46518524 0.05238557
v -0.16026228 0.46549859 0.05252708
v -0.16026228 0.46799859 -0.00885530
v -0.16047700 0.46799859 0.05238557
v -0.16026228 0.46799859 0.05257305
v -0.16026228 0.47049859 -0.00885519
v -0.16026228 0.47049859 0.05113955
v -0.16026228 0.46866323 0.05238557
v -0.16026228 0.47299859 -0.00885437
v -0.16026228 0.47299859 0.04883909
v -0.16026228 0.47190021 0.04988557
v -0.16026228 0.47549859 -0.00876399
v -0.16168999 0.47549859 0.01738557
v -0.16026228 0.47549859 0.01952385
v -0.16026228 0.47542460 0.01988557
v -0.16075823 0.47549859 0.02238557
v -0.16026228 0.47549859 0.02081074
v -0.16031064 0.47549859 0.02488557
v -0.16026228 0.47549859 0.02493048
v -0.16026228 0.47507163 0.02738557
v -0.16065927 0.47549859 0.02988557
v -0.16026228 0.47549859 0.02930054
v -0.16026228 0.47549859 0.03099192
v -0.16026228 0.47529307 0.03238557
v -0.16026228 0.47511402 0.03488557
v -0.16026228 0.47458443 0.03738557
v -0.16026228 0.47429555 0.03988557
v -0.16026228 0.47357205 0.04238557
v -0.16026228 0.47459545 0.04488557
v -0.16026228 0.47379763 0.04738557
v -0.16026228 0.47799859 -0.00873440
v -0.16026228 0.47799859 0.00949913
v -0.16026228 0.47767378 0.00988557
v -0.16026228 0.47764116 0.01238557
v -0.16026228 0.47627611 0.01488557
v -0.16026228 0.47622985 0.01738557
v -0.16026228 0.47573640 0.02238557
v -0.16026228 0.47551172 0.02488557
v -0.16026228 0.47575317 0.02988557
v -0.16026228 0.48049859 -0.00872083
v -0.16026228 0.48049859 0.00699913
v -0.16026228 0.48011216 0.00738557
v -0.16026228 0.48299859 -0.00872072
v -0.16026228 0.48299859 0.00117399
v -0.16026228 0.48197402 0.00238557
v -0.16026228 0.48247896 0.00488557
v -0.16026228 0.48549859 -0.00871864
v -0.16026228 0.48549859 -0.00047873
v -0.16026228 0.48501879 -0.00011443
v -0.16026228 0.48799859 -0.00866793
v -0.16026228 0.48799859 -0.00499040
v -0.16026228 0.48736925 -0.00261443
v -0.16026228 0.49049859 -0.00789747
v -0.16026228 0.49049859 -0.00604009
v -0.16026228 0.48833938 -0.00511443
v -0.16026228 0.49299859 -0.00802137
v -0.16026228 0.49299859 -0.00556508
v -0.16026228 0.49549859 -0.00793063
v -0.16026228 0.49549859 -0.00662807
v -0.16026228 0.49799859 -0.00799103
v -0.16026228 0.49799859 -0.00635320
v -0.16026228 0.50049859 -0.00801132
v -0.16026228 0.50049859 -0.00600445
v -0.16026228 0.50299859 -0.00792095
v -0.16026228 0.50299859 -0.00642157
v -0.16026228 0.50549859 -0.00807572
v -0.16026228 0.50549859 -0.00607281
v -0.16026228 0.50799859 -0.00798459
v -0.16026228 0.50799859 -0.00612851
v -0.16026228 0.51049859 -0.00785944
v -0.16026228 0.51049859 -0.00672475
v -0.16026228 0.51299859 -0.00767133
v -0.16026228 0.51299859 -0.00733301
v -0.16026228 0.51377742 -0.00761443
v -0.15924091 0.41549859 -0.00761443
v -0.15776228 0.41586442 -0.00761443
v -0.15776228 0.41799859 -0.00779979
v -0.15776228 0.41799859 -0.00690405
v -0.15776228 0.42049859 -0.00786581
v -0.15776228 0.42049859 -0.00691378
v -0.15776228 0.42291585 -0.00761443
v -0.15852071 0.42299859 0.00488557
v -0.15776228 0.42225135 0.00488557
v -0.15776228 0.42299859 0.00309185
v -0.15776228 0.42299859 0.00563368
v -0.15895948 0.42299859 0.03238557
v -0.15776228 0.42135662 0.03238557
v -0.15776228 0.42299859 0.03098344
v -0.15776228 0.42299859 0.03400444
v -0.15824771 0.42299859 0.04238557
v -0.15776228 0.42179111 0.04238557
v -0.15776228 0.42299859 0.04179919
v -0.15832466 0.42299859 0.04488557
v -0.15776228 0.42203874 0.04488557
v -0.15801860 0.42299859 0.04738557
v -0.15776228 0.42274592 0.04738557
v -0.15812306 0.42299859 0.04988557
v -0.15776228 0.42264667 0.04988557
v -0.15776228 0.42299859 0.05058223
v -0.15776228 0.42307398 -0.00761443
v -0.15776228 0.42549859 -0.00788842
v -0.15776228 0.42549859 -0.00674887
v -0.15884859 0.42549859 -0.00261443
v -0.15776228 0.42460632 -0.00261443
v -0.15776228 0.42549859 -0.00402175
v -0.15862375 0.42549859 -0.00011443
v -0.15776228 0.42456005 -0.00011443
v -0.15776228 0.42549859 0.00139999
v -0.15776228 0.42444413 0.00488557
v -0.15776228 0.42549859 0.00620212
v -0.15830564 0.42549859 0.00738557
v -0.15776228 0.42495170 0.00738557
v -0.15869096 0.42549859 0.00988557
v -0.15776228 0.42459644 0.00988557
v -0.15776228 0.42549859 0.01115251
v -0.15848268 0.42549859 0.01738557
v -0.15776228 0.42478567 0.01738557
v -0.15776228 0.42549859 0.01618844
v -0.15776228 0.42549859 0.01847503
v -0.15922685 0.42549859 0.02238557
v -0.15912898 0.42549859 0.02488557
v -0.15883543 0.42549859 0.02738557
v -0.15930386 0.42549859 0.02988557
v -0.15776228 0.42482086 0.03238557
v -0.15828825 0.42549859 0.03738557
v -0.15776228 0.42483583 0.03738557
v -0.15776228 0.42549859 0.03662184
v -0.15840344 0.42549859 0.03988557
v -0.15776228 0.42472260 0.03988557
v -0.15834222 0.42549859 0.04238557
v -0.15831792 0.42549859 0.04488557
v -0.15796766 0.42549859 0.04738557
v -0.15801666 0.42549859 0.04988557
v -0.15776228 0.42549859 0.05026808
v -0.15776228 0.42799859 -0.00807487
v -0.15776228 0.42782665 -0.00511443
v -0.15786822 0.42799859 -0.00511443
v -0.15909314 0.42799859 -0.00261443
v -0.15776228 0.42799859 -0.00085592
v -0.15776228 0.42715487 -0.00011443
v -0.15776228 0.42799859 0.00106891
v -0.15832991 0.42799859 0.00238557
v -0.15776228 0.42683482 0.00238557
v -0.15776228 0.42799859 0.00344673
v -0.15776228 0.42665688 0.00738557
v -0.15776228 0.42672966 0.00988557
v -0.15776228 0.42661469 0.01738557
v -0.15776228 0.42718211 0.02238557
v -0.15776228 0.42799859 0.02152214
v -0.15919851 0.42799859 0.02488557
v -0.15776228 0.42799859 0.02347275
v -0.15849462 0.42799859 0.02738557
v -0.15851804 0.42799859 0.03488557
v -0.15776228 0.42696574 0.03488557
v -0.15776228 0.42799859 0.03274496
v -0.15810561 0.42799859 0.03738557
v -0.15848829 0.42799859 0.03988557
v -0.15776228 0.42799859 0.04170477
v -0.15776228 0.42728645 0.04238557
v -0.15776228 0.42676627 0.04488557
v -0.15776228 0.42799859 0.04631783
v -0.15816666 0.42799859 0.04738557
v -0.15843772 0.42799859 0.04988557
v -0.15776228 0.42799859 0.05063164
v -0.15776228 0.43049859 -0.00808385
v -0.15905791 0.43049859 -0.00511443
v -0.15845518 0.43049859 -0.00261443
v -0.15848345 0.43049859 -0.00011443
v -0.15776228 0.43049859 -0.00088173
v -0.15776228 0.42952555 0.00238557
v -0.15835616 0.43049859 0.01738557
v -0.15776228 0.43049859 0.01759841
v -0.15776228 0.42941349 0.01988557
v -0.15876413 0.43049859 0.02238557
v -0.15776228 0.42950680 0.02488557
v -0.15864808 0.43049859 0.02488557
v -0.15906978 0.42914873 0.02695967
v -0.15983455 0.43049859 0.02738557
v -0.15776228 0.42841417 0.02738557
v -0.15776228 0.42819727 0.02988557
v -0.15776228 0.42825452 0.03238557
v -0.15776228 0.43049859 0.04125388
v -0.15776228 0.42959567 0.04488557
v -0.15776228 0.43049859 0.04399540
v -0.15788776 0.43049859 0.04738557
v -0.15776228 0.43049859 0.04742397
v -0.15776228 0.42865576 0.04988557
v -0.15776228 0.43299859 -0.00855182
v -0.15776228 0.43112691 -0.00011443
v -0.15776228 0.43148842 0.00238557
v -0.15978965 0.43299859 0.00488557
v -0.15776228 0.43097370 0.00488557
v -0.15884601 0.43299859 0.00738557
v -0.15776228 0.43119904 0.00738557
v -0.15898999 0.43299859 0.00988557
v -0.15776228 0.43117271 0.00988557
v -0.15900378 0.43299859 0.01238557
v -0.15776228 0.43112007 0.01238557
v -0.15776228 0.43150323 0.01488557
v -0.15776228 0.43069466 0.01738557
v -0.15881689 0.43299859 0.01988557
v -0.15917346 0.43299859 0.02238557
v -0.15911415 0.43299859 0.03988557
v -0.15776228 0.43188972 0.04238557
v -0.15854499 0.43299859 0.04238557
v -0.15844877 0.43299859 0.04488557
v -0.15776228 0.43299859 0.04557972
v -0.15776228 0.43055797 0.04738557
v -0.15776228 0.43549859 -0.00869645
v -0.15925842 0.43549859 0.03988557
v -0.15898727 0.43549859 0.04238557
v -0.15861189 0.43549859 0.04488557
v -0.15776228 0.43549859 0.04571036
v -0.15776228 0.43799859 -0.00827312
v -0.16015402 0.43799859 0.03738557
v -0.15976338 0.43799859 0.03988557
v -0.15946379 0.43799859 0.04238557
v -0.15852929 0.43799859 0.04488557
v -0.15776228 0.43799859 0.04623238
v -0.15776228 0.44049859 -0.00884238
v -0.15920291 0.44049859 0.04238557
v -0.16026166 0.44049859 0.04488557
v -0.15838884 0.44049859 0.04738557
v -0.15776228 0.44049859 0.04712332
v -0.15776228 0.44299859 -0.00884634
v -0.15776228 0.44084212 0.04738557
v -0.15841838 0.44299859 0.04738557
v -0.15776228 0.44299859 0.04908979
v -0.15776228 0.44549859 -0.00884721
v -0.15776228 0.44549859 0.04929424
v -0.15776228 0.44799859 -0.00884813
v -0.15776228 0.44799859 0.04893307
v -0.15776228 0.45049859 -0.00885122
v -0.15776228 0.45049859 0.04884792
v -0.15776228 0.45299859 -0.00885378
v -0.15776228 0.45211586 0.04988557
v -0.15776228 0.45299859 0.05028224
v -0.15776228 0.45549859 -0.00885523
v -0.15776228 0.45549859 0.05133775
v -0.15776228 0.45799859 -0.00885528
v -0.15776228 0.45799859 0.05183538
v -0.15776228 0.46049859 -0.00885528
v -0.15776228 0.46049859 0.05144391
v -0.15776228 0.46299859 -0.00885527
v -0.15776228 0.46299859 0.05110113
v -0.15776228 0.46549859 -0.00885527
v -0.15996049 0.46549859 0.05238557
v -0.15776228 0.46549859 0.05095593
v -0.15776228 0.46799859 -0.00885516
v -0.15867553 0.46799859 0.05238557
v -0.15776228 0.46799859 0.05200384
v -0.15776228 0.47049859 -0.00885520
v -0.15776228 0.47049859 0.05101735
v -0.15776228 0.47299859 -0.00885536
v -0.15835209 0.47299859 0.04988557
v -0.15776228 0.47299859 0.05023241
v -0.15776228 0.47549859 -0.00879300
v -0.15999030 0.47549859 0.01988557
v -0.15915897 0.47549859 0.02738557
v -0.15978016 0.47549859 0.03238557
v -0.15849313 0.47549859 0.03488557
v -0.15776228 0.47549859 0.03716911
v -0.15776228 0.47548335 0.03738557
v -0.15776228 0.47513751 0.03988557
v -0.15896943 0.47549859 0.04238557
v -0.15776228 0.47549859 0.04068687
v -0.15918819 0.47549859 0.04488557
v -0.15815528 0.47549859 0.04738557
v -0.15776228 0.47549859 0.04844237
v -0.15776228 0.47372549 0.04988557
v -0.15776228 0.47799859 -0.00874480
v -0.15776228 0.47799859 0.00954274
v -0.15776228 0.47771274 0.00988557
v -0.15825738 0.47799859 0.01238557
v -0.15776228 0.47799859 0.01183990
v -0.15779948 0.47799859 0.01488557
v -0.15776228 0.47799859 0.01495935
v -0.15776228 0.47718919 0.01738557
v -0.15776228 0.47657668 0.01988557
v -0.15776228 0.47679879 0.02238557
v -0.15776228 0.47672784 0.02488557
v -0.15776228 0.47628540 0.02738557
v -0.15776228 0.47621932 0.02988557
v -0.15776228 0.47630010 0.03238557
v -0.15776228 0.47570769 0.03488557
v -0.15776228 0.47594612 0.04238557
v -0.15776228 0.47687708 0.04488557
v -0.15776228 0.47574154 0.04738557
v -0.15776228 0.48049859 -0.00873122
v -0.15776228 0.48049859 0.00699913
v -0.15776228 0.48011780 0.00738557
v -0.15776228 0.47836562 0.01238557
v -0.15776228 0.47803825 0.01488557
v -0.15776228 0.48299859 -0.00873068
v -0.15776228 0.48299859 0.00117953
v -0.15776228 0.48197627 0.00238557
v -0.15776228 0.48247896 0.00488557
v -0.15776228 0.48549859 -0.00872032
v -0.15776228 0.48549859 -0.00115854
v -0.15776228 0.48432380 -0.00011443
v -0.15776228 0.48799859 -0.00867315
v -0.15776228 0.48799859 -0.00511096
v -0.15776228 0.48729492 -0.00261443
v -0.15776228 0.49049859 -0.00796828
v -0.15776228 0.49049859 -0.00548838
v -0.15776228 0.48802667 -0.00511443
v -0.15776228 0.49299859 -0.00802229
v -0.15776228 0.49299859 -0.00565122
v -0.15776228 0.49549859 -0.00803376
v -0.15776228 0.49549859 -0.00589099
v -0.15776228 0.49799859 -0.00786926
v -0.15776228 0.49799859 -0.00673851
v -0.15776228 0.50049859 -0.00791799
v -0.15776228 0.50049859 -0.00649970
v -0.15776228 0.50299859 -0.00789124
v -0.15776228 0.50299859 -0.00628656
v -0.15776228 0.50549859 -0.00809594
v -0.15776228 0.50549859 -0.00515226
v -0.15776228 0.50799859 -0.00812844
v -0.15776228 0.50799859 -0.00607037
v -0.15776228 0.51049859 -0.00798022
v -0.15776228 0.51049859 -0.00623679
v -0.15776228 0.51299859 -0.00771850
v -0.15776228 0.51299859 -0.00709224
v -0.15776228 0.51381650 -0.00761443
v -0.15550319 0.41549859 0.03738557
v -0.15526228 0.41525433 0.03738557
v -0.15526228 0.41549859 0.03713094
v -0.15526228 0.41549859 0.03782676
v -0.15526228 0.41682433 -0.00761443
v -0.15526228 0.41799859 -0.00771504
v -0.15526228 0.41799859 -0.00718657
v -0.15577936 0.41799859 0.01238557
v -0.15526228 0.41748664 0.01238557
v -0.15526228 0.41799859 0.01069655
v -0.15589028 0.41799859 0.01488557
v -0.15526228 0.41737548 0.01488557
v -0.15526228 0.41799859 0.01577387
v -0.15526228 0.41589773 0.03738557
v -0.15526228 0.42049859 -0.00762937
v -0.15526228 0.42049859 -0.00755652
v -0.15611312 0.42049859 0.00988557
v -0.15526228 0.41848713 0.00988557
v -0.15526228 0.42049859 0.00844406
v -0.15545978 0.42049859 0.01238557
v -0.15526228 0.42049859 0.01287358
v -0.15526228 0.41921945 0.01488557
v -0.15526228 0.42049859 0.01578850
v -0.15623663 0.42049859 0.01738557
v -0.15526228 0.41923535 0.01738557
v -0.15526228 0.42049859 0.01896492
v -0.15763598 0.42299859 -0.00761443
v -0.15526228 0.42299859 -0.00778217
v -0.15526228 0.42299859 -0.00726091
v -0.15526228 0.42095267 0.00488557
v -0.15526228 0.42299859 0.00331630
v -0.15571864 0.42299859 0.00738557
v -0.15526228 0.42207527 0.00738557
v -0.15538851 0.42299859 0.00988557
v -0.15526228 0.42299859 0.01110464
v -0.15526228 0.42204869 0.01238557
v -0.15526228 0.42184165 0.01738557
v -0.15526228 0.42299859 0.02940455
v -0.15567626 0.42299859 0.02988557
v -0.15526228 0.42254594 0.02988557
v -0.15526228 0.42294116 0.03238557
v -0.15526228 0.42299859 0.03244053
v -0.15526228 0.42234068 0.04238557
v -0.15526228 0.42299859 0.04164538
v -0.15675134 0.42299859 0.04488557
v -0.15526228 0.42299859 0.04340204
v -0.15691112 0.42299859 0.04738557
v -0.15718424 0.42299859 0.04988557
v -0.15526228 0.42549859 -0.00802401
v -0.15679348 0.42549859 -0.00511443
v -0.15526228 0.42435637 -0.00511443
v -0.15526228 0.42544055 -0.00261443
v -0.15584505 0.42549859 -0.00011443
v -0.15526228 0.42549859 -0.00247859
v -0.15526228 0.42549859 0.00057328
v -0.15526228 0.42379836 0.00238557
v -0.15664161 0.42549859 0.00238557
v -0.15672689 0.42549859 0.00488557
v -0.15526228 0.42549859 0.01209181
v -0.15651737 0.42549859 0.01488557
v -0.15526228 0.42403126 0.01488557
v -0.15526228 0.42549859 0.01263011
v -0.15526228 0.42470594 0.01738557
v -0.15561906 0.42549859 0.01988557
v -0.15526228 0.42514438 0.01988557
v -0.15526228 0.42549859 0.02077608
v -0.15526228 0.42423024 0.02988557
v -0.15526228 0.42309129 0.03238557
v -0.15526228 0.42444897 0.03738557
v -0.15526228 0.42549859 0.03617903
v -0.15526228 0.42455874 0.03988557
v -0.15526228 0.42444309 0.04488557
v -0.15736930 0.42549859 0.04738557
v -0.15526228 0.42549859 0.04582301
v -0.15700143 0.42549859 0.04988557
v -0.15526228 0.42687240 -0.00761443
v -0.15630154 0.42799859 -0.00761443
v -0.15526228 0.42799859 -0.00708042
v -0.15692441 0.42799859 -0.00011443
v -0.15526228 0.42607668 -0.00011443
v -0.15654487 0.42799859 0.00488557
v -0.15659050 0.42799859 0.00738557
v -0.15650983 0.42799859 0.00988557
v -0.15526228 0.42568799 0.01238557
v -0.15660243 0.42799859 0.01238557
v -0.15646154 0.42799859 0.01488557
v -0.15608058 0.42799859 0.01738557
v -0.15526228 0.42799859 0.01976577
v -0.15526228 0.42768985 0.01988557
v -0.15661222 0.42799859 0.02238557
v -0.15526228 0.42754009 0.02488557
v -0.15526228 0.42799859 0.02426764
v -0.15583410 0.42799859 0.02488557
v -0.15526228 0.42799859 0.02718306
v -0.15622495 0.42799859 0.02988557
v -0.15526228 0.42753401 0.02988557
v -0.15526228 0.42799859 0.02802709
v -0.15734577 0.42799859 0.03238557
v -0.15526228 0.42665319 0.03238557
v -0.15526228 0.42660442 0.03488557
v -0.15714894 0.42799859 0.04238557
v -0.15526228 0.42799859 0.04420951
v -0.15526228 0.42721936 0.04488557
v -0.15625849 0.42799859 0.04738557
v -0.15678751 0.42799859 0.04988557
v -0.15526228 0.42841939 -0.00761443
v -0.15526228 0.43049859 -0.00872061
v -0.15726363 0.43049859 -0.00011443
v -0.15724620 0.43049859 0.00238557
v -0.15752861 0.43049859 0.00488557
v -0.15744103 0.43049859 0.00738557
v -0.15690227 0.43049859 0.00988557
v -0.15719602 0.43049859 0.01238557
v -0.15668804 0.43049859 0.01488557
v -0.15744581 0.43049859 0.01738557
v -0.15565179 0.43049859 0.01988557
v -0.15526228 0.43049859 0.01932742
v -0.15526228 0.43049859 0.02020224
v -0.15526228 0.42896915 0.02238557
v -0.15526228 0.42802760 0.02738557
v -0.15689336 0.43049859 0.04238557
v -0.15526228 0.42888626 0.04488557
v -0.15752097 0.43049859 0.04738557
v -0.15526228 0.43049859 0.04651262
v -0.15526228 0.43299859 -0.00875201
v -0.15526228 0.43075864 0.01988557
v -0.15526228 0.43299859 0.04635600
v -0.15526228 0.43549859 -0.00876744
v -0.15526228 0.43549859 0.04676991
v -0.15526228 0.43799859 -0.00879091
v -0.15526228 0.43734904 0.04738557
v -0.15553523 0.43799859 0.04738557
v -0.15526228 0.43799859 0.04756632
v -0.15526228 0.44049859 -0.00884865
v -0.15729592 0.44049859 0.04738557
v -0.15526228 0.44049859 0.04835373
v -0.15526228 0.44299859 -0.00884766
v -0.15526228 0.44299859 0.04944335
v -0.15526228 0.44549859 -0.00882130
v -0.15526228 0.44549859 0.04936862
v -0.15526228 0.44799859 -0.00885036
v -0.15526228 0.44799859 0.04884125
v -0.15526228 0.45049859 -0.00885390
v -0.15526228 0.45025046 0.04988557
v -0.15558375 0.45049859 0.04988557
v -0.15526228 0.45049859 0.05001971
v -0.15526228 0.45299859 -0.00885509
v -0.15526228 0.45299859 0.05056312
v -0.15526228 0.45549859 -0.00885509
v -0.15526228 0.45549859 0.05198354
v -0.15526228 0.45799859 -0.00885508
v -0.15526228 0.45799859 0.05180791
v -0.15526228 0.46049859 -0.00885513
v -0.15526228 0.46049859 0.05194847
v -0.15526228 0.46299859 -0.00885512
v -0.15526228 0.46299859 0.05118074
v -0.15526228 0.46549859 -0.00885496
v -0.15526228 0.46549859 0.05124303
v -0.15526228 0.46799859 -0.00885496
v -0.15526228 0.46799859 0.05194676
v -0.15526228 0.47049859 -0.00885031
v -0.15526228 0.47049859 0.05162960
v -0.15526228 0.47299859 -0.00885045
v -0.15526228 0.47299859 0.05084616
v -0.15526228 0.47549859 -0.00880549
v -0.15773088 0.47549859 0.03738557
v -0.15629352 0.47549859 0.03988557
v -0.15526228 0.47549859 0.04873223
v -0.15526228 0.47397850 0.04988557
v -0.15526228 0.47799859 -0.00875430
v -0.15680155 0.47799859 0.00988557
v -0.15526228 0.47799859 0.01576620
v -0.15526228 0.47777145 0.01738557
v -0.15526228 0.47725622 0.01988557
v -0.15526228 0.47756425 0.02238557
v -0.15526228 0.47770173 0.02488557
v -0.15526228 0.47735540 0.02738557
v -0.15526228 0.47723656 0.02988557
v -0.15526228 0.47722771 0.03238557
v -0.15526228 0.47714177 0.03488557
v -0.15526228 0.47644304 0.03738557
v -0.15526228 0.47578885 0.03988557
v -0.15526228 0.47647390 0.04238557
v -0.15526228 0.47722490 0.04488557
v -0.15526228 0.47675221 0.04738557
v -0.15526228 0.48049859 -0.00874109
v -0.15526228 0.48049859 0.00552444
v -0.15526228 0.48014691 0.00738557
v -0.15526228 0.47957751 0.00988557
v -0.15526228 0.47942764 0.01238557
v -0.15526228 0.47833107 0.01488557
v -0.15526228 0.48299859 -0.00873642
v -0.15526228 0.48299859 0.00137186
v -0.15526228 0.48197566 0.00238557
v -0.15526228 0.48070582 0.00488557
v -0.15526228 0.48549859 -0.00872335
v -0.15526228 0.48549859 -0.00105521
v -0.15526228 0.48451114 -0.00011443
v -0.15526228 0.48799859 -0.00867758
v -0.15526228 0.48799859 -0.00493815
v -0.15526228 0.48741456 -0.00261443
v -0.15526228 0.49049859 -0.00797182
v -0.15526228 0.49049859 -0.00512757
v -0.15526228 0.49037338 -0.00511443
v -0.15526228 0.49299859 -0.00794699
v -0.15526228 0.49299859 -0.00588516
v -0.15526228 0.49549859 -0.00810731
v -0.15526228 0.49549859 -0.00562032
v -0.15526228 0.49799859 -0.00814764
v -0.15526228 0.49799859 -0.00602976
v -0.15526228 0.50049859 -0.00780223
v -0.15526228 0.50049859 -0.00682680
v -0.15526228 0.50299859 -0.00788163
v -0.15526228 0.50299859 -0.00652946
v -0.15526228 0.50549859 -0.00796826
v -0.15526228 0.50549859 -0.00619453
v -0.15526228 0.50799859 -0.00780990
v -0.15526228 0.50799859 -0.00656274
v -0.15526228 0.51049859 -0.00795241
v -0.15526228 0.51049859 -0.00631527
v -0.15526228 0.51299859 -0.00770729
v -0.15526228 0.51299859 -0.00726016
v -0.15526228 0.51340075 -0.00761443
v -0.15681553 0.51799859 -0.00761443
v -0.15526228 0.51645927 -0.00761443
v -0.15526228 0.51799859 -0.00822397
v -0.15526228 0.51799859 -0.00652283
v -0.15526228 0.51860813 -0.00761443
v -0.15352906 0.41299859 -0.00761443
v -0.15276228 0.41156414 -0.00761443
v -0.15276228 0.41299859 -0.00779076
v -0.15276228 0.41299859 -0.00695774
v -0.15492984 0.41549859 -0.00761443
v -0.15276228 0.41549859 -0.00820408
v -0.15276228 0.41549859 -0.00556568
v -0.15335102 0.41549859 0.01488557
v -0.15276228 0.41491065 0.01488557
v -0.15276228 0.41549859 0.01417314
v -0.15276228 0.41549859 0.01668551
v -0.15321384 0.41549859 0.03738557
v -0.15276228 0.41543960 0.03988557
v -0.15276228 0.41549859 0.03879867
v -0.15284993 0.41549859 0.03988557
v -0.15276228 0.41549859 0.03994541
v -0.15276228 0.41799859 -0.00825424
v -0.15276228 0.41799859 -0.00542538
v -0.15321605 0.41799859 0.00488557
v -0.15276228 0.41753367 0.00488557
v -0.15276228 0.41799859 0.00440216
v -0.15276228 0.41799859 0.00545242
v -0.15449254 0.41799859 0.00988557
v -0.15276228 0.41739443 0.00988557
v -0.15276228 0.41799859 0.00918253
v -0.15276228 0.41743967 0.01238557
v -0.15337422 0.41799859 0.01738557
v -0.15276228 0.41644933 0.01738557
v -0.15300010 0.41799859 0.01988557
v -0.15276228 0.41646213 0.01988557
v -0.15276228 0.41799859 0.02062476
v -0.15341045 0.41799859 0.03238557
v -0.15276228 0.41718408 0.03238557
v -0.15276228 0.41799859 0.03156725
v -0.15288294 0.41799859 0.03488557
v -0.15276228 0.41785033 0.03488557
v -0.15276228 0.41799859 0.03518184
v -0.15276228 0.41558121 0.03988557
v -0.15276228 0.42042855 -0.00761443
v -0.15431873 0.42049859 -0.00761443
v -0.15427873 0.42010142 -0.00735370
v -0.15276228 0.41848119 -0.00511443
v -0.15387790 0.42049859 -0.00511443
v -0.15276228 0.42049859 -0.00749870
v -0.15276228 0.42049859 -0.00426517
v -0.15389520 0.42049859 -0.00011443
v -0.15276228 0.41949100 -0.00011443
v -0.15276228 0.42049859 -0.00147471
v -0.15396742 0.42049859 0.00238557
v -0.15276228 0.41934154 0.00238557
v -0.15497543 0.42049859 0.00488557
v -0.15276228 0.41989756 0.00738557
v -0.15370122 0.42049859 0.00738557
v -0.15426519 0.42049859 0.01488557
v -0.15276228 0.41846893 0.01988557
v -0.15276228 0.42049859 0.01836276
v -0.15333470 0.42049859 0.02988557
v -0.15276228 0.41981607 0.02988557
v -0.15276228 0.42049859 0.02829708
v -0.15276228 0.41890181 0.03238557
v -0.15276228 0.42049859 0.03064527
v -0.15276228 0.41833107 0.03488557
v -0.15280505 0.42049859 0.04488557
v -0.15276228 0.42047966 0.04488557
v -0.15276228 0.42049859 0.04485927
v -0.15276228 0.42049859 0.04499827
v -0.15276228 0.42052986 -0.00761443
v -0.15276228 0.42299859 -0.00871214
v -0.15384942 0.42299859 -0.00511443
v -0.15276228 0.42156851 -0.00261443
v -0.15428038 0.42299859 -0.00261443
v -0.15459178 0.42299859 -0.00011443
v -0.15473596 0.42299859 0.00238557
v -0.15506157 0.42299859 0.01238557
v -0.15444668 0.42299859 0.01488557
v -0.15276228 0.42190439 0.01738557
v -0.15276228 0.42299859 0.01674681
v -0.15421721 0.42299859 0.02238557
v -0.15276228 0.42167061 0.02238557
v -0.15276228 0.42299859 0.02075897
v -0.15276228 0.42299859 0.02474709
v -0.15371059 0.42299859 0.02738557
v -0.15276228 0.42107620 0.02738557
v -0.15276228 0.42299859 0.02505214
v -0.15414355 0.42299859 0.02988557
v -0.15276228 0.42180120 0.02988557
v -0.15276228 0.42299859 0.02907325
v -0.15519305 0.42299859 0.03238557
v -0.15276228 0.42176637 0.03488557
v -0.15276228 0.42299859 0.03413156
v -0.15339781 0.42299859 0.03488557
v -0.15276228 0.42299859 0.03579347
v -0.15398629 0.42299859 0.03988557
v -0.15276228 0.42151693 0.03988557
v -0.15276228 0.42299859 0.03821323
v -0.15276228 0.42178427 0.04238557
v -0.15379855 0.42299859 0.04488557
v -0.15276228 0.42299859 0.04691148
v -0.15276228 0.42549859 -0.00868832
v -0.15483402 0.42549859 -0.00011443
v -0.15407114 0.42549859 0.01238557
v -0.15276228 0.42549859 0.01620983
v -0.15382613 0.42549859 0.01738557
v -0.15276228 0.42549859 0.01808651
v -0.15276228 0.42369944 0.01988557
v -0.15446768 0.42549859 0.02238557
v -0.15276228 0.42315092 0.02488557
v -0.15378174 0.42549859 0.02488557
v -0.15419025 0.42549859 0.02738557
v -0.15428450 0.42397763 0.02924173
v -0.15276228 0.42348239 0.02988557
v -0.15484537 0.42549859 0.02988557
v -0.15429308 0.42549859 0.03238557
v -0.15276228 0.42415163 0.03238557
v -0.15497910 0.42332995 0.03182491
v -0.15276228 0.42545185 0.03488557
v -0.15276228 0.42549859 0.03486808
v -0.15276228 0.42549859 0.03489652
v -0.15276228 0.42371917 0.03738557
v -0.15294119 0.42549859 0.04738557
v -0.15276228 0.42459434 0.04738557
v -0.15276228 0.42549859 0.04774705
v -0.15484785 0.42799859 -0.00761443
v -0.15276228 0.42799859 -0.00873192
v -0.15276228 0.42590017 0.01738557
v -0.15521675 0.42799859 0.01988557
v -0.15444653 0.42799859 0.02238557
v -0.15523783 0.42799859 0.02738557
v -0.15276228 0.42551023 0.03488557
v -0.15469288 0.42799859 0.04488557
v -0.15331183 0.42799859 0.04738557
v -0.15276228 0.42799859 0.04777945
v -0.15276228 0.43049859 -0.00877286
v -0.15509015 0.43049859 0.01988557
v -0.15365618 0.43049859 0.04738557
v -0.15276228 0.43049859 0.04788031
v -0.15276228 0.43299859 -0.00884490
v -0.15320432 0.43299859 0.04738557
v -0.15276228 0.43299859 0.04763367
v -0.15276228 0.43549859 -0.00884817
v -0.15400722 0.43549859 0.04738557
v -0.15276228 0.43549859 0.04793115
v -0.15276228 0.43799859 -0.00885032
v -0.15276228 0.43799859 0.04834375
v -0.15276228 0.44049859 -0.00885081
v -0.15276228 0.44049859 0.04900817
v -0.15276228 0.44299859 -0.00884985
v -0.15276228 0.44299859 0.04952127
v -0.15276228 0.44549859 -0.00882666
v -0.15276228 0.44549859 0.04957248
v -0.15276228 0.44799859 -0.00885407
v -0.15276228 0.44799859 0.04948826
v -0.15276228 0.45049859 -0.00885495
v -0.15276228 0.44881023 0.04988557
v -0.15276228 0.45049859 0.05068790
v -0.15276228 0.45299859 -0.00885497
v -0.15276228 0.45299859 0.05129322
v -0.15276228 0.45549859 -0.00885493
v -0.15276228 0.45549859 0.05140962
v -0.15276228 0.45799859 -0.00885499
v -0.15276228 0.45799859 0.05171288
v -0.15276228 0.46049859 -0.00885491
v -0.15276228 0.46049859 0.05168895
v -0.15276228 0.46299859 -0.00885493
v -0.15276228 0.46299859 0.05103040
v -0.15276228 0.46549859 -0.00885032
v -0.15276228 0.46549859 0.05125448
v -0.15276228 0.46799859 -0.00885035
v -0.15276228 0.46799859 0.05107515
v -0.15276228 0.47049859 -0.00885030
v -0.15276228 0.47049859 0.05069916
v -0.15276228 0.47299859 -0.00885029
v -0.15276228 0.47299859 0.05134730
v -0.15276228 0.47549859 -0.00882879
v -0.15276228 0.47549859 0.04925334
v -0.15276228 0.47451013 0.04988557
v -0.15276228 0.47799859 -0.00876404
v -0.15475594 0.47799859 0.01738557
v -0.15458233 0.47799859 0.01988557
v -0.15429274 0.47799859 0.02238557
v -0.15372548 0.47799859 0.02488557
v -0.15430853 0.47799859 0.02738557
v -0.15394345 0.47799859 0.02988557
v -0.15276228 0.47799859 0.03138678
v -0.15276228 0.47766077 0.03238557
v -0.15309947 0.47799859 0.03488557
v -0.15276228 0.47799859 0.03431463
v -0.15276228 0.47799859 0.03525378
v -0.15276228 0.47737243 0.03738557
v -0.15276228 0.47757198 0.03988557
v -0.15276228 0.47763501 0.04238557
v -0.15339769 0.47799859 0.04488557
v -0.15276228 0.47799859 0.04394577
v -0.15276228 0.47799859 0.04549750
v -0.15276228 0.47682922 0.04738557
v -0.15276228 0.48049859 -0.00874354
v -0.15276228 0.48049859 0.00566427
v -0.15276228 0.48019249 0.00738557
v -0.15276228 0.47984946 0.00988557
v -0.15276228 0.47935133 0.01238557
v -0.15276228 0.47943708 0.01488557
v -0.15276228 0.47896926 0.01738557
v -0.15276228 0.47914948 0.01988557
v -0.15276228 0.47904509 0.02238557
v -0.15276228 0.47826768 0.02488557
v -0.15276228 0.47926254 0.02738557
v -0.15276228 0.47872431 0.02988557
v -0.15276228 0.47813606 0.03488557
v -0.15276228 0.47813485 0.04488557
v -0.15276228 0.48299859 -0.00873478
v -0.15276228 0.48299859 0.00200652
v -0.15276228 0.48261797 0.00238557
v -0.15276228 0.48122728 0.00488557
v -0.15276228 0.48549859 -0.00872955
v -0.15276228 0.48549859 -0.00078768
v -0.15276228 0.48526741 -0.00011443
v -0.15276228 0.48799859 -0.00871571
v -0.15276228 0.48799859 -0.00391112
v -0.15276228 0.48688850 -0.00261443
v -0.15276228 0.49049859 -0.00807850
v -0.15523068 0.49049859 -0.00511443
v -0.15276228 0.49049859 -0.00449095
v -0.15276228 0.49299859 -0.00808138
v -0.15276228 0.49299859 -0.00576687
v -0.15276228 0.49164643 -0.00511443
v -0.15276228 0.49549859 -0.00806654
v -0.15276228 0.49549859 -0.00573346
v -0.15276228 0.49799859 -0.00814997
v -0.15276228 0.49799859 -0.00622259
v -0.15276228 0.50049859 -0.00773546
v -0.15276228 0.50049859 -0.00698055
v -0.15276228 0.50299859 -0.00800973
v -0.15276228 0.50299859 -0.00632560
v -0.15276228 0.50549859 -0.00799066
v -0.15276228 0.50549859 -0.00633664
v -0.15276228 0.50799859 -0.00789908
v -0.15276228 0.50799859 -0.00644516
v -0.15276228 0.51049859 -0.00779100
v -0.15276228 0.51049859 -0.00690944
v -0.15276228 0.51299859 -0.00767185
v -0.15276228 0.51299859 -0.00741809
v -0.15276228 0.51320100 -0.00761443
v -0.15276228 0.51659993 -0.00761443
v -0.15276228 0.51799859 -0.00824715
v -0.15276228 0.51799859 -0.00512363
v -0.15276228 0.51863131 -0.00761443
v -0.15233014 0.41049859 -0.00761443
v -0.15026228 0.40805876 -0.00761443
v -0.15026228 0.41049859 -0.00814551
v -0.15026228 0.41049859 -0.00579967
v -0.15026228 0.41299859 -0.00819919
v -0.15152304 0.41299859 -0.00511443
v -0.15026228 0.41129792 -0.00511443
v -0.15026228 0.41299859 -0.00326182
v -0.15083164 0.41299859 0.01238557
v -0.15026228 0.41244738 0.01238557
v -0.15026228 0.41299859 0.01181730
v -0.15114971 0.41299859 0.01488557
v -0.15026228 0.41212332 0.01488557
v -0.15026228 0.41299859 0.01676601
v -0.15026228 0.41549859 -0.00860837
v -0.15249636 0.41549859 -0.00511443
v -0.15026228 0.41359240 -0.00261443
v -0.15106669 0.41549859 -0.00261443
v -0.15053293 0.41549859 -0.00011443
v -0.15026228 0.41498019 -0.00011443
v -0.15026228 0.41549859 0.00121526
v -0.15132703 0.41549859 0.00488557
v -0.15026228 0.41429890 0.00488557
v -0.15026228 0.41549859 0.00266084
v -0.15111611 0.41549859 0.00738557
v -0.15026228 0.41455485 0.00738557
v -0.15131530 0.41549859 0.00988557
v -0.15026228 0.41451770 0.00988557
v -0.15056199 0.41549859 0.01238557
v -0.15151861 0.41549859 0.01738557
v -0.15026228 0.41449892 0.01738557
v -0.15026228 0.41549859 0.01951410
v -0.15029486 0.41549859 0.02488557
v -0.15026228 0.41547460 0.02488557
v -0.15026228 0.41549859 0.02471818
v -0.15026228 0.41549859 0.02494132
v -0.15134112 0.41549859 0.03238557
v -0.15026228 0.41452460 0.03238557
v -0.15026228 0.41549859 0.03018167
v -0.15091340 0.41549859 0.03488557
v -0.15026228 0.41417041 0.03488557
v -0.15026228 0.41549859 0.03636202
v -0.15026228 0.41519090 0.03988557
v -0.15026228 0.41549859 0.03889673
v -0.15026228 0.41549859 0.04039861
v -0.15026228 0.41799859 -0.00879779
v -0.15260719 0.41799859 -0.00511443
v -0.15134155 0.41799859 -0.00261443
v -0.15166308 0.41799859 -0.00011443
v -0.15026228 0.41570491 0.00238557
v -0.15155502 0.41799859 0.00238557
v -0.15070359 0.41799859 0.00738557
v -0.15026228 0.41568041 0.01988557
v -0.15156836 0.41799859 0.02238557
v -0.15026228 0.41605205 0.02238557
v -0.15128402 0.41799859 0.02488557
v -0.15026228 0.41669111 0.02738557
v -0.15114193 0.41799859 0.02738557
v -0.15050239 0.41799859 0.02988557
v -0.15026228 0.41672736 0.02988557
v -0.15257508 0.41799859 0.03488557
v -0.15026228 0.41799859 0.03406278
v -0.15026228 0.41627699 0.03488557
v -0.15149709 0.41799859 0.03738557
v -0.15026228 0.41636828 0.03738557
v -0.15026228 0.41799859 0.03646029
v -0.15026668 0.41799859 0.03988557
v -0.15026228 0.41639817 0.04238557
v -0.15146739 0.41799859 0.04238557
v -0.15095382 0.41799859 0.04488557
v -0.15026228 0.41717182 0.04488557
v -0.15039163 0.41799859 0.04738557
v -0.15026228 0.41784291 0.04738557
v -0.15026228 0.41799859 0.04824021
v -0.15273073 0.42049859 -0.00761443
v -0.15026228 0.42049859 -0.00870659
v -0.15194595 0.42049859 -0.00261443
v -0.15114934 0.42049859 0.01988557
v -0.15179381 0.42049859 0.02238557
v -0.15158410 0.42049859 0.02488557
v -0.15248999 0.42049859 0.02738557
v -0.15185851 0.42049859 0.03238557
v -0.15026228 0.41914077 0.03488557
v -0.15199375 0.42049859 0.03488557
v -0.15215757 0.42049859 0.03738557
v -0.15187800 0.42049859 0.03988557
v -0.15173682 0.42049859 0.04238557
v -0.15207555 0.42049859 0.04738557
v -0.15026228 0.42049859 0.04876223
v -0.15026228 0.42299859 -0.00871840
v -0.15216784 0.42299859 0.01738557
v -0.15219216 0.42299859 0.01988557
v -0.15270984 0.42299859 0.02488557
v -0.15243155 0.42299859 0.02988557
v -0.15198154 0.42299859 0.03238557
v -0.15209030 0.42299859 0.03738557
v -0.15191248 0.42299859 0.04738557
v -0.15026228 0.42299859 0.04844264
v -0.15026228 0.42549859 -0.00875478
v -0.15225587 0.42549859 0.01738557
v -0.15275289 0.42549859 0.03488557
v -0.15026228 0.42549859 0.04849703
v -0.15026228 0.42799859 -0.00883927
v -0.15026228 0.42799859 0.04817973
v -0.15026228 0.43049859 -0.00885197
v -0.15026228 0.43049859 0.04826054
v -0.15026228 0.43299859 -0.00885123
v -0.15026228 0.43299859 0.04816317
v -0.15026228 0.43549859 -0.00884890
v -0.15026228 0.43549859 0.04811594
v -0.15026228 0.43799859 -0.00885099
v -0.15026228 0.43799859 0.04791835
v -0.15026228 0.44049859 -0.00885459
v -0.15026228 0.44049859 0.04870287
v -0.15026228 0.44299859 -0.00884766
v -0.15026228 0.44299859 0.04881967
v -0.15026228 0.44549859 -0.00884232
v -0.15026228 0.44549859 0.04874072
v -0.15026228 0.44799859 -0.00885496
v -0.15026228 0.44775346 0.04988557
v -0.15090907 0.44799859 0.04988557
v -0.15026228 0.44799859 0.04997465
v -0.15026228 0.45049859 -0.00885501
v -0.15026228 0.45049859 0.05057190
v -0.15026228 0.45299859 -0.00885497
v -0.15026228 0.45299859 0.05124789
v -0.15026228 0.45549859 -0.00885488
v -0.15026228 0.45549859 0.05139053
v -0.15026228 0.45799859 -0.00885500
v -0.15026228 0.45799859 0.05163440
v -0.15026228 0.46049859 -0.00885047
v -0.15026228 0.46049859 0.05164095
v -0.15026228 0.46299859 -0.00885033
v -0.15026228 0.46299859 0.05172814
v -0.15026228 0.46549859 -0.00885034
v -0.15026228 0.46549859 0.05122865
v -0.15026228 0.46799859 -0.00885029
v -0.15026228 0.46799859 0.05062726
v -0.15026228 0.47049859 -0.00885029
v -0.15026228 0.47049859 0.05105269
v -0.15026228 0.47299859 -0.00885027
v -0.15026228 0.47299859 0.05072203
v -0.15026228 0.47549859 -0.00885019
v -0.15052292 0.47549859 0.04988557
v -0.15026228 0.47549859 0.04995350
v -0.15026228 0.47799859 -0.00879049
v -0.15190237 0.47799859 0.03238557
v -0.15169000 0.47799859 0.03738557
v -0.15218584 0.47799859 0.03988557
v -0.15200770 0.47799859 0.04238557
v -0.15026228 0.47799859 0.04664995
v -0.15026228 0.47743450 0.04738557
v -0.15026228 0.47555045 0.04988557
v -0.15026228 0.48049859 -0.00874937
v -0.15113601 0.48049859 0.00738557
v -0.15026228 0.48049859 0.00847504
v -0.15026228 0.48024953 0.00988557
v -0.15071184 0.48049859 0.01238557
v -0.15026228 0.48049859 0.01174204
v -0.15030466 0.48049859 0.01488557
v -0.15026228 0.48049859 0.01491905
v -0.15026228 0.47965240 0.01738557
v -0.15026228 0.47989675 0.01988557
v -0.15026228 0.47992969 0.02238557
v -0.15026228 0.47956977 0.02488557
v -0.15026228 0.47953242 0.02738557
v -0.15026228 0.47971592 0.02988557
v -0.15026228 0.47925777 0.03238557
v -0.15026228 0.47862276 0.03488557
v -0.15026228 0.47922100 0.03738557
v -0.15026228 0.47890363 0.03988557
v -0.15026228 0.47884261 0.04238557
v -0.15026228 0.47949599 0.04488557
v -0.15026228 0.48299859 -0.00874409
v -0.15026228 0.48299859 0.00201271
v -0.15026228 0.48263767 0.00238557
v -0.15026228 0.48164342 0.00488557
v -0.15026228 0.48131911 0.00738557
v -0.15026228 0.48068287 0.01238557
v -0.15026228 0.48052613 0.01488557
v -0.15026228 0.48549859 -0.00872791
v -0.15026228 0.48549859 -0.00059558
v -0.15026228 0.48532828 -0.00011443
v -0.15026228 0.48799859 -0.00872183
v -0.15026228 0.48799859 -0.00269473
v -0.15026228 0.48794795 -0.00261443
v -0.15026228 0.49049859 -0.00812813
v -0.15026228 0.49049859 -0.00486587
v -0.15026228 0.49299859 -0.00806198
v -0.15026228 0.49299859 -0.00531446
v -0.15026228 0.49182423 -0.00511443
v -0.15026228 0.49549859 -0.00812709
v -0.15026228 0.49549859 -0.00546430
v -0.15026228 0.49799859 -0.00805602
v -0.15026228 0.49799859 -0.00554287
v -0.15026228 0.50049859 -0.00773919
v -0.15026228 0.50049859 -0.00711756
v -0.15026228 0.50299859 -0.00786315
v -0.15026228 0.50299859 -0.00674470
v -0.15026228 0.50549859 -0.00787491
v -0.15026228 0.50549859 -0.00673899
v -0.15026228 0.50799859 -0.00780410
v -0.15026228 0.50799859 -0.00673427
v -0.15026228 0.51044732 -0.00761443
v -0.15031758 0.51049859 -0.00761443
v -0.15243746 0.51299859 -0.00761443
v -0.15026228 0.51549859 -0.00832128
v -0.15175317 0.51549859 -0.00761443
v -0.15026228 0.51371200 -0.00761443
v -0.15026228 0.51549859 -0.00626418
v -0.15026228 0.51799859 -0.00825381
v -0.15268060 0.51799859 -0.00511443
v -0.15026228 0.51775012 -0.00511443
v -0.15026228 0.51799859 -0.00495406
v -0.15026228 0.51863797 -0.00761443
v -0.15026228 0.51808790 -0.00511443
v -0.14776228 0.40808454 -0.00761443
v -0.14776228 0.41049859 -0.00815340
v -0.14908955 0.41049859 -0.00511443
v -0.14776228 0.40966549 -0.00511443
v -0.14776228 0.41049859 -0.00394337
v -0.14800877 0.41049859 0.01488557
v -0.14776228 0.41023916 0.01488557
v -0.14776228 0.41049859 0.01459292
v -0.14776228 0.41049859 0.01549227
v -0.14869996 0.41049859 0.02988557
v -0.14776228 0.40940669 0.02988557
v -0.14776228 0.41049859 0.02852128
v -0.14776228 0.41049859 0.03175411
v -0.14796681 0.41049859 0.04488557
v -0.14776228 0.41023712 0.04488557
v -0.14776228 0.41049859 0.04447843
v -0.14776228 0.41049859 0.04513890
v -0.14776228 0.41299859 -0.00836235
v -0.14984573 0.41299859 -0.00261443
v -0.14776228 0.41114038 -0.00261443
v -0.14928798 0.41299859 -0.00011443
v -0.14776228 0.41131571 -0.00011443
v -0.14894192 0.41299859 0.00238557
v -0.14776228 0.41161926 0.00238557
v -0.14776228 0.41299859 0.00461532
v -0.14869964 0.41299859 0.00988557
v -0.14776228 0.41189643 0.00988557
v -0.14776228 0.41299859 0.00743491
v -0.14937768 0.41299859 0.01238557
v -0.14776228 0.41299859 0.01120445
v -0.14776228 0.41082175 0.01488557
v -0.14920641 0.41299859 0.01488557
v -0.14831934 0.41299859 0.02488557
v -0.14776228 0.41224549 0.02488557
v -0.14776228 0.41299859 0.02412289
v -0.14899322 0.41299859 0.02738557
v -0.14776228 0.41141294 0.02738557
v -0.14914214 0.41299859 0.02988557
v -0.14776228 0.41299859 0.03169450
v -0.14820805 0.41299859 0.03988557
v -0.14776228 0.41259515 0.03988557
v -0.14776228 0.41299859 0.03925332
v -0.14845102 0.41299859 0.04238557
v -0.14776228 0.41201513 0.04238557
v -0.14776228 0.41299859 0.04486521
v -0.14776228 0.41293201 0.04488557
v -0.14776228 0.41549859 -0.00877549
v -0.14989274 0.41549859 0.00238557
v -0.14776228 0.41354816 0.00488557
v -0.14776228 0.41305887 0.00738557
v -0.14776228 0.41545992 0.01238557
v -0.14853216 0.41549859 0.01488557
v -0.14776228 0.41549859 0.01265567
v -0.14853559 0.41549859 0.01738557
v -0.14776228 0.41549859 0.01762957
v -0.14776228 0.41422469 0.01988557
v -0.15016117 0.41549859 0.01988557
v -0.15001538 0.41549859 0.02238557
v -0.14776228 0.41386461 0.02238557
v -0.14966103 0.41549859 0.02738557
v -0.15009906 0.41549859 0.02988557
v -0.14776228 0.41375747 0.03238557
v -0.14776228 0.41484779 0.03488557
v -0.14998955 0.41549859 0.03738557
v -0.14776228 0.41366839 0.03738557
v -0.14931700 0.41549859 0.04238557
v -0.14776228 0.41302705 0.04488557
v -0.14837293 0.41549859 0.04488557
v -0.14801127 0.41549859 0.04738557
v -0.14776228 0.41524909 0.04738557
v -0.14776228 0.41549859 0.04832446
v -0.14776228 0.41799859 -0.00880720
v -0.14776228 0.41583703 0.01488557
v -0.14776228 0.41564187 0.01738557
v -0.14958046 0.41799859 0.03488557
v -0.14776228 0.41799859 0.04805689
v -0.14776228 0.42049859 -0.00882025
v -0.14776228 0.42049859 0.04869727
v -0.14776228 0.42299859 -0.00883142
v -0.14776228 0.42299859 0.04852654
v -0.14776228 0.42549859 -0.00883929
v -0.14776228 0.42549859 0.04853576
v -0.14776228 0.42799859 -0.00884994
v -0.14776228 0.42799859 0.04823726
v -0.14776228 0.43049859 -0.00885273
v -0.14776228 0.43049859 0.04809041
v -0.14776228 0.43299859 -0.00885490
v -0.14776228 0.43299859 0.04792230
v -0.14776228 0.43549859 -0.00885492
v -0.14776228 0.43549859 0.04795301
v -0.14776228 0.43799859 -0.00884427
v -0.14776228 0.43799859 0.04811215
v -0.14776228 0.44049859 -0.00885491
v -0.14776228 0.44049859 0.04876043
v -0.14776228 0.44299859 -0.00885498
v -0.14776228 0.44299859 0.04883051
v -0.14776228 0.44549859 -0.00884802
v -0.14776228 0.44549859 0.04891290
v -0.14776228 0.44799859 -0.00884803
v -0.15001412 0.44799859 0.04988557
v -0.14776228 0.44799859 0.04882551
v -0.14776228 0.45049859 -0.00885498
v -0.14776228 0.44960126 0.04988557
v -0.14776228 0.45049859 0.05064967
v -0.14776228 0.45299859 -0.00885494
v -0.14776228 0.45299859 0.05090243
v -0.14776228 0.45549859 -0.00885048
v -0.14776228 0.45549859 0.05117719
v -0.14776228 0.45799859 -0.00885046
v -0.14776228 0.45799859 0.05140498
v -0.14776228 0.46049859 -0.00885041
v -0.14776228 0.46049859 0.05142421
v -0.14776228 0.46299859 -0.00885035
v -0.14776228 0.46299859 0.05119325
v -0.14776228 0.46549859 -0.00885035
v -0.14776228 0.46549859 0.05101240
v -0.14776228 0.46799859 -0.00885025
v -0.14776228 0.46799859 0.05102036
v -0.14776228 0.47049859 -0.00885032
v -0.14776228 0.47049859 0.05060404
v -0.14776228 0.47299859 -0.00885027
v -0.14776228 0.47299859 0.05059288
v -0.14776228 0.47549859 -0.00885022
v -0.15010140 0.47549859 0.04988557
v -0.14776228 0.47549859 0.04933951
v -0.14776228 0.47425819 0.04988557
v -0.14776228 0.47799859 -0.00882300
v -0.14915656 0.47799859 0.04738557
v -0.14776228 0.47799859 0.04821696
v -0.14776228 0.48049859 -0.00876280
v -0.14927427 0.48049859 0.00988557
v -0.14841937 0.48049859 0.01738557
v -0.14776228 0.48049859 0.01964183
v -0.14776228 0.48045962 0.01988557
v -0.14949246 0.48049859 0.02238557
v -0.14776228 0.48049859 0.02001430
v -0.14820071 0.48049859 0.02488557
v -0.14776228 0.48049859 0.02569911
v -0.14776228 0.48005681 0.02738557
v -0.14825634 0.48049859 0.02988557
v -0.14776228 0.48049859 0.02930451
v -0.14776228 0.48049859 0.03040982
v -0.14776228 0.47996130 0.03238557
v -0.14776228 0.47991312 0.03488557
v -0.14776228 0.47968162 0.03738557
v -0.14776228 0.47936524 0.03988557
v -0.14776228 0.47969635 0.04238557
v -0.14796098 0.48049859 0.04488557
v -0.14776228 0.48049859 0.04466451
v -0.14776228 0.48049859 0.04498728
v -0.14776228 0.47869440 0.04738557
v -0.14776228 0.48299859 -0.00875049
v -0.14776228 0.48299859 0.00203138
v -0.14776228 0.48269026 0.00238557
v -0.14776228 0.48258731 0.00488557
v -0.14776228 0.48227348 0.00738557
v -0.14776228 0.48172825 0.00988557
v -0.14776228 0.48191358 0.01238557
v -0.14776228 0.48140489 0.01488557
v -0.14776228 0.48106443 0.01738557
v -0.14776228 0.48141842 0.02238557
v -0.14776228 0.48095251 0.02488557
v -0.14776228 0.48071515 0.02988557
v -0.14776228 0.48063527 0.04488557
v -0.14776228 0.48549859 -0.00874201
v -0.14776228 0.48549859 -0.00035589
v -0.14776228 0.48541219 -0.00011443
v -0.14776228 0.48799859 -0.00872906
v -0.15008213 0.48799859 -0.00261443
v -0.14776228 0.48799859 -0.00157035
v -0.14776228 0.49049859 -0.00828931
v -0.14813196 0.49049859 -0.00261443
v -0.14776228 0.49049859 -0.00239670
v -0.14776228 0.49299859 -0.00813166
v -0.14776228 0.49299859 -0.00542430
v -0.14776228 0.49231489 -0.00511443
v -0.14776228 0.49085184 -0.00261443
v -0.14776228 0.49549859 -0.00815533
v -0.14776228 0.49549859 -0.00544508
v -0.14776228 0.49799859 -0.00808655
v -0.14776228 0.49799859 -0.00528044
v -0.14776228 0.50049859 -0.00811536
v -0.14776228 0.50049859 -0.00628528
v -0.14776228 0.50299859 -0.00777330
v -0.14776228 0.50299859 -0.00690498
v -0.14776228 0.50549859 -0.00783888
v -0.14776228 0.50549859 -0.00672316
v -0.14776228 0.50799859 -0.00763474
v -0.14776228 0.50799859 -0.00751248
v -0.14951151 0.51049859 -0.00761443
v -0.14776228 0.51049859 -0.00762441
v -0.14776228 0.51049859 -0.00757676
v -0.14776228 0.51055004 -0.00761443
v -0.14776228 0.51379990 -0.00761443
v -0.14776228 0.51549859 -0.00833405
v -0.14844117 0.51549859 -0.00511443
v -0.14776228 0.51483655 -0.00511443
v -0.14776228 0.51549859 -0.00461921
v -0.14776228 0.51799859 -0.00825515
v -0.14776228 0.51799859 -0.00458053
v -0.14776228 0.51863931 -0.00761443
v -0.14776228 0.51812829 -0.00511443
v -0.14526228 0.40825335 -0.00761443
v -0.14526228 0.41049859 -0.00816276
v -0.14526228 0.40964893 -0.00511443
v -0.14526228 0.41049859 -0.00265389
v -0.14549977 0.41049859 -0.00011443
v -0.14526228 0.41035429 -0.00011443
v -0.14526228 0.41049859 -0.00245391
v -0.14608202 0.41049859 0.00238557
v -0.14526228 0.40996052 0.00238557
v -0.14682524 0.41049859 0.00488557
v -0.14526228 0.40950905 0.00488557
v -0.14600760 0.41049859 0.00738557
v -0.14526228 0.41000529 0.00738557
v -0.14574899 0.41049859 0.00988557
v -0.14526228 0.40988259 0.00988557
v -0.14526228 0.41049859 0.01176631
v -0.14526228 0.41004059 0.01488557
v -0.14526228 0.41049859 0.01321659
v -0.14526228 0.41049859 0.01542011
v -0.14671178 0.41049859 0.02488557
v -0.14526228 0.40937020 0.02488557
v -0.14526228 0.41049859 0.02375273
v -0.14526228 0.41049859 0.02658586
v -0.14526228 0.40930043 0.02988557
v -0.14526228 0.41049859 0.02825597
v -0.14723281 0.41049859 0.03238557
v -0.14526228 0.40913664 0.03238557
v -0.14526228 0.41049859 0.03485377
v -0.14543038 0.41049859 0.04488557
v -0.14526228 0.41299859 -0.00859601
v -0.14526228 0.41050833 -0.00261443
v -0.14753483 0.41299859 0.00488557
v -0.14764221 0.41299859 0.00738557
v -0.14526228 0.41299859 0.01205645
v -0.14526228 0.41296050 0.01488557
v -0.14663412 0.41299859 0.01988557
v -0.14526228 0.41128807 0.01988557
v -0.14526228 0.41299859 0.01800042
v -0.14682275 0.41299859 0.02238557
v -0.14526228 0.41176155 0.02238557
v -0.14526228 0.41137731 0.02738557
v -0.14697919 0.41299859 0.03238557
v -0.14526228 0.41054138 0.03488557
v -0.14656618 0.41299859 0.03488557
v -0.14656723 0.41299859 0.03738557
v -0.14526228 0.41131335 0.03738557
v -0.14526228 0.41148360 0.03988557
v -0.14526228 0.41189518 0.04238557
v -0.14774205 0.41299859 0.04488557
v -0.14526228 0.41055118 0.04488557
v -0.14526228 0.41299859 0.04685159
v -0.14526228 0.41549859 -0.00868141
v -0.14526228 0.41341891 0.01238557
v -0.14753525 0.41549859 0.01488557
v -0.14526228 0.41300532 0.01488557
v -0.14760756 0.41549859 0.01738557
v -0.14526228 0.41347074 0.01738557
v -0.14526228 0.41392266 0.04738557
v -0.14526228 0.41549859 0.04828975
v -0.14526228 0.41799859 -0.00879990
v -0.14526228 0.41799859 0.04916742
v -0.14526228 0.42049859 -0.00881729
v -0.14526228 0.42049859 0.04882675
v -0.14526228 0.42299859 -0.00883485
v -0.14526228 0.42299859 0.04859966
v -0.14526228 0.42549859 -0.00884766
v -0.14526228 0.42549859 0.04840813
v -0.14526228 0.42799859 -0.00885185
v -0.14526228 0.42799859 0.04819721
v -0.14526228 0.43049859 -0.00885418
v -0.14526228 0.43049859 0.04822972
v -0.14526228 0.43299859 -0.00885490
v -0.14526228 0.43299859 0.04827908
v -0.14526228 0.43549859 -0.00885485
v -0.14526228 0.43549859 0.04814408
v -0.14526228 0.43799859 -0.00885490
v -0.14526228 0.43799859 0.04837682
v -0.14526228 0.44049859 -0.00885492
v -0.14526228 0.44049859 0.04877418
v -0.14526228 0.44299859 -0.00885493
v -0.14526228 0.44299859 0.04889861
v -0.14526228 0.44549859 -0.00885489
v -0.14526228 0.44549859 0.04892951
v -0.14526228 0.44799859 -0.00885491
v -0.14526228 0.44799859 0.04898038
v -0.14526228 0.45049859 -0.00885063
v -0.14526228 0.44956571 0.04988557
v -0.14526228 0.45049859 0.05056202
v -0.14526228 0.45299859 -0.00885054
v -0.14526228 0.45299859 0.05068545
v -0.14526228 0.45549859 -0.00885042
v -0.14526228 0.45549859 0.05108723
v -0.14526228 0.45799859 -0.00885037
v -0.14526228 0.45799859 0.05098800
v -0.14526228 0.46049859 -0.00885037
v -0.14526228 0.46049859 0.05141948
v -0.14526228 0.46299859 -0.00885029
v -0.14526228 0.46299859 0.05112032
v -0.14526228 0.46549859 -0.00885029
v -0.14526228 0.46549859 0.05075069
v -0.14526228 0.46799859 -0.00885024
v -0.14526228 0.46799859 0.05101227
v -0.14526228 0.47049859 -0.00885028
v -0.14526228 0.47049859 0.05070408
v -0.14526228 0.47299859 -0.00885023
v -0.14526228 0.47299859 0.05067406
v -0.14526228 0.47549859 -0.00885018
v -0.14526228 0.47549859 0.04907402
v -0.14526228 0.47407891 0.04988557
v -0.14526228 0.47799859 -0.00885009
v -0.14526228 0.47799859 0.04867817
v -0.14526228 0.48049859 -0.00880423
v -0.14766242 0.48049859 0.01988557
v -0.14697833 0.48049859 0.02738557
v -0.14656171 0.48049859 0.03238557
v -0.14632498 0.48049859 0.03488557
v -0.14677269 0.48049859 0.03738557
v -0.14586379 0.48049859 0.03988557
v -0.14526228 0.48049859 0.04157922
v -0.14526228 0.48024014 0.04238557
v -0.14526228 0.48049859 0.04294091
v -0.14526228 0.48049859 0.04573642
v -0.14526228 0.47914115 0.04738557
v -0.14526228 0.48299859 -0.00876396
v -0.14607282 0.48299859 0.00238557
v -0.14592444 0.48299859 0.00488557
v -0.14668975 0.48299859 0.00738557
v -0.14569596 0.48299859 0.00988557
v -0.14526228 0.48299859 0.01112385
v -0.14526228 0.48285238 0.01238557
v -0.14526228 0.48208839 0.01488557
v -0.14526228 0.48154289 0.01738557
v -0.14526228 0.48220675 0.01988557
v -0.14526228 0.48175175 0.02238557
v -0.14526228 0.48209199 0.02488557
v -0.14526228 0.48225985 0.02738557
v -0.14526228 0.48155583 0.02988557
v -0.14526228 0.48143503 0.03238557
v -0.14526228 0.48118383 0.03488557
v -0.14526228 0.48161143 0.03738557
v -0.14526228 0.48100427 0.03988557
v -0.14526228 0.48123930 0.04488557
v -0.14526228 0.48549859 -0.00875561
v -0.14554600 0.48549859 -0.00011443
v -0.14526228 0.48549859 -0.00004948
v -0.14526228 0.48378733 0.00238557
v -0.14526228 0.48343273 0.00488557
v -0.14526228 0.48442607 0.00738557
v -0.14526228 0.48343228 0.00988557
v -0.14526228 0.48799859 -0.00874317
v -0.14526228 0.48799859 -0.00087358
v -0.14526228 0.48564625 -0.00011443
v -0.14526228 0.49049859 -0.00846065
v -0.14526228 0.49004290 -0.00261443
v -0.14634792 0.49049859 -0.00261443
v -0.14526228 0.49049859 -0.00300818
v -0.14526228 0.49299859 -0.00828794
v -0.14664974 0.49299859 -0.00511443
v -0.14526228 0.49299859 -0.00468438
v -0.14526228 0.49549859 -0.00824628
v -0.14539469 0.49549859 -0.00511443
v -0.14526228 0.49549859 -0.00509433
v -0.14526228 0.49799859 -0.00815709
v -0.14623681 0.49799859 -0.00511443
v -0.14526228 0.49799859 -0.00506440
v -0.14526228 0.50049859 -0.00800687
v -0.14526228 0.50049859 -0.00665257
v -0.14526228 0.49808436 -0.00511443
v -0.14526228 0.50299859 -0.00780032
v -0.14526228 0.50299859 -0.00693608
v -0.14526228 0.50549859 -0.00777631
v -0.14526228 0.50549859 -0.00703389
v -0.14526228 0.50799859 -0.00763053
v -0.14526228 0.50799859 -0.00754887
v -0.14526228 0.50808250 -0.00761443
v -0.14770974 0.51049859 -0.00761443
v -0.14526228 0.51299859 -0.00825719
v -0.14687421 0.51299859 -0.00761443
v -0.14526228 0.51137437 -0.00761443
v -0.14526228 0.51299859 -0.00645905
v -0.14526228 0.51549859 -0.00828708
v -0.14526228 0.51493560 -0.00511443
v -0.14526228 0.51549859 -0.00464042
v -0.14526228 0.51799859 -0.00822179
v -0.14526228 0.51799859 -0.00478382
v -0.14526228 0.51860595 -0.00761443
v -0.14526228 0.51813481 -0.00511443
v -0.14300353 0.40799859 0.02988557
v -0.14276228 0.40783749 0.02988557
v -0.14276228 0.40799859 0.02949347
v -0.14276228 0.40799859 0.03090966
v -0.14276228 0.40831990 -0.00761443
v -0.14276228 0.41049859 -0.00817783
v -0.14276228 0.40973396 -0.00511443
v -0.14523075 0.41049859 -0.00261443
v -0.14276228 0.40964668 -0.00261443
v -0.14276228 0.40967657 -0.00011443
v -0.14276228 0.40965835 0.00238557
v -0.14276228 0.40996278 0.00488557
v -0.14276228 0.40983845 0.00738557
v -0.14276228 0.40957907 0.00988557
v -0.14276228 0.41049859 0.01118454
v -0.14276228 0.40920537 0.01488557
v -0.14276228 0.41049859 0.01308223
v -0.14373549 0.41049859 0.01738557
v -0.14276228 0.40967963 0.01738557
v -0.14367295 0.41049859 0.01988557
v -0.14276228 0.40932232 0.01988557
v -0.14276228 0.41049859 0.02082344
v -0.14276228 0.40956671 0.02488557
v -0.14276228 0.41049859 0.02349697
v -0.14440048 0.41049859 0.02738557
v -0.14276228 0.40895011 0.02738557
v -0.14276228 0.40848010 0.03238557
v -0.14520422 0.41049859 0.03488557
v -0.14276228 0.40864353 0.03488557
v -0.14276228 0.40901877 0.03738557
v -0.14387807 0.41049859 0.03738557
v -0.14276228 0.41049859 0.03887232
v -0.14276228 0.41299859 -0.00865907
v -0.14276228 0.41132471 0.01238557
v -0.14490193 0.41299859 0.01238557
v -0.14525268 0.41299859 0.01488557
v -0.14464463 0.41299859 0.01738557
v -0.14276228 0.41129856 0.02238557
v -0.14276228 0.41107307 0.03988557
v -0.14276228 0.41117606 0.04238557
v -0.14276228 0.41129869 0.04488557
v -0.14276228 0.41299859 0.04695541
v -0.14276228 0.41549859 -0.00876099
v -0.14276228 0.41348502 0.04738557
v -0.14276228 0.41549859 0.04904966
v -0.14276228 0.41799859 -0.00879748
v -0.14276228 0.41799859 0.04922014
v -0.14276228 0.42049859 -0.00882374
v -0.14276228 0.42049859 0.04928890
v -0.14276228 0.42299859 -0.00884252
v -0.14276228 0.42299859 0.04870827
v -0.14276228 0.42549859 -0.00884516
v -0.14276228 0.42549859 0.04854008
v -0.14276228 0.42799859 -0.00870239
v -0.14276228 0.42799859 0.04831036
v -0.14276228 0.43049859 -0.00885388
v -0.14276228 0.43049859 0.04829256
v -0.14276228 0.43299859 -0.00885460
v -0.14276228 0.43299859 0.04829047
v -0.14276228 0.43549859 -0.00885487
v -0.14276228 0.43549859 0.04819404
v -0.14276228 0.43799859 -0.00885490
v -0.14276228 0.43799859 0.04813578
v -0.14276228 0.44049859 -0.00885097
v -0.14276228 0.44049859 0.04820737
v -0.14276228 0.44299859 -0.00885089
v -0.14276228 0.44299859 0.04851802
v -0.14276228 0.44549859 -0.00885072
v -0.14276228 0.44549859 0.04886228
v -0.14276228 0.44799859 -0.00885067
v -0.14276228 0.44799859 0.04900655
v -0.14276228 0.45049859 -0.00885057
v -0.14276228 0.45024344 0.04988557
v -0.14276228 0.45049859 0.05000052
v -0.14276228 0.45299859 -0.00885043
v -0.14276228 0.45299859 0.05020847
v -0.14276228 0.45549859 -0.00885030
v -0.14276228 0.45549859 0.05057062
v -0.14276228 0.45799859 -0.00885031
v -0.14276228 0.45799859 0.05065030
v -0.14276228 0.46049859 -0.00885031
v -0.14276228 0.46049859 0.05115806
v -0.14276228 0.46299859 -0.00885017
v -0.14276228 0.46299859 0.05099054
v -0.14276228 0.46549859 -0.00885018
v -0.14276228 0.46549859 0.05039303
v -0.14276228 0.46799859 -0.00885013
v -0.14276228 0.46799859 0.05070750
v -0.14276228 0.47049859 -0.00885016
v -0.14276228 0.47049859 0.05097376
v -0.14276228 0.47299859 -0.00885017
v -0.14276228 0.47299859 0.05033829
v -0.14276228 0.47549859 -0.00885003
v -0.14276228 0.47549859 0.04904441
v -0.14276228 0.47379494 0.04988557
v -0.14276228 0.47799859 -0.00885003
v -0.14276228 0.47799859 0.04878646
v -0.14276228 0.48049859 -0.00882725
v -0.14371300 0.48049859 0.04238557
v -0.14276228 0.48049859 0.04652946
v -0.14276228 0.47975343 0.04738557
v -0.14276228 0.48299859 -0.00878494
v -0.14496524 0.48299859 0.01238557
v -0.14353774 0.48299859 0.01488557
v -0.14276228 0.48299859 0.01697876
v -0.14276228 0.48289047 0.01738557
v -0.14276228 0.48265377 0.01988557
v -0.14276228 0.48233513 0.02238557
v -0.14276228 0.48267866 0.02488557
v -0.14276228 0.48259421 0.02738557
v -0.14276228 0.48286908 0.02988557
v -0.14276228 0.48250891 0.03238557
v -0.14276228 0.48228322 0.03488557
v -0.14276228 0.48207125 0.03738557
v -0.14276228 0.48159266 0.03988557
v -0.14276228 0.48075408 0.04238557
v -0.14276228 0.48209642 0.04488557
v -0.14276228 0.48549859 -0.00876573
v -0.14276228 0.48549859 0.00141705
v -0.14276228 0.48493105 0.00238557
v -0.14276228 0.48468682 0.00488557
v -0.14276228 0.48462304 0.00738557
v -0.14276228 0.48405706 0.00988557
v -0.14276228 0.48385741 0.01238557
v -0.14276228 0.48358798 0.01488557
v -0.14276228 0.48799859 -0.00874915
v -0.14327994 0.48799859 -0.00011443
v -0.14276228 0.48652415 0.00238557
v -0.14385945 0.48799859 0.00238557
v -0.14276228 0.48799859 0.00350093
v -0.14276228 0.49049859 -0.00840790
v -0.14422344 0.49049859 -0.00261443
v -0.14276228 0.49049859 -0.00222929
v -0.14276228 0.48815370 -0.00011443
v -0.14276228 0.48911396 0.00238557
v -0.14276228 0.49299859 -0.00826947
v -0.14276228 0.49299859 -0.00379335
v -0.14276228 0.49099792 -0.00261443
v -0.14276228 0.49549859 -0.00825273
v -0.14276228 0.49549859 -0.00474035
v -0.14276228 0.49799859 -0.00821543
v -0.14276228 0.49799859 -0.00488915
v -0.14276228 0.50049859 -0.00808735
v -0.14276228 0.50049859 -0.00632845
v -0.14276228 0.49824292 -0.00511443
v -0.14276228 0.50299859 -0.00777803
v -0.14276228 0.50299859 -0.00701361
v -0.14276228 0.50549859 -0.00764831
v -0.14276228 0.50549859 -0.00749556
v -0.14276228 0.50626579 -0.00761443
v -0.14483036 0.50799859 -0.00761443
v -0.14276228 0.51125657 -0.00761443
v -0.14276228 0.51299859 -0.00823905
v -0.14301178 0.51299859 -0.00511443
v -0.14276228 0.51273241 -0.00511443
v -0.14276228 0.51299859 -0.00489856
v -0.14276228 0.51549859 -0.00820903
v -0.14276228 0.51549859 -0.00421954
v -0.14276228 0.51799859 -0.00824726
v -0.14276228 0.51799859 -0.00426874
v -0.14276228 0.51863142 -0.00761443
v -0.14276228 0.51822529 -0.00511443
v -0.14196289 0.40799859 0.02988557
v -0.14026228 0.40848178 -0.00761443
v -0.14026228 0.41049859 -0.00809497
v -0.14026228 0.40998568 -0.00511443
v -0.14026228 0.40967212 -0.00261443
v -0.14026228 0.40999108 -0.00011443
v -0.14093919 0.41049859 0.00238557
v -0.14026228 0.41049859 0.00153444
v -0.14026228 0.41049859 0.00359609
v -0.14026228 0.41012733 0.00488557
v -0.14026228 0.41023766 0.00738557
v -0.14026228 0.41044909 0.00988557
v -0.14026228 0.41049859 0.01015669
v -0.14054404 0.41049859 0.01488557
v -0.14026228 0.41049859 0.01628814
v -0.14026228 0.41036108 0.01738557
v -0.14026228 0.40939093 0.01988557
v -0.14114411 0.41049859 0.02238557
v -0.14026228 0.40928783 0.02238557
v -0.14026228 0.40975581 0.02488557
v -0.14026228 0.41030178 0.02738557
v -0.14026228 0.40950397 0.02988557
v -0.14026228 0.40989855 0.03238557
v -0.14026228 0.41013833 0.03488557
v -0.14026228 0.41023467 0.03738557
v -0.14026228 0.41049859 0.03838594
v -0.14026228 0.41299859 -0.00865750
v -0.14026228 0.41076002 0.00238557
v -0.14026228 0.41080461 0.01238557
v -0.14026228 0.41067091 0.01488557
v -0.14026228 0.41103342 0.03988557
v -0.14026228 0.41273617 0.04238557
v -0.14026228 0.41255782 0.04488557
v -0.14238185 0.41299859 0.04738557
v -0.14026228 0.41223505 0.04738557
v -0.14026228 0.41299859 0.04852061
v -0.14026228 0.41549859 -0.00878426
v -0.14026228 0.41549859 0.04854522
v -0.14026228 0.41799859 -0.00878974
v -0.14026228 0.41799859 0.04863462
v -0.14026228 0.42049859 -0.00882261
v -0.14026228 0.42049859 0.04857294
v -0.14026228 0.42299859 -0.00884269
v -0.14026228 0.42299859 0.04894310
v -0.14026228 0.42549859 -0.00884568
v -0.14026228 0.42549859 0.04878372
v -0.14026228 0.42799859 -0.00869779
v -0.14026228 0.42799859 0.04850965
v -0.14026228 0.43049859 -0.00869911
v -0.14026228 0.43049859 0.04838270
v -0.14026228 0.43299859 -0.00885040
v -0.14026228 0.43299859 0.04830031
v -0.14026228 0.43549859 -0.00885040
v -0.14026228 0.43549859 0.04818631
v -0.14026228 0.43799859 -0.00885087
v -0.14026228 0.43799859 0.04811466
v -0.14026228 0.44049859 -0.00885086
v -0.14026228 0.44049859 0.04808570
v -0.14026228 0.44299859 -0.00885083
v -0.14026228 0.44299859 0.04818582
v -0.14026228 0.44549859 -0.00885066
v -0.14026228 0.44549859 0.04841583
v -0.14026228 0.44799859 -0.00885061
v -0.14026228 0.44799859 0.04890758
v -0.14026228 0.45049859 -0.00885045
v -0.14026228 0.44990149 0.04988557
v -0.14026228 0.45049859 0.05012133
v -0.14026228 0.45299859 -0.00885037
v -0.14026228 0.45299859 0.05010824
v -0.14026228 0.45549859 -0.00885024
v -0.14026228 0.45549859 0.05043447
v -0.14026228 0.45799859 -0.00885025
v -0.14026228 0.45799859 0.05087238
v -0.14026228 0.46049859 -0.00885025
v -0.14026228 0.46049859 0.05119316
v -0.14026228 0.46299859 -0.00885020
v -0.14026228 0.46299859 0.05119823
v -0.14026228 0.46549859 -0.00885020
v -0.14026228 0.46549859 0.05078367
v -0.14026228 0.46799859 -0.00885015
v -0.14026228 0.46799859 0.05013431
v -0.14026228 0.47049859 -0.00885010
v -0.14026228 0.47049859 0.05055984
v -0.14026228 0.47299859 -0.00885011
v -0.14026228 0.47299859 0.05004478
v -0.14026228 0.47549859 -0.00885006
v -0.14026228 0.47549859 0.04976569
v -0.14026228 0.47457422 0.04988557
v -0.14026228 0.47799859 -0.00884997
v -0.14026228 0.47799859 0.04891863
v -0.14026228 0.48049859 -0.00884997
v -0.14026228 0.48049859 0.04697089
v -0.14026228 0.47991305 0.04738557
v -0.14026228 0.48299859 -0.00882479
v -0.14246304 0.48299859 0.01738557
v -0.14227932 0.48299859 0.01988557
v -0.14069340 0.48299859 0.02238557
v -0.14059832 0.48299859 0.02488557
v -0.14204146 0.48299859 0.02738557
v -0.14177277 0.48299859 0.02988557
v -0.14026228 0.48299859 0.03164011
v -0.14026228 0.48291604 0.03238557
v -0.14067679 0.48299859 0.03488557
v -0.14026228 0.48299859 0.03321769
v -0.14026228 0.48299859 0.03546905
v -0.14026228 0.48251871 0.03738557
v -0.14075391 0.48299859 0.03988557
v -0.14026228 0.48299859 0.03883054
v -0.14026228 0.48299859 0.04184678
v -0.14026228 0.48285469 0.04238557
v -0.14026228 0.48227684 0.04488557
v -0.14026228 0.48549859 -0.00877200
v -0.14183665 0.48549859 0.00238557
v -0.14126529 0.48549859 0.00488557
v -0.14026228 0.48549859 0.00591263
v -0.14026228 0.48501983 0.00738557
v -0.14026228 0.48544023 0.00988557
v -0.14026228 0.48538365 0.01238557
v -0.14026228 0.48442646 0.01488557
v -0.14026228 0.48383531 0.01738557
v -0.14026228 0.48423100 0.01988557
v -0.14026228 0.48330061 0.02238557
v -0.14026228 0.48307361 0.02488557
v -0.14026228 0.48397400 0.02738557
v -0.14026228 0.48323782 0.02988557
v -0.14026228 0.48320134 0.03488557
v -0.14026228 0.48349996 0.03988557
v -0.14026228 0.48799859 -0.00876335
v -0.14026228 0.48691209 0.00238557
v -0.14145294 0.48799859 0.00238557
v -0.14026228 0.48799859 0.00043196
v -0.14042278 0.48783030 0.00471046
v -0.14026228 0.48799859 0.00483696
v -0.14029807 0.48799859 0.00488557
v -0.14026228 0.48799859 0.00492136
v -0.14026228 0.49049859 -0.00836532
v -0.14037810 0.49049859 -0.00011443
v -0.14026228 0.49049859 0.00007947
v -0.14026228 0.48803439 0.00488557
v -0.14026228 0.49299859 -0.00835516
v -0.14026228 0.49299859 -0.00332654
v -0.14026228 0.49193649 -0.00261443
v -0.14026228 0.49056545 -0.00011443
v -0.14026228 0.49549859 -0.00817153
v -0.14026228 0.49549859 -0.00455557
v -0.14026228 0.49799859 -0.00815924
v -0.14026228 0.49799859 -0.00468702
v -0.14026228 0.50049859 -0.00809827
v -0.14026228 0.50049859 -0.00531867
v -0.14026228 0.49959269 -0.00511443
v -0.14026228 0.50299859 -0.00807166
v -0.14026228 0.50299859 -0.00621612
v -0.14026228 0.50518735 -0.00761443
v -0.14200856 0.50549859 -0.00761443
v -0.14197713 0.51049859 -0.00761443
v -0.14026228 0.50882654 -0.00761443
v -0.14026228 0.51049859 -0.00821548
v -0.14026228 0.51049859 -0.00637732
v -0.14026228 0.51299859 -0.00817599
v -0.14026228 0.51256065 -0.00511443
v -0.14026228 0.51299859 -0.00477422
v -0.14026228 0.51549859 -0.00820069
v -0.14026228 0.51549859 -0.00421024
v -0.14026228 0.51799859 -0.00820413
v -0.14026228 0.51799859 -0.00441137
v -0.14026228 0.51858829 -0.00761443
v -0.14026228 0.51816329 -0.00511443
v -0.13776228 0.40872973 -0.00761443
v -0.13776228 0.41049859 -0.00788652
v -0.13928779 0.41049859 -0.00511443
v -0.13776228 0.41049859 -0.00604326
v -0.13862033 0.41049859 -0.00261443
v -0.13913080 0.41049859 -0.00011443
v -0.13932555 0.41049859 0.00488557
v -0.13933694 0.41049859 0.00738557
v -0.14014231 0.41049859 0.00988557
v -0.13853046 0.41049859 0.01738557
v -0.13776228 0.41049859 0.01808414
v -0.13776228 0.41034449 0.01988557
v -0.13824172 0.41049859 0.02238557
v -0.13776228 0.41049859 0.02131494
v -0.13812163 0.41049859 0.02488557
v -0.13973250 0.41049859 0.02738557
v -0.13960540 0.41049859 0.02988557
v -0.13945884 0.41049859 0.03238557
v -0.13985896 0.41049859 0.03488557
v -0.13953681 0.41049859 0.03738557
v -0.13776228 0.41299859 -0.00844175
v -0.13776228 0.41091127 -0.00511443
v -0.13776228 0.41100908 -0.00261443
v -0.13776228 0.41143413 -0.00011443
v -0.13776228 0.41081083 0.00238557
v -0.13776228 0.41110806 0.00488557
v -0.13776228 0.41117319 0.00738557
v -0.13776228 0.41173609 0.00988557
v -0.13776228 0.41230095 0.01238557
v -0.13776228 0.41195512 0.01488557
v -0.13776228 0.41058975 0.01738557
v -0.13776228 0.41069367 0.02238557
v -0.13776228 0.41069522 0.02488557
v -0.13776228 0.41148844 0.02738557
v -0.13776228 0.41161543 0.02988557
v -0.13776228 0.41146455 0.03238557
v -0.13776228 0.41170688 0.03488557
v -0.13776228 0.41121147 0.03738557
v -0.13776228 0.41154546 0.03988557
v -0.13948558 0.41299859 0.04238557
v -0.13776228 0.41299859 0.04157850
v -0.13776228 0.41299859 0.04295111
v -0.13776228 0.41194813 0.04488557
v -0.13861348 0.41299859 0.04738557
v -0.13776228 0.41299859 0.04676842
v -0.13776228 0.41549859 -0.00873794
v -0.13776228 0.41338396 0.04238557
v -0.13776228 0.41497388 0.04738557
v -0.13776228 0.41549859 0.04764297
v -0.13776228 0.41799859 -0.00877696
v -0.13776228 0.41799859 0.04857439
v -0.13776228 0.42049859 -0.00882267
v -0.13776228 0.42049859 0.04802035
v -0.13776228 0.42299859 -0.00882751
v -0.13776228 0.42299859 0.04886409
v -0.13776228 0.42549859 -0.00884033
v -0.13776228 0.42549859 0.04857467
v -0.13776228 0.42799859 -0.00884370
v -0.13776228 0.42799859 0.04883300
v -0.13776228 0.43049859 -0.00884825
v -0.13776228 0.43049859 0.04897247
v -0.13776228 0.43299859 -0.00869721
v -0.13776228 0.43299859 0.04861042
v -0.13776228 0.43549859 -0.00885047
v -0.13776228 0.43549859 0.04839916
v -0.13776228 0.43799859 -0.00885088
v -0.13776228 0.43799859 0.04814160
v -0.13776228 0.44049859 -0.00885092
v -0.13776228 0.44049859 0.04816834
v -0.13776228 0.44299859 -0.00885085
v -0.13776228 0.44299859 0.04821227
v -0.13776228 0.44549859 -0.00885072
v -0.13776228 0.44549859 0.04834462
v -0.13776228 0.44799859 -0.00885058
v -0.13776228 0.44799859 0.04834169
v -0.13776228 0.45049859 -0.00885034
v -0.13865138 0.45049859 0.04988557
v -0.13776228 0.45049859 0.04951919
v -0.13776228 0.45299859 -0.00885020
v -0.13873887 0.45299859 0.04988557
v -0.13776228 0.45299859 0.04976709
v -0.13776228 0.45549859 -0.00885031
v -0.13776228 0.45396085 0.04988557
v -0.13776228 0.45549859 0.05007365
v -0.13776228 0.45799859 -0.00885031
v -0.13776228 0.45799859 0.05058866
v -0.13776228 0.46049859 -0.00885019
v -0.13776228 0.46049859 0.05067079
v -0.13776228 0.46299859 -0.00885014
v -0.13776228 0.46299859 0.05101047
v -0.13776228 0.46549859 -0.00885009
v -0.13776228 0.46549859 0.05095738
v -0.13776228 0.46799859 -0.00885009
v -0.13776228 0.46799859 0.05057572
v -0.13776228 0.47049859 -0.00885004
v -0.13776228 0.47049859 0.05039087
v -0.13776228 0.47299859 -0.00885004
v -0.13799745 0.47299859 0.04988557
v -0.13776228 0.47299859 0.04986288
v -0.13776228 0.47289119 0.04988557
v -0.13776228 0.47549859 -0.00885037
v -0.13776228 0.47549859 0.04984052
v -0.13776228 0.47799859 -0.00884995
v -0.13776228 0.47799859 0.04905091
v -0.13776228 0.48049859 -0.00884997
v -0.13956440 0.48049859 0.04738557
v -0.13776228 0.48049859 0.04857591
v -0.13776228 0.48299859 -0.00883410
v -0.14005547 0.48299859 0.03238557
v -0.13936637 0.48299859 0.03738557
v -0.13936638 0.48299859 0.04238557
v -0.13846622 0.48299859 0.04488557
v -0.13776228 0.48299859 0.04533860
v -0.13776228 0.48154038 0.04738557
v -0.13776228 0.48549859 -0.00878942
v -0.13931787 0.48549859 0.00738557
v -0.14013573 0.48549859 0.00988557
v -0.14004844 0.48549859 0.01238557
v -0.13776228 0.48549859 0.01328083
v -0.13776228 0.48468017 0.01488557
v -0.13776228 0.48458209 0.01738557
v -0.13776228 0.48517245 0.01988557
v -0.13776228 0.48460086 0.02238557
v -0.13776228 0.48430277 0.02488557
v -0.13776228 0.48458138 0.02738557
v -0.13776228 0.48429468 0.02988557
v -0.13776228 0.48419852 0.03238557
v -0.13776228 0.48404751 0.03488557
v -0.13776228 0.48397447 0.03738557
v -0.13776228 0.48399980 0.03988557
v -0.13776228 0.48326172 0.04238557
v -0.13776228 0.48330928 0.04488557
v -0.13776228 0.48799859 -0.00876959
v -0.13776228 0.48799859 0.00176606
v -0.13776228 0.48783562 0.00238557
v -0.13776228 0.48726309 0.00488557
v -0.14021282 0.48799859 0.00488557
v -0.13776228 0.48715465 0.00738557
v -0.13776228 0.48680209 0.00988557
v -0.13776228 0.48614304 0.01238557
v -0.13776228 0.49049859 -0.00839846
v -0.13962454 0.49049859 -0.00011443
v -0.13776228 0.49049859 -0.00052042
v -0.13776228 0.48961132 -0.00011443
v -0.13776228 0.49299859 -0.00815049
v -0.13873664 0.49299859 -0.00261443
v -0.13776228 0.49299859 -0.00200227
v -0.13776228 0.49549859 -0.00829329
v -0.13776228 0.49549859 -0.00399307
v -0.13776228 0.49377418 -0.00261443
v -0.13776228 0.49799859 -0.00821631
v -0.13776228 0.49799859 -0.00402099
v -0.13776228 0.50049859 -0.00813986
v -0.13939358 0.50049859 -0.00511443
v -0.13776228 0.50049859 -0.00484179
v -0.13776228 0.50299859 -0.00800627
v -0.13776228 0.50299859 -0.00623926
v -0.13776228 0.50102029 -0.00511443
v -0.13776228 0.50465260 -0.00761443
v -0.13776228 0.50871774 -0.00761443
v -0.13776228 0.51049859 -0.00818529
v -0.13849027 0.51049859 -0.00511443
v -0.13776228 0.50972253 -0.00511443
v -0.13776228 0.51049859 -0.00452817
v -0.13776228 0.51299859 -0.00829334
v -0.13776228 0.51299859 -0.00410830
v -0.13776228 0.51549859 -0.00823423
v -0.13776228 0.51549859 -0.00354581
v -0.13776228 0.51799859 -0.00811973
v -0.13776228 0.51799859 -0.00459788
v -0.13776228 0.51850389 -0.00761443
v -0.13776228 0.51805414 -0.00511443
v -0.13526228 0.40983035 -0.00761443
v -0.13526228 0.41049859 -0.00770296
v -0.13526228 0.41049859 -0.00712924
v -0.13751190 0.41049859 0.01988557
v -0.13526228 0.41299859 -0.00797414
v -0.13526228 0.41143712 -0.00511443
v -0.13526228 0.41180079 -0.00261443
v -0.13589936 0.41299859 -0.00011443
v -0.13526228 0.41299859 -0.00100797
v -0.13526228 0.41299859 0.00094067
v -0.13526228 0.41199756 0.00238557
v -0.13526228 0.41216461 0.00488557
v -0.13526228 0.41212308 0.00738557
v -0.13526228 0.41211606 0.00988557
v -0.13526228 0.41232929 0.01238557
v -0.13526228 0.41261023 0.01488557
v -0.13548010 0.41299859 0.01738557
v -0.13526228 0.41299859 0.01625288
v -0.13526228 0.41299859 0.01854282
v -0.13526228 0.41271823 0.01988557
v -0.13536687 0.41299859 0.02238557
v -0.13526228 0.41299859 0.02175055
v -0.13593151 0.41299859 0.02488557
v -0.13642244 0.41299859 0.02738557
v -0.13531872 0.41299859 0.02988557
v -0.13526228 0.41299859 0.03000632
v -0.13526228 0.41247698 0.03238557
v -0.13526228 0.41226048 0.03488557
v -0.13526228 0.41210678 0.03738557
v -0.13526228 0.41240983 0.03988557
v -0.13526228 0.41299859 0.04150188
v -0.13568329 0.41299859 0.04488557
v -0.13526228 0.41549859 -0.00857172
v -0.13526228 0.41330329 -0.00011443
v -0.13526228 0.41320109 0.01738557
v -0.13526228 0.41308529 0.02238557
v -0.13526228 0.41336397 0.02488557
v -0.13526228 0.41349682 0.02738557
v -0.13526228 0.41302159 0.02988557
v -0.13526228 0.41320328 0.04238557
v -0.13526228 0.41390519 0.04488557
v -0.13526228 0.41349899 0.04738557
v -0.13526228 0.41549859 0.04784992
v -0.13526228 0.41799859 -0.00875247
v -0.13526228 0.41799859 0.04814223
v -0.13526228 0.42049859 -0.00882187
v -0.13526228 0.42049859 0.04805888
v -0.13526228 0.42299859 -0.00883097
v -0.13526228 0.42299859 0.04854568
v -0.13526228 0.42549859 -0.00883827
v -0.13526228 0.42549859 0.04853576
v -0.13526228 0.42799859 -0.00884234
v -0.13526228 0.42799859 0.04856190
v -0.13526228 0.43049859 -0.00884714
v -0.13526228 0.43049859 0.04879401
v -0.13526228 0.43299859 -0.00869719
v -0.13526228 0.43299859 0.04866161
v -0.13526228 0.43549859 -0.00885059
v -0.13526228 0.43549859 0.04849123
v -0.13526228 0.43799859 -0.00885087
v -0.13526228 0.43799859 0.04819890
v -0.13526228 0.44049859 -0.00885082
v -0.13526228 0.44049859 0.04821597
v -0.13526228 0.44299859 -0.00885085
v -0.13526228 0.44299859 0.04836447
v -0.13526228 0.44549859 -0.00885080
v -0.13526228 0.44549859 0.04840220
v -0.13526228 0.44799859 -0.00885066
v -0.13526228 0.44799859 0.04837879
v -0.13526228 0.45049859 -0.00885052
v -0.13526228 0.45020577 0.04988557
v -0.13673020 0.45049859 0.04988557
v -0.13526228 0.45049859 0.05008082
v -0.13526228 0.45299859 -0.00885042
v -0.13526228 0.45299859 0.04975745
v -0.13526228 0.45204440 0.04988557
v -0.13526228 0.45549859 -0.00885034
v -0.13526228 0.45365015 0.04988557
v -0.13526228 0.45549859 0.05019140
v -0.13526228 0.45799859 -0.00885025
v -0.13526228 0.45799859 0.05045913
v -0.13526228 0.46049859 -0.00885026
v -0.13526228 0.46049859 0.05093056
v -0.13526228 0.46299859 -0.00885021
v -0.13526228 0.46299859 0.05107950
v -0.13526228 0.46549859 -0.00885016
v -0.13526228 0.46549859 0.05047961
v -0.13526228 0.46799859 -0.00885016
v -0.13526228 0.46799859 0.05020547
v -0.13526228 0.47049859 -0.00884994
v -0.13526228 0.47049859 0.05002313
v -0.13526228 0.47299859 -0.00884998
v -0.13526228 0.47299859 0.04987826
v -0.13526228 0.47285881 0.04988557
v -0.13526228 0.47549859 -0.00885023
v -0.13526228 0.47549859 0.04984906
v -0.13526228 0.47799859 -0.00884989
v -0.13526228 0.47563783 0.04988557
v -0.13600789 0.47799859 0.04988557
v -0.13526228 0.47799859 0.05027372
v -0.13526228 0.48049859 -0.00884997
v -0.13526228 0.48049859 0.04877323
v -0.13526228 0.47867736 0.04988557
v -0.13526228 0.48299859 -0.00884608
v -0.13526228 0.48299859 0.04700866
v -0.13526228 0.48238827 0.04738557
v -0.13526228 0.48549859 -0.00880622
v -0.13643358 0.48549859 0.01488557
v -0.13569840 0.48549859 0.01738557
v -0.13619643 0.48549859 0.01988557
v -0.13576255 0.48549859 0.02238557
v -0.13573656 0.48549859 0.02488557
v -0.13526228 0.48549859 0.02572893
v -0.13526228 0.48498131 0.02738557
v -0.13526228 0.48506368 0.02988557
v -0.13526228 0.48489909 0.03238557
v -0.13526228 0.48533624 0.03488557
v -0.13526228 0.48469730 0.03738557
v -0.13526228 0.48461557 0.03988557
v -0.13526228 0.48513113 0.04238557
v -0.13526228 0.48455764 0.04488557
v -0.13526228 0.48799859 -0.00876405
v -0.13741076 0.48799859 0.00238557
v -0.13651689 0.48799859 0.00488557
v -0.13526228 0.48799859 0.00673713
v -0.13526228 0.48776549 0.00738557
v -0.13573053 0.48799859 0.00988557
v -0.13526228 0.48799859 0.00869610
v -0.13526228 0.48799859 0.01008593
v -0.13526228 0.48675321 0.01238557
v -0.13526228 0.48657131 0.01488557
v -0.13526228 0.48581276 0.01738557
v -0.13526228 0.48570240 0.01988557
v -0.13526228 0.48571322 0.02238557
v -0.13526228 0.48571567 0.02488557
v -0.13526228 0.49049859 -0.00771726
v -0.13748980 0.49049859 -0.00011443
v -0.13526228 0.49049859 0.00132691
v -0.13526228 0.48894534 0.00238557
v -0.13526228 0.48838599 0.00488557
v -0.13526228 0.48822063 0.00988557
v -0.13526228 0.49299859 -0.00825239
v -0.13528505 0.49299859 -0.00261443
v -0.13526228 0.49299859 -0.00262853
v -0.13526228 0.49299064 -0.00261443
v -0.13526228 0.49207125 -0.00011443
v -0.13526228 0.49549859 -0.00824119
v -0.13526228 0.49549859 -0.00368694
v -0.13526228 0.49799859 -0.00823432
v -0.13526228 0.49799859 -0.00385149
v -0.13526228 0.50049859 -0.00813806
v -0.13526228 0.50049859 -0.00472533
v -0.13526228 0.50299859 -0.00835676
v -0.13526228 0.50299859 -0.00579802
v -0.13526228 0.50090781 -0.00511443
v -0.13526228 0.50501481 -0.00761443
v -0.13703365 0.50799859 -0.00761443
v -0.13526228 0.50614514 -0.00761443
v -0.13526228 0.50799859 -0.00817722
v -0.13526228 0.50799859 -0.00629314
v -0.13526228 0.51049859 -0.00818565
v -0.13526228 0.51009613 -0.00511443
v -0.13526228 0.51049859 -0.00484356
v -0.13526228 0.51299859 -0.00823965
v -0.13526228 0.51299859 -0.00434595
v -0.13526228 0.51549859 -0.00822255
v -0.13526228 0.51549859 -0.00476338
v -0.13526228 0.51799859 -0.00812234
v -0.13723041 0.51799859 -0.00511443
v -0.13526228 0.51799859 -0.00573445
v -0.13526228 0.51636776 -0.00511443
v -0.13526228 0.51850650 -0.00761443
v -0.13411146 0.41049859 -0.00761443
v -0.13276228 0.41098667 -0.00761443
v -0.13276228 0.41299859 -0.00799114
v -0.13276228 0.41285385 -0.00511443
v -0.13339125 0.41299859 -0.00261443
v -0.13276228 0.41299859 -0.00459064
v -0.13381165 0.41299859 0.00238557
v -0.13311377 0.41299859 0.00488557
v -0.13365083 0.41299859 0.00738557
v -0.13276228 0.41299859 0.00863680
v -0.13276228 0.41264338 0.00988557
v -0.13367538 0.41299859 0.01238557
v -0.13276228 0.41299859 0.01136133
v -0.13420109 0.41299859 0.01488557
v -0.13460164 0.41299859 0.01988557
v -0.13326885 0.41299859 0.02738557
v -0.13276228 0.41288226 0.02738557
v -0.13276228 0.41299859 0.02722435
v -0.13519154 0.41299859 0.02988557
v -0.13276228 0.41255029 0.02988557
v -0.13276228 0.41274780 0.03238557
v -0.13276228 0.41216290 0.03488557
v -0.13276228 0.41280362 0.03738557
v -0.13383889 0.41299859 0.03988557
v -0.13276228 0.41299859 0.03837649
v -0.13276228 0.41549859 -0.00849034
v -0.13276228 0.41332348 -0.00261443
v -0.13276228 0.41344342 -0.00011443
v -0.13276228 0.41364982 0.00238557
v -0.13276228 0.41319117 0.00488557
v -0.13276228 0.41356875 0.00738557
v -0.13276228 0.41345069 0.01238557
v -0.13276228 0.41336691 0.01488557
v -0.13276228 0.41409263 0.01738557
v -0.13276228 0.41397492 0.01988557
v -0.13276228 0.41528820 0.02238557
v -0.13276228 0.41428429 0.02488557
v -0.13276228 0.41353486 0.03988557
v -0.13276228 0.41429093 0.04238557
v -0.13276228 0.41490383 0.04488557
v -0.13442035 0.41549859 0.04738557
v -0.13276228 0.41549859 0.04614374
v -0.13276228 0.41799859 -0.00875219
v -0.13276228 0.41718484 0.04738557
v -0.13276228 0.41799859 0.04772937
v -0.13276228 0.42049859 -0.00878642
v -0.13276228 0.42049859 0.04815400
v -0.13276228 0.42299859 -0.00882741
v -0.13276228 0.42299859 0.04856093
v -0.13276228 0.42549859 -0.00883177
v -0.13276228 0.42549859 0.04852448
v -0.13276228 0.42799859 -0.00884136
v -0.13276228 0.42799859 0.04862554
v -0.13276228 0.43049859 -0.00884616
v -0.13276228 0.43049859 0.04843782
v -0.13276228 0.43299859 -0.00884899
v -0.13276228 0.43299859 0.04795583
v -0.13276228 0.43549859 -0.00869768
v -0.13276228 0.43549859 0.04778970
v -0.13276228 0.43799859 -0.00885072
v -0.13276228 0.43799859 0.04800383
v -0.13276228 0.44049859 -0.00885067
v -0.13276228 0.44049859 0.04820037
v -0.13276228 0.44299859 -0.00869843
v -0.13276228 0.44299859 0.04844069
v -0.13276228 0.44549859 -0.00869861
v -0.13276228 0.44549859 0.04840337
v -0.13276228 0.44799859 -0.00885060
v -0.13276228 0.44799859 0.04825717
v -0.13276228 0.45049859 -0.00885046
v -0.13385519 0.45049859 0.04988557
v -0.13276228 0.45049859 0.04933821
v -0.13276228 0.45299859 -0.00885056
v -0.13276228 0.45299859 0.04950444
v -0.13276228 0.45549859 -0.00885028
v -0.13378369 0.45549859 0.04988557
v -0.13276228 0.45549859 0.04968794
v -0.13276228 0.45799859 -0.00885020
v -0.13276228 0.45716447 0.04988557
v -0.13276228 0.45799859 0.04997920
v -0.13276228 0.46049859 -0.00885020
v -0.13276228 0.46049859 0.05061609
v -0.13276228 0.46299859 -0.00869900
v -0.13276228 0.46299859 0.05085024
v -0.13276228 0.46549859 -0.00885021
v -0.13276228 0.46549859 0.05056401
v -0.13276228 0.46799859 -0.00885016
v -0.13276228 0.46799859 0.04996087
v -0.13276228 0.47049859 -0.00885011
v -0.13470346 0.47049859 0.04988557
v -0.13276228 0.47049859 0.04945734
v -0.13276228 0.46835542 0.04988557
v -0.13276228 0.47299859 -0.00885015
v -0.13276228 0.47299859 0.04980743
v -0.13276228 0.47549859 -0.00885003
v -0.13276228 0.47549859 0.04956517
v -0.13276228 0.47799859 -0.00884998
v -0.13276228 0.47752671 0.04988557
v -0.13276228 0.47799859 0.04995683
v -0.13276228 0.48049859 -0.00884739
v -0.13276228 0.48049859 0.04875406
v -0.13276228 0.47816396 0.04988557
v -0.13276228 0.48299859 -0.00884671
v -0.13456154 0.48299859 0.04738557
v -0.13276228 0.48299859 0.04830664
v -0.13276228 0.48549859 -0.00882408
v -0.13445908 0.48549859 0.02738557
v -0.13306920 0.48549859 0.02988557
v -0.13405643 0.48549859 0.03238557
v -0.13469948 0.48549859 0.03488557
v -0.13386535 0.48549859 0.03738557
v -0.13358216 0.48549859 0.03988557
v -0.13460546 0.48549859 0.04238557
v -0.13362520 0.48549859 0.04488557
v -0.13276228 0.48549859 0.04567799
v -0.13276228 0.48399702 0.04738557
v -0.13276228 0.48799859 -0.00877861
v -0.13486676 0.48799859 0.00738557
v -0.13276228 0.48799859 0.01184627
v -0.13276228 0.48787256 0.01238557
v -0.13276228 0.48744068 0.01488557
v -0.13276228 0.48695590 0.01738557
v -0.13276228 0.48703988 0.01988557
v -0.13276228 0.48651862 0.02238557
v -0.13276228 0.48708870 0.02488557
v -0.13276228 0.48622776 0.02738557
v -0.13276228 0.48558410 0.02988557
v -0.13276228 0.48628389 0.03238557
v -0.13276228 0.48607021 0.03488557
v -0.13276228 0.48624137 0.03738557
v -0.13276228 0.48608883 0.03988557
v -0.13276228 0.48583528 0.04238557
v -0.13276228 0.48609991 0.04488557
v -0.13276228 0.49049859 -0.00781938
v -0.13367567 0.49049859 0.00238557
v -0.13276228 0.49049859 0.00398637
v -0.13276228 0.49003855 0.00488557
v -0.13276228 0.48870157 0.00738557
v -0.13276228 0.48968042 0.00988557
v -0.13276228 0.49299859 -0.00805848
v -0.13485477 0.49299859 -0.00261443
v -0.13316416 0.49299859 -0.00011443
v -0.13276228 0.49299859 0.00007452
v -0.13276228 0.49108447 0.00238557
v -0.13276228 0.49549859 -0.00828748
v -0.13276228 0.49549859 -0.00326181
v -0.13276228 0.49313250 -0.00261443
v -0.13276228 0.49323211 -0.00011443
v -0.13276228 0.49799859 -0.00824859
v -0.13276228 0.49799859 -0.00393139
v -0.13276228 0.50049859 -0.00786581
v -0.13276228 0.50049859 -0.00439995
v -0.13276228 0.50299859 -0.00841410
v -0.13276228 0.50299859 -0.00527140
v -0.13276228 0.50217424 -0.00511443
v -0.13326715 0.50549859 -0.00761443
v -0.13276228 0.50549859 -0.00767694
v -0.13276228 0.50549859 -0.00740170
v -0.13276228 0.50799859 -0.00818944
v -0.13321081 0.50799859 -0.00511443
v -0.13276228 0.50757240 -0.00511443
v -0.13276228 0.50799859 -0.00467683
v -0.13276228 0.51049859 -0.00818529
v -0.13276228 0.51049859 -0.00407402
v -0.13276228 0.51299859 -0.00827252
v -0.13276228 0.51299859 -0.00476278
v -0.13276228 0.51549859 -0.00811726
v -0.13276228 0.51549859 -0.00499548
v -0.13276228 0.51799859 -0.00810500
v -0.13377239 0.51799859 -0.00511443
v -0.13276228 0.51799859 -0.00464221
v -0.13276228 0.51848916 -0.00761443
v -0.13276228 0.51813343 -0.00511443
v -0.13026228 0.41102266 -0.00761443
v -0.13026228 0.41299859 -0.00807043
v -0.13026228 0.41278193 -0.00511443
v -0.13026228 0.41299859 -0.00462270
v -0.13212645 0.41299859 0.00988557
v -0.13026228 0.41248787 0.02738557
v -0.13026228 0.41299859 0.02670380
v -0.13166765 0.41299859 0.02988557
v -0.13026228 0.41299859 0.02853842
v -0.13026228 0.41299859 0.03235821
v -0.13026228 0.41298562 0.03238557
v -0.13026228 0.41291414 0.03488557
v -0.13248895 0.41299859 0.03738557
v -0.13026228 0.41299859 0.03511502
v -0.13026228 0.41549859 -0.00842018
v -0.13026228 0.41349112 -0.00261443
v -0.13026228 0.41409702 -0.00011443
v -0.13026228 0.41438139 0.00238557
v -0.13026228 0.41439454 0.00488557
v -0.13026228 0.41547516 0.00738557
v -0.13026228 0.41470910 0.00988557
v -0.13053221 0.41549859 0.01238557
v -0.13026228 0.41549859 0.01183684
v -0.13026228 0.41549859 0.01266064
v -0.13026228 0.41435238 0.01488557
v -0.13026228 0.41470774 0.01738557
v -0.13108604 0.41549859 0.01988557
v -0.13026228 0.41549859 0.01915115
v -0.13234527 0.41549859 0.02238557
v -0.13026228 0.41549859 0.02284651
v -0.13026228 0.41425157 0.02488557
v -0.13026228 0.41403009 0.02988557
v -0.13026228 0.41440238 0.03738557
v -0.13026228 0.41506046 0.03988557
v -0.13143243 0.41549859 0.04238557
v -0.13026228 0.41549859 0.04050757
v -0.13026228 0.41549859 0.04405597
v -0.13026228 0.41519741 0.04488557
v -0.13026228 0.41549859 0.04685570
v -0.13026228 0.41799859 -0.00870189
v -0.13026228 0.41563614 0.01238557
v -0.13026228 0.41593482 0.01988557
v -0.13026228 0.41607689 0.02238557
v -0.13026228 0.41590955 0.04238557
v -0.13026228 0.41679497 0.04738557
v -0.13026228 0.41799859 0.04750500
v -0.13026228 0.42049859 -0.00877136
v -0.13026228 0.42049859 0.04773410
v -0.13026228 0.42299859 -0.00880395
v -0.13026228 0.42299859 0.04829283
v -0.13026228 0.42549859 -0.00876194
v -0.13026228 0.42549859 0.04823135
v -0.13026228 0.42799859 -0.00884061
v -0.13026228 0.42799859 0.04845547
v -0.13026228 0.43049859 -0.00884224
v -0.13026228 0.43049859 0.04857666
v -0.13026228 0.43299859 -0.00883868
v -0.13026228 0.43299859 0.04841056
v -0.13026228 0.43549859 -0.00884968
v -0.13026228 0.43549859 0.04847463
v -0.13026228 0.43799859 -0.00885470
v -0.13026228 0.43799859 0.04815323
v -0.13026228 0.44049859 -0.00885461
v -0.13026228 0.44049859 0.04822508
v -0.13026228 0.44299859 -0.00885477
v -0.13026228 0.44299859 0.04847354
v -0.13026228 0.44549859 -0.00885007
v -0.13026228 0.44549859 0.04835209
v -0.13026228 0.44799859 -0.00885059
v -0.13026228 0.44799859 0.04826712
v -0.13026228 0.45049859 -0.00885040
v -0.13026228 0.45049859 0.04901064
v -0.13026228 0.45299859 -0.00885077
v -0.13026228 0.45299859 0.04953027
v -0.13026228 0.45549859 -0.00885064
v -0.13026228 0.45549859 0.04984255
v -0.13026228 0.45799859 -0.00885056
v -0.13026228 0.45602372 0.04988557
v -0.13026228 0.45799859 0.05003086
v -0.13026228 0.46049859 -0.00870231
v -0.13026228 0.46049859 0.04999044
v -0.13026228 0.46299859 -0.00869887
v -0.13026228 0.46299859 0.05045039
v -0.13026228 0.46549859 -0.00869887
v -0.13026228 0.46549859 0.05007445
v -0.13026228 0.46799859 -0.00885010
v -0.13204838 0.46799859 0.04988557
v -0.13026228 0.46799859 0.04968837
v -0.13026228 0.46663165 0.04988557
v -0.13026228 0.47049859 -0.00885010
v -0.13026228 0.47049859 0.04949908
v -0.13026228 0.47299859 -0.00885014
v -0.13026228 0.47299859 0.04985674
v -0.13026228 0.47549859 -0.00885002
v -0.13026228 0.47311674 0.04988557
v -0.13165545 0.47549859 0.04988557
v -0.13026228 0.47549859 0.05030245
v -0.13026228 0.47799859 -0.00884676
v -0.13026228 0.47799859 0.05005007
v -0.13026228 0.48049859 -0.00884635
v -0.13026228 0.48049859 0.04889756
v -0.13026228 0.47833063 0.04988557
v -0.13026228 0.48299859 -0.00884648
v -0.13026228 0.48299859 0.04865377
v -0.13026228 0.48549859 -0.00883552
v -0.13026228 0.48549859 0.04710057
v -0.13026228 0.48533197 0.04738557
v -0.13026228 0.48799859 -0.00879885
v -0.13240790 0.48799859 0.01238557
v -0.13026228 0.48799859 0.01433290
v -0.13026228 0.48780622 0.01488557
v -0.13099542 0.48799859 0.01738557
v -0.13026228 0.48799859 0.01631409
v -0.13026228 0.48799859 0.01807568
v -0.13026228 0.48757338 0.01988557
v -0.13026228 0.48736552 0.02238557
v -0.13026228 0.48783262 0.02488557
v -0.13026228 0.48743086 0.02738557
v -0.13026228 0.48790568 0.02988557
v -0.13026228 0.48724762 0.03238557
v -0.13026228 0.48711909 0.03488557
v -0.13026228 0.48692534 0.03738557
v -0.13045231 0.48799859 0.03988557
v -0.13026228 0.48799859 0.03962474
v -0.13026228 0.48799859 0.04001640
v -0.13026228 0.48643268 0.04238557
v -0.13092331 0.48799859 0.04488557
v -0.13026228 0.48799859 0.04418055
v -0.13026228 0.48799859 0.04559602
v -0.13026228 0.49049859 -0.00842708
v -0.13137015 0.49049859 0.00488557
v -0.13050389 0.49049859 0.00738557
v -0.13105243 0.49049859 0.00988557
v -0.13026228 0.49049859 0.01065583
v -0.13026228 0.48991702 0.01238557
v -0.13026228 0.48825867 0.01738557
v -0.13026228 0.48826333 0.03988557
v -0.13026228 0.48848289 0.04488557
v -0.13026228 0.49299859 -0.00774064
v -0.13227944 0.49299859 -0.00011443
v -0.13026228 0.49299859 -0.00176777
v -0.13026228 0.49218642 -0.00011443
v -0.13026228 0.49299859 0.00190863
v -0.13044859 0.49299859 0.00238557
v -0.13026228 0.49299859 0.00256011
v -0.13026228 0.49078137 0.00488557
v -0.13026228 0.49074427 0.00738557
v -0.13026228 0.49060027 0.00988557
v -0.13026228 0.49549859 -0.00826107
v -0.13026228 0.49549859 -0.00266741
v -0.13026228 0.49532275 -0.00261443
v -0.13026228 0.49319765 0.00238557
v -0.13026228 0.49799859 -0.00823280
v -0.13026228 0.49799859 -0.00385576
v -0.13026228 0.50049859 -0.00839712
v -0.13152706 0.50049859 -0.00511443
v -0.13026228 0.50049859 -0.00542889
v -0.13026228 0.49969155 -0.00511443
v -0.13026228 0.50299859 -0.00839703
v -0.13250538 0.50299859 -0.00511443
v -0.13026228 0.50097981 -0.00511443
v -0.13026228 0.50299859 -0.00410333
v -0.13026228 0.50549859 -0.00834643
v -0.13072187 0.50549859 -0.00511443
v -0.13026228 0.50549859 -0.00465967
v -0.13026228 0.50799859 -0.00817772
v -0.13026228 0.50799859 -0.00476619
v -0.13026228 0.51049859 -0.00816401
v -0.13026228 0.51049859 -0.00411512
v -0.13026228 0.51299859 -0.00812942
v -0.13026228 0.51299859 -0.00412441
v -0.13026228 0.51549859 -0.00816811
v -0.13026228 0.51549859 -0.00439291
v -0.13026228 0.51799859 -0.00820500
v -0.13026228 0.51799859 -0.00480233
v -0.13026228 0.51858917 -0.00761443
v -0.13026228 0.51810548 -0.00511443
v -0.12776228 0.41167091 -0.00761443
v -0.12776228 0.41299859 -0.00775518
v -0.12776228 0.41292639 -0.00511443
v -0.12776228 0.41299859 -0.00501761
v -0.12944929 0.41299859 0.02738557
v -0.13023960 0.41299859 0.03238557
v -0.13012450 0.41299859 0.03488557
v -0.12776228 0.41549859 -0.00823479
v -0.12776228 0.41361707 -0.00261443
v -0.12776228 0.41453978 -0.00011443
v -0.12834357 0.41549859 0.00238557
v -0.12776228 0.41549859 0.00201953
v -0.12812481 0.41549859 0.00488557
v -0.13016712 0.41549859 0.00738557
v -0.12965080 0.41549859 0.00988557
v -0.12874497 0.41549859 0.01488557
v -0.12867338 0.41549859 0.01738557
v -0.12776228 0.41539805 0.01988557
v -0.12776228 0.41549859 0.01964852
v -0.12807772 0.41549859 0.01988557
v -0.12925300 0.41549859 0.02238557
v -0.12776228 0.41434878 0.02238557
v -0.12776228 0.41518651 0.02488557
v -0.12776228 0.41516428 0.02738557
v -0.12776228 0.41480302 0.02988557
v -0.12776228 0.41495054 0.03238557
v -0.12776228 0.41505651 0.03488557
v -0.12861455 0.41549859 0.03738557
v -0.12776228 0.41549859 0.03608453
v -0.12970796 0.41549859 0.03988557
v -0.12776228 0.41522046 0.04488557
v -0.12776228 0.41549859 0.04432063
v -0.12776228 0.41549859 0.04589591
v -0.12776228 0.41799859 -0.00861265
v -0.12776228 0.41572408 0.00238557
v -0.12776228 0.41591827 0.00488557
v -0.12795808 0.41799859 0.00738557
v -0.12776228 0.41799859 0.00682336
v -0.12776228 0.41799859 0.00762660
v -0.12776228 0.41674517 0.00988557
v -0.12776228 0.41726233 0.01238557
v -0.12776228 0.41619936 0.01488557
v -0.12776228 0.41612995 0.01738557
v -0.12776228 0.41626243 0.03738557
v -0.12776228 0.41627342 0.03988557
v -0.12776228 0.41653355 0.04238557
v -0.12776228 0.41720390 0.04738557
v -0.12776228 0.41799859 0.04773500
v -0.12776228 0.42049859 -0.00877347
v -0.12776228 0.41816116 0.00738557
v -0.12776228 0.42049859 0.04801327
v -0.12776228 0.42299859 -0.00876393
v -0.12776228 0.42299859 0.04851511
v -0.12776228 0.42549859 -0.00874296
v -0.12776228 0.42549859 0.04849768
v -0.12776228 0.42799859 -0.00883767
v -0.12776228 0.42799859 0.04856604
v -0.12776228 0.43049859 -0.00884544
v -0.12776228 0.43049859 0.04849372
v -0.12776228 0.43299859 -0.00884475
v -0.12776228 0.43299859 0.04944647
v -0.12776228 0.43549859 -0.00885402
v -0.12776228 0.43549859 0.04929447
v -0.12776228 0.43799859 -0.00885468
v -0.12776228 0.43799859 0.04872967
v -0.12776228 0.44049859 -0.00885455
v -0.12776228 0.44049859 0.04848506
v -0.12776228 0.44299859 -0.00885465
v -0.12776228 0.44299859 0.04844054
v -0.12776228 0.44549859 -0.00885476
v -0.12776228 0.44549859 0.04849012
v -0.12776228 0.44799859 -0.00885057
v -0.12776228 0.44799859 0.04849827
v -0.12776228 0.45049859 -0.00885079
v -0.12776228 0.45049859 0.04941750
v -0.12776228 0.45299859 -0.00885071
v -0.12776228 0.45299859 0.04959610
v -0.12776228 0.45549859 -0.00885063
v -0.12776228 0.45549859 0.04931569
v -0.12776228 0.45799859 -0.00885050
v -0.12952315 0.45799859 0.04988557
v -0.12776228 0.45799859 0.04956402
v -0.12776228 0.46049859 -0.00870224
v -0.12776228 0.46033755 0.04988557
v -0.12776228 0.46049859 0.04990777
v -0.12776228 0.46299859 -0.00870219
v -0.12776228 0.46299859 0.05024311
v -0.12776228 0.46549859 -0.00870225
v -0.12901705 0.46549859 0.04988557
v -0.12776228 0.46549859 0.04971597
v -0.12776228 0.46464892 0.04988557
v -0.12776228 0.46799859 -0.00885032
v -0.12776228 0.46799859 0.04956936
v -0.12776228 0.47049859 -0.00885041
v -0.12776228 0.47049859 0.04947176
v -0.12776228 0.47299859 -0.00885036
v -0.12776228 0.47299859 0.04947054
v -0.12776228 0.47549859 -0.00884705
v -0.12841811 0.47549859 0.04988557
v -0.12776228 0.47549859 0.04970792
v -0.12776228 0.47799859 -0.00869892
v -0.12980150 0.47799859 0.04988557
v -0.12776228 0.47799859 0.04914567
v -0.12776228 0.48049859 -0.00869901
v -0.12776228 0.48049859 0.04935732
v -0.12776228 0.48299859 -0.00884678
v -0.12776228 0.48299859 0.04851091
v -0.12776228 0.48549859 -0.00884594
v -0.12776228 0.48549859 0.04654707
v -0.12776228 0.48467200 0.04738557
v -0.12776228 0.48799859 -0.00883054
v -0.12957997 0.48799859 0.01488557
v -0.12952423 0.48799859 0.01988557
v -0.12838100 0.48799859 0.02238557
v -0.12868587 0.48799859 0.02488557
v -0.12892302 0.48799859 0.02738557
v -0.12776228 0.48799859 0.02977105
v -0.12776228 0.48796975 0.02988557
v -0.12889379 0.48799859 0.03238557
v -0.12776228 0.48799859 0.03001099
v -0.12776228 0.48799859 0.03352833
v -0.12776228 0.48744013 0.03488557
v -0.12776228 0.48711392 0.03738557
v -0.12776228 0.48774922 0.03988557
v -0.12947527 0.48799859 0.03988557
v -0.12776228 0.48768753 0.04238557
v -0.12776228 0.48799859 0.04304204
v -0.12776228 0.48799859 0.04585542
v -0.12776228 0.49049859 -0.00850967
v -0.12845098 0.49049859 0.01238557
v -0.12776228 0.49049859 0.01298303
v -0.12776228 0.48968156 0.01488557
v -0.12776228 0.48851813 0.01738557
v -0.12776228 0.48895771 0.01988557
v -0.12776228 0.48827015 0.02238557
v -0.12776228 0.48808094 0.02488557
v -0.12776228 0.48862065 0.02738557
v -0.12776228 0.48844796 0.03238557
v -0.12776228 0.48914668 0.04488557
v -0.12776228 0.49299859 -0.00842167
v -0.12776228 0.49299859 -0.00248890
v -0.12776228 0.49242505 -0.00011443
v -0.12776228 0.49200806 0.00238557
v -0.12997953 0.49299859 0.00238557
v -0.12776228 0.49299859 0.00411391
v -0.12828252 0.49299859 0.00488557
v -0.12783567 0.49299859 0.00738557
v -0.12776228 0.49299859 0.00743288
v -0.12776228 0.49090630 0.00988557
v -0.12776228 0.49057035 0.01238557
v -0.12776228 0.49549859 -0.00822264
v -0.12776228 0.49307510 -0.00261443
v -0.12776228 0.49549859 -0.00385103
v -0.12776228 0.49465292 0.00488557
v -0.12776228 0.49308251 0.00738557
v -0.12776228 0.49799859 -0.00788203
v -0.12776228 0.49799859 -0.00377755
v -0.12776228 0.50049859 -0.00835469
v -0.12776228 0.50049859 -0.00547443
v -0.12776228 0.49954443 -0.00511443
v -0.12776228 0.50299859 -0.00842069
v -0.12776228 0.50106388 -0.00511443
v -0.12776228 0.50299859 -0.00320675
v -0.12776228 0.50549859 -0.00832477
v -0.12776228 0.50549859 -0.00376807
v -0.12776228 0.50799859 -0.00815402
v -0.12776228 0.50799859 -0.00421767
v -0.12776228 0.51049859 -0.00817021
v -0.12776228 0.51049859 -0.00428166
v -0.12776228 0.51299859 -0.00817129
v -0.12776228 0.51299859 -0.00482198
v -0.12776228 0.51549859 -0.00814710
v -0.12776228 0.51549859 -0.00486175
v -0.12776228 0.51799859 -0.00816285
v -0.12776228 0.51799859 -0.00470850
v -0.12776228 0.51854701 -0.00761443
v -0.12776228 0.51814581 -0.00511443
v -0.12542588 0.41299859 -0.00761443
v -0.12769719 0.41299859 -0.00511443
v -0.12526228 0.41309136 -0.00761443
v -0.12526228 0.41549859 -0.00785893
v -0.12526228 0.41479308 -0.00511443
v -0.12526228 0.41502653 -0.00261443
v -0.12566607 0.41549859 -0.00011443
v -0.12526228 0.41549859 -0.00086381
v -0.12526228 0.41549859 0.00099960
v -0.12526228 0.41521891 0.00238557
v -0.12671938 0.41549859 0.00238557
v -0.12526228 0.41549859 0.00297165
v -0.12664607 0.41549859 0.01488557
v -0.12526228 0.41495851 0.01488557
v -0.12526228 0.41549859 0.01414951
v -0.12604396 0.41549859 0.01738557
v -0.12526228 0.41501405 0.01738557
v -0.12757529 0.41549859 0.01988557
v -0.12526228 0.41549859 0.01803518
v -0.12672445 0.41549859 0.02238557
v -0.12674409 0.41549859 0.02488557
v -0.12707935 0.41549859 0.02738557
v -0.12693830 0.41549859 0.02988557
v -0.12716454 0.41549859 0.03238557
v -0.12716329 0.41549859 0.03488557
v -0.12716386 0.41549859 0.04488557
v -0.12526228 0.41799859 -0.00858842
v -0.12526228 0.41570178 -0.00011443
v -0.12526228 0.41689059 0.00488557
v -0.12673996 0.41799859 0.00738557
v -0.12526228 0.41761713 0.00738557
v -0.12526228 0.41684058 0.00988557
v -0.12526228 0.41729081 0.01238557
v -0.12526228 0.41624026 0.01988557
v -0.12526228 0.41648078 0.02238557
v -0.12526228 0.41635643 0.02488557
v -0.12526228 0.41741109 0.02738557
v -0.12526228 0.41799129 0.02988557
v -0.12526228 0.41737720 0.03238557
v -0.12526228 0.41712038 0.03488557
v -0.12589990 0.41799859 0.03738557
v -0.12526228 0.41799859 0.03656189
v -0.12526228 0.41799859 0.03801124
v -0.12526228 0.41719926 0.03988557
v -0.12526228 0.41737477 0.04238557
v -0.12526228 0.41700193 0.04488557
v -0.12690182 0.41799859 0.04738557
v -0.12526228 0.41799859 0.04642741
v -0.12526228 0.42049859 -0.00849665
v -0.12526228 0.41827723 0.03738557
v -0.12526228 0.41990505 0.04738557
v -0.12526228 0.42049859 0.04768006
v -0.12526228 0.42299859 -0.00879871
v -0.12526228 0.42299859 0.04898888
v -0.12526228 0.42549859 -0.00882403
v -0.12526228 0.42549859 0.04858415
v -0.12526228 0.42799859 -0.00884316
v -0.12526228 0.42799859 0.04863469
v -0.12526228 0.43049859 -0.00884339
v -0.12526228 0.43049859 0.04885286
v -0.12526228 0.43299859 -0.00884681
v -0.12526228 0.43299859 0.04967037
v -0.12526228 0.43549859 -0.00885187
v -0.12526228 0.43549859 0.04947063
v -0.12526228 0.43799859 -0.00885340
v -0.12526228 0.43799859 0.04899926
v -0.12526228 0.44049859 -0.00885409
v -0.12526228 0.44049859 0.04885360
v -0.12526228 0.44299859 -0.00885466
v -0.12526228 0.44299859 0.04879392
v -0.12526228 0.44549859 -0.00885465
v -0.12526228 0.44549859 0.04857690
v -0.12526228 0.44799859 -0.00884990
v -0.12526228 0.44799859 0.04858195
v -0.12526228 0.45049859 -0.00885073
v -0.12526228 0.45012903 0.04988557
v -0.12652419 0.45049859 0.04988557
v -0.12526228 0.45049859 0.05008177
v -0.12526228 0.45299859 -0.00885065
v -0.12526228 0.45299859 0.04966658
v -0.12526228 0.45168662 0.04988557
v -0.12526228 0.45549859 -0.00885057
v -0.12526228 0.45549859 0.04922529
v -0.12526228 0.45799859 -0.00885057
v -0.12526228 0.45799859 0.04939737
v -0.12526228 0.46049859 -0.00885046
v -0.12756145 0.46049859 0.04988557
v -0.12526228 0.46049859 0.04966334
v -0.12526228 0.46299859 -0.00885041
v -0.12526228 0.46174656 0.04988557
v -0.12526228 0.46299859 0.05013569
v -0.12526228 0.46549859 -0.00870251
v -0.12526228 0.46549859 0.04943522
v -0.12526228 0.46387679 0.04988557
v -0.12526228 0.46799859 -0.00870246
v -0.12526228 0.46799859 0.04971028
v -0.12526228 0.47049859 -0.00884711
v -0.12526228 0.47031002 0.04988557
v -0.12534462 0.47049859 0.04988557
v -0.12526228 0.47049859 0.04989935
v -0.12526228 0.47299859 -0.00884712
v -0.12671287 0.47299859 0.04988557
v -0.12526228 0.47299859 0.05036975
v -0.12526228 0.47549859 -0.00884680
v -0.12526228 0.47549859 0.04982982
v -0.12526228 0.47529013 0.04988557
v -0.12526228 0.47799859 -0.00869898
v -0.12526228 0.47799859 0.04958571
v -0.12526228 0.48049859 -0.00869898
v -0.12526228 0.48049859 0.04896022
v -0.12526228 0.48299859 -0.00884674
v -0.12526228 0.48299859 0.04804862
v -0.12526228 0.48549859 -0.00884646
v -0.12526228 0.48549859 0.04707535
v -0.12526228 0.48479835 0.04738557
v -0.12526228 0.48799859 -0.00883485
v -0.12553499 0.48799859 0.02738557
v -0.12526228 0.48799859 0.02520404
v -0.12526228 0.48792987 0.02738557
v -0.12763815 0.48799859 0.02988557
v -0.12526228 0.48799859 0.02767953
v -0.12577793 0.48799859 0.03488557
v -0.12587522 0.48799859 0.03738557
v -0.12707274 0.48799859 0.03988557
v -0.12710454 0.48799859 0.04238557
v -0.12526228 0.48799859 0.04553742
v -0.12526228 0.49049859 -0.00858665
v -0.12526228 0.49049859 0.01281067
v -0.12526228 0.48940637 0.01488557
v -0.12526228 0.48903305 0.01738557
v -0.12526228 0.48810846 0.01988557
v -0.12526228 0.48845271 0.02238557
v -0.12526228 0.48802239 0.02488557
v -0.12526228 0.48852222 0.02988557
v -0.12526228 0.48859772 0.03238557
v -0.12526228 0.48814702 0.03488557
v -0.12526228 0.48859473 0.03738557
v -0.12526228 0.48902017 0.03988557
v -0.12526228 0.48880558 0.04238557
v -0.12526228 0.48873093 0.04488557
v -0.12526228 0.49299859 -0.00851517
v -0.12748485 0.49299859 -0.00261443
v -0.12526228 0.49299859 -0.00283994
v -0.12526228 0.49280740 -0.00261443
v -0.12526228 0.49284234 -0.00011443
v -0.12526228 0.49297985 0.00238557
v -0.12526228 0.49299859 0.00244582
v -0.12761934 0.49299859 0.00738557
v -0.12526228 0.49299859 0.00591211
v -0.12526228 0.49197220 0.00738557
v -0.12526228 0.49104444 0.00988557
v -0.12526228 0.49064460 0.01238557
v -0.12526228 0.49549859 -0.00818264
v -0.12608927 0.49549859 -0.00261443
v -0.12526228 0.49384469 -0.00261443
v -0.12526228 0.49549859 -0.00145484
v -0.12526228 0.49384951 0.00488557
v -0.12526228 0.49799859 -0.00840636
v -0.12611247 0.49799859 -0.00511443
v -0.12526228 0.49799859 -0.00539700
v -0.12526228 0.49726141 -0.00511443
v -0.12526228 0.49660923 -0.00261443
v -0.12526228 0.50049859 -0.00839801
v -0.12712588 0.50049859 -0.00511443
v -0.12526228 0.49855322 -0.00511443
v -0.12526228 0.50049859 -0.00392653
v -0.12526228 0.50299859 -0.00829972
v -0.12628807 0.50299859 -0.00261443
v -0.12526228 0.50253341 -0.00261443
v -0.12526228 0.50299859 -0.00225755
v -0.12526228 0.50549859 -0.00829538
v -0.12526228 0.50549859 -0.00385736
v -0.12526228 0.50350144 -0.00261443
v -0.12526228 0.50799859 -0.00828030
v -0.12586852 0.50799859 -0.00511443
v -0.12526228 0.50799859 -0.00529668
v -0.12526228 0.50769968 -0.00511443
v -0.12526228 0.51049859 -0.00808762
v -0.12526228 0.50908176 -0.00511443
v -0.12526228 0.51049859 -0.00481227
v -0.12526228 0.51299859 -0.00811620
v -0.12604586 0.51299859 -0.00511443
v -0.12526228 0.51299859 -0.00526741
v -0.12526228 0.51223670 -0.00511443
v -0.12526228 0.51549859 -0.00806128
v -0.12646809 0.51549859 -0.00511443
v -0.12526228 0.51549859 -0.00543846
v -0.12526228 0.51799859 -0.00817928
v -0.12526228 0.51781995 -0.00511443
v -0.12526228 0.51799859 -0.00509992
v -0.12526228 0.51856344 -0.00761443
v -0.12526228 0.51800481 -0.00511443
v -0.12351122 0.41549859 -0.00761443
v -0.12479363 0.41549859 -0.00511443
v -0.12487020 0.41549859 -0.00261443
v -0.12495268 0.41549859 0.00238557
v -0.12405118 0.41549859 0.01488557
v -0.12482498 0.41549859 0.01738557
v -0.12276228 0.41610115 -0.00761443
v -0.12276228 0.41799859 -0.00793292
v -0.12276228 0.41791243 -0.00511443
v -0.12276228 0.41721607 -0.00261443
v -0.12301217 0.41799859 -0.00011443
v -0.12276228 0.41799859 -0.00056423
v -0.12276228 0.41799859 0.00166177
v -0.12276228 0.41786127 0.00238557
v -0.12461337 0.41799859 0.00488557
v -0.12276228 0.41799859 0.00251693
v -0.12276228 0.41799859 0.00719450
v -0.12276228 0.41786932 0.00738557
v -0.12276228 0.41717502 0.00988557
v -0.12276228 0.41741002 0.01238557
v -0.12276228 0.41709756 0.01488557
v -0.12276228 0.41703123 0.01738557
v -0.12276228 0.41688061 0.01988557
v -0.12276228 0.41701175 0.02238557
v -0.12276228 0.41700975 0.02488557
v -0.12416831 0.41799859 0.02738557
v -0.12276228 0.41799859 0.02651387
v -0.12525094 0.41799859 0.02988557
v -0.12467216 0.41799859 0.03238557
v -0.12437628 0.41799859 0.03488557
v -0.12438566 0.41799859 0.03988557
v -0.12276228 0.41799859 0.04209628
v -0.12276228 0.41784608 0.04238557
v -0.12317216 0.41799859 0.04488557
v -0.12276228 0.41799859 0.04394270
v -0.12276228 0.42049859 -0.00837392
v -0.12276228 0.41818891 -0.00011443
v -0.12276228 0.41884249 0.00488557
v -0.12276228 0.41849415 0.02738557
v -0.12276228 0.41898065 0.02988557
v -0.12276228 0.41969402 0.03238557
v -0.12276228 0.41957062 0.03488557
v -0.12276228 0.41963009 0.03738557
v -0.12276228 0.41893254 0.03988557
v -0.12276228 0.41842455 0.04488557
v -0.12459826 0.42049859 0.04738557
v -0.12276228 0.42049859 0.04648787
v -0.12276228 0.42299859 -0.00877885
v -0.12276228 0.42141626 0.04738557
v -0.12276228 0.42299859 0.04858841
v -0.12276228 0.42549859 -0.00881763
v -0.12276228 0.42549859 0.04864445
v -0.12276228 0.42799859 -0.00883291
v -0.12276228 0.42799859 0.04860424
v -0.12276228 0.43049859 -0.00884058
v -0.12276228 0.43049859 0.04932876
v -0.12276228 0.43299859 -0.00884515
v -0.12276228 0.43299859 0.04917214
v -0.12276228 0.43549859 -0.00884985
v -0.12276228 0.43549859 0.04878790
v -0.12276228 0.43799859 -0.00885296
v -0.12276228 0.43799859 0.04868730
v -0.12276228 0.44049859 -0.00885390
v -0.12276228 0.44049859 0.04868389
v -0.12276228 0.44299859 -0.00885461
v -0.12276228 0.44299859 0.04883662
v -0.12276228 0.44549859 -0.00885032
v -0.12276228 0.44549859 0.04874583
v -0.12276228 0.44799859 -0.00885013
v -0.12276228 0.44799859 0.04867710
v -0.12276228 0.45049859 -0.00885067
v -0.12276228 0.45022293 0.04988557
v -0.12276228 0.45049859 0.05001516
v -0.12276228 0.45299859 -0.00885055
v -0.12276228 0.45299859 0.04978024
v -0.12276228 0.45190546 0.04988557
v -0.12276228 0.45549859 -0.00885046
v -0.12276228 0.45549859 0.04958364
v -0.12276228 0.45799859 -0.00885046
v -0.12276228 0.45799859 0.04935497
v -0.12276228 0.46049859 -0.00885045
v -0.12276228 0.45956661 0.04988557
v -0.12412135 0.46049859 0.04988557
v -0.12276228 0.46049859 0.05015954
v -0.12276228 0.46299859 -0.00884618
v -0.12276228 0.46245252 0.04988557
v -0.12338516 0.46299859 0.04988557
v -0.12276228 0.46299859 0.04981200
v -0.12276228 0.46549859 -0.00884631
v -0.12276228 0.46549859 0.04943191
v -0.12276228 0.46799859 -0.00884638
v -0.12276228 0.46799859 0.04984959
v -0.12276228 0.47049859 -0.00884698
v -0.12276228 0.46838372 0.04988557
v -0.12276228 0.47049859 0.05006147
v -0.12276228 0.47299859 -0.00884699
v -0.12276228 0.47299859 0.05032718
v -0.12276228 0.47549859 -0.00884701
v -0.12276228 0.47549859 0.04961651
v -0.12276228 0.47486324 0.04988557
v -0.12276228 0.47799859 -0.00884691
v -0.12276228 0.47799859 0.04916303
v -0.12276228 0.48049859 -0.00869896
v -0.12276228 0.48049859 0.04843501
v -0.12276228 0.48299859 -0.00869883
v -0.12276228 0.48299859 0.04833885
v -0.12276228 0.48549859 -0.00883803
v -0.12451103 0.48549859 0.04738557
v -0.12276228 0.48549859 0.04802983
v -0.12276228 0.48799859 -0.00882361
v -0.12510798 0.48799859 0.02738557
v -0.12276228 0.48799859 0.04543195
v -0.12276228 0.48644489 0.04738557
v -0.12276228 0.49049859 -0.00857151
v -0.12456264 0.49049859 0.01238557
v -0.12276228 0.49049859 0.01147599
v -0.12276228 0.49005045 0.01238557
v -0.12276228 0.48983400 0.01488557
v -0.12276228 0.48908855 0.01738557
v -0.12276228 0.48911309 0.01988557
v -0.12276228 0.48848373 0.02238557
v -0.12276228 0.48850611 0.02488557
v -0.12276228 0.48909862 0.02738557
v -0.12276228 0.48912640 0.02988557
v -0.12276228 0.48916364 0.03238557
v -0.12276228 0.48894881 0.03488557
v -0.12276228 0.48836657 0.03738557
v -0.12276228 0.48856508 0.03988557
v -0.12276228 0.48835342 0.04238557
v -0.12276228 0.48831315 0.04488557
v -0.12276228 0.49299859 -0.00827226
v -0.12499643 0.49299859 -0.00261443
v -0.12507594 0.49299859 -0.00011443
v -0.12276228 0.49299859 0.00211796
v -0.12276228 0.49276016 0.00238557
v -0.12276228 0.49187117 0.00488557
v -0.12444781 0.49299859 0.00488557
v -0.12276228 0.49148957 0.00738557
v -0.12276228 0.49122294 0.00988557
v -0.12276228 0.49549859 -0.00794019
v -0.12327633 0.49549859 -0.00011443
v -0.12276228 0.49549859 0.00006521
v -0.12276228 0.49799859 -0.00838112
v -0.12335455 0.49799859 -0.00511443
v -0.12276228 0.49799859 -0.00498679
v -0.12276228 0.49565139 -0.00261443
v -0.12276228 0.49568872 -0.00011443
v -0.12276228 0.50049859 -0.00832581
v -0.12276228 0.50049859 -0.00285471
v -0.12276228 0.50299859 -0.00830095
v -0.12425949 0.50299859 -0.00261443
v -0.12276228 0.50299859 -0.00381393
v -0.12276228 0.50549859 -0.00819554
v -0.12276228 0.50549859 -0.00442561
v -0.12276228 0.50799859 -0.00818630
v -0.12276228 0.50799859 -0.00561784
v -0.12276228 0.50699192 -0.00511443
v -0.12276228 0.51049859 -0.00793157
v -0.12420693 0.51049859 -0.00511443
v -0.12276228 0.51049859 -0.00576507
v -0.12276228 0.51299859 -0.00800222
v -0.12276228 0.51299859 -0.00587137
v -0.12276228 0.51549859 -0.00809096
v -0.12276228 0.51549859 -0.00570012
v -0.12276228 0.51799859 -0.00800580
v -0.12506123 0.51799859 -0.00511443
v -0.12276228 0.51799859 -0.00544741
v -0.12276228 0.51838996 -0.00761443
v -0.12084415 0.41549859 0.00488557
v -0.12026228 0.41517111 0.00488557
v -0.12026228 0.41549859 0.00431085
v -0.12026228 0.41549859 0.00569524
v -0.12058391 0.41799859 -0.00761443
v -0.12255556 0.41799859 -0.00511443
v -0.12026228 0.41799859 -0.00359412
v -0.12026228 0.41770073 -0.00261443
v -0.12246939 0.41799859 -0.00011443
v -0.12026228 0.41702390 -0.00011443
v -0.12026228 0.41692342 0.00238557
v -0.12047539 0.41799859 0.00488557
v -0.12026228 0.41783850 0.00738557
v -0.12068622 0.41799859 0.00988557
v -0.12026228 0.41799859 0.00799554
v -0.12111395 0.41799859 0.01238557
v -0.12098297 0.41799859 0.01488557
v -0.12148527 0.41799859 0.01738557
v -0.12026228 0.41799859 0.01932580
v -0.12026228 0.41778758 0.01988557
v -0.12026228 0.41778002 0.02238557
v -0.12138516 0.41799859 0.02488557
v -0.12026228 0.41799859 0.02338555
v -0.12244946 0.41799859 0.04238557
v -0.12026228 0.41818596 -0.00761443
v -0.12026228 0.42049859 -0.00813982
v -0.12026228 0.41841370 -0.00511443
v -0.12026228 0.41827540 0.00988557
v -0.12026228 0.41845071 0.01238557
v -0.12026228 0.41832744 0.01488557
v -0.12026228 0.41880334 0.01738557
v -0.12026228 0.41948649 0.02488557
v -0.12026228 0.41974252 0.02738557
v -0.12026228 0.42038775 0.02988557
v -0.12026228 0.42045613 0.03238557
v -0.12083431 0.42049859 0.03488557
v -0.12026228 0.42049859 0.03273578
v -0.12026228 0.42049859 0.03545092
v -0.12026228 0.41984467 0.03738557
v -0.12026228 0.41864027 0.03988557
v -0.12026228 0.41950424 0.04238557
v -0.12026228 0.41978667 0.04488557
v -0.12026228 0.42049859 0.04555536
v -0.12026228 0.42299859 -0.00855022
v -0.12026228 0.42066169 0.03488557
v -0.12026228 0.42250431 0.04738557
v -0.12026228 0.42299859 0.04767272
v -0.12026228 0.42549859 -0.00877934
v -0.12026228 0.42549859 0.04858749
v -0.12026228 0.42799859 -0.00881920
v -0.12026228 0.42799859 0.04879411
v -0.12026228 0.43049859 -0.00883563
v -0.12026228 0.43049859 0.04877116
v -0.12026228 0.43299859 -0.00884485
v -0.12026228 0.43299859 0.04888704
v -0.12026228 0.43549859 -0.00885035
v -0.12026228 0.43549859 0.04842778
v -0.12026228 0.43799859 -0.00885270
v -0.12026228 0.43799859 0.04825010
v -0.12026228 0.44049859 -0.00885304
v -0.12026228 0.44049859 0.04837870
v -0.12026228 0.44299859 -0.00885324
v -0.12026228 0.44299859 0.04880857
v -0.12026228 0.44549859 -0.00884975
v -0.12026228 0.44549859 0.04921679
v -0.12026228 0.44799859 -0.00885033
v -0.12026228 0.44799859 0.04934395
v -0.12026228 0.45049859 -0.00885055
v -0.12026228 0.44921668 0.04988557
v -0.12026228 0.45049859 0.05033877
v -0.12026228 0.45299859 -0.00885054
v -0.12026228 0.45299859 0.04970013
v -0.12026228 0.45232923 0.04988557
v -0.12026228 0.45549859 -0.00885046
v -0.12026228 0.45549859 0.04965443
v -0.12026228 0.45799859 -0.00885047
v -0.12026228 0.45799859 0.04933244
v -0.12026228 0.46049859 -0.00884646
v -0.12026228 0.45953071 0.04988557
v -0.12026228 0.46049859 0.05022593
v -0.12026228 0.46299859 -0.00884601
v -0.12086331 0.46299859 0.04988557
v -0.12026228 0.46299859 0.04991743
v -0.12026228 0.46549859 -0.00884643
v -0.12081256 0.46549859 0.04988557
v -0.12026228 0.46549859 0.05002410
v -0.12026228 0.46799859 -0.00884685
v -0.12222961 0.46799859 0.04988557
v -0.12026228 0.46799859 0.05010729
v -0.12026228 0.47049859 -0.00884686
v -0.12026228 0.47049859 0.05048411
v -0.12026228 0.47299859 -0.00884686
v -0.12109997 0.47299859 0.04988557
v -0.12026228 0.47299859 0.04958461
v -0.12026228 0.47202240 0.04988557
v -0.12026228 0.47549859 -0.00884227
v -0.12026228 0.47549859 0.04902175
v -0.12026228 0.47799859 -0.00882022
v -0.12026228 0.47799859 0.04869688
v -0.12026228 0.48049859 -0.00884122
v -0.12026228 0.48049859 0.04908457
v -0.12026228 0.48299859 -0.00882364
v -0.12026228 0.48299859 0.04860241
v -0.12026228 0.48549859 -0.00880947
v -0.12180045 0.48549859 0.04738557
v -0.12026228 0.48549859 0.04648106
v -0.12026228 0.48425515 0.04738557
v -0.12026228 0.48799859 -0.00870438
v -0.12041642 0.48799859 0.04238557
v -0.12026228 0.48799859 0.04227056
v -0.12026228 0.48795793 0.04238557
v -0.12026228 0.48792589 0.04488557
v -0.12065082 0.48799859 0.04488557
v -0.12026228 0.49049859 -0.00857120
v -0.12093188 0.49049859 0.00738557
v -0.12026228 0.49049859 0.00506315
v -0.12026228 0.49016335 0.00738557
v -0.12026228 0.49019499 0.00988557
v -0.12095148 0.49049859 0.00988557
v -0.12026228 0.49029520 0.01238557
v -0.12026228 0.48947255 0.01488557
v -0.12026228 0.48894886 0.01738557
v -0.12026228 0.48920657 0.01988557
v -0.12026228 0.48902684 0.02238557
v -0.12026228 0.48886662 0.02488557
v -0.12026228 0.48814176 0.02738557
v -0.12026228 0.48832550 0.02988557
v -0.12026228 0.48938212 0.03238557
v -0.12026228 0.48915938 0.03488557
v -0.12026228 0.48843839 0.03738557
v -0.12026228 0.48851724 0.03988557
v -0.12026228 0.49299859 -0.00787389
v -0.12026228 0.49299859 0.00057406
v -0.12026228 0.49139877 0.00238557
v -0.12026228 0.49053134 0.00488557
v -0.12026228 0.49549859 -0.00825495
v -0.12148784 0.49549859 -0.00511443
v -0.12026228 0.49549859 -0.00590860
v -0.12026228 0.49421606 -0.00511443
v -0.12026228 0.49373324 -0.00261443
v -0.12255228 0.49549859 -0.00261443
v -0.12026228 0.49342989 -0.00011443
v -0.12259332 0.49549859 -0.00011443
v -0.12026228 0.49799859 -0.00811736
v -0.12026228 0.49787077 -0.00511443
v -0.12026228 0.49799859 -0.00506020
v -0.12026228 0.50049859 -0.00833287
v -0.12026228 0.50049859 -0.00497864
v -0.12026228 0.50299859 -0.00820822
v -0.12026228 0.50299859 -0.00493019
v -0.12026228 0.50549859 -0.00814709
v -0.12026228 0.50549859 -0.00500210
v -0.12026228 0.50799859 -0.00814699
v -0.12026228 0.50799859 -0.00592006
v -0.12026228 0.50581356 -0.00511443
v -0.12026228 0.51049859 -0.00806399
v -0.12026228 0.51049859 -0.00615883
v -0.12026228 0.51299859 -0.00802518
v -0.12026228 0.51299859 -0.00563550
v -0.12026228 0.51549859 -0.00777039
v -0.12026228 0.51549859 -0.00656447
v -0.12026228 0.51799859 -0.00793911
v -0.12026228 0.51799859 -0.00615645
v -0.12026228 0.51832327 -0.00761443
v -0.11979228 0.41549859 0.00488557
v -0.11785716 0.41799859 -0.00761443
v -0.11776228 0.41798497 -0.00761443
v -0.11776228 0.41799859 -0.00761656
v -0.11776228 0.41799859 -0.00759658
v -0.11965506 0.41799859 -0.00261443
v -0.11921684 0.41799859 -0.00011443
v -0.11862269 0.41799859 0.00238557
v -0.12002602 0.41799859 0.00488557
v -0.11990438 0.41799859 0.00738557
v -0.11997052 0.41799859 0.01988557
v -0.11976952 0.41799859 0.02238557
v -0.11776228 0.42049859 -0.00826662
v -0.11776228 0.41978679 -0.00511443
v -0.11859981 0.42049859 -0.00261443
v -0.11776228 0.42049859 -0.00476123
v -0.11776228 0.42049859 -0.00125525
v -0.11776228 0.41965123 -0.00011443
v -0.11776228 0.41876647 0.00238557
v -0.11776228 0.41969176 0.00488557
v -0.11776228 0.41887447 0.00738557
v -0.11776228 0.41924214 0.00988557
v -0.11776228 0.41981517 0.01238557
v -0.11776228 0.41953742 0.01488557
v -0.11776228 0.41953845 0.01738557
v -0.11776228 0.42001448 0.01988557
v -0.11776228 0.41965941 0.02238557
v -0.11922133 0.42049859 0.02488557
v -0.11776228 0.42049859 0.02386061
v -0.11826001 0.42049859 0.02738557
v -0.12003672 0.42049859 0.02988557
v -0.12015519 0.42049859 0.03238557
v -0.11934264 0.42049859 0.03738557
v -0.11822860 0.42049859 0.03988557
v -0.11892538 0.42049859 0.04238557
v -0.11776228 0.42049859 0.04422675
v -0.11776228 0.42024312 0.04488557
v -0.11776228 0.42049859 0.04582374
v -0.11776228 0.42299859 -0.00795160
v -0.11776228 0.42128485 -0.00261443
v -0.11776228 0.42101073 0.02488557
v -0.11776228 0.42070260 0.02738557
v -0.11776228 0.42115759 0.02988557
v -0.11790878 0.42299859 0.03238557
v -0.11776228 0.42299859 0.03221801
v -0.11776228 0.42143979 0.03488557
v -0.11776228 0.42299859 0.03259835
v -0.11776228 0.42151461 0.03738557
v -0.11776228 0.42088497 0.03988557
v -0.11776228 0.42119969 0.04238557
v -0.11905189 0.42299859 0.04738557
v -0.11776228 0.42299859 0.04709026
v -0.11776228 0.42549859 -0.00873169
v -0.11776228 0.42310243 0.03238557
v -0.11776228 0.42384314 0.04738557
v -0.11776228 0.42549859 0.04802220
v -0.11776228 0.42799859 -0.00881211
v -0.11776228 0.42799859 0.04817684
v -0.11776228 0.43049859 -0.00882292
v -0.11776228 0.43049859 0.04895405
v -0.11776228 0.43299859 -0.00884189
v -0.11776228 0.43299859 0.04879310
v -0.11776228 0.43549859 -0.00884415
v -0.11851553 0.43549859 0.04738557
v -0.11776228 0.43549859 0.04713326
v -0.11776228 0.43491747 0.04738557
v -0.11776228 0.43799859 -0.00885129
v -0.11776228 0.43609999 0.04738557
v -0.11776228 0.43799859 0.04850829
v -0.11776228 0.44049859 -0.00885228
v -0.11776228 0.44049859 0.04790262
v -0.11776228 0.44299859 -0.00885316
v -0.11776228 0.44299859 0.04870653
v -0.11776228 0.44549859 -0.00884896
v -0.11776228 0.44549859 0.04943723
v -0.11776228 0.44799859 -0.00884895
v -0.11776228 0.44764602 0.04988557
v -0.11802182 0.44799859 0.04988557
v -0.11776228 0.44799859 0.04995145
v -0.11776228 0.45049859 -0.00884918
v -0.11776228 0.45049859 0.05030194
v -0.11776228 0.45299859 -0.00884962
v -0.11975032 0.45299859 0.04988557
v -0.11776228 0.45299859 0.05056422
v -0.11776228 0.45549859 -0.00885045
v -0.11776228 0.45549859 0.04977602
v -0.11776228 0.45519291 0.04988557
v -0.11776228 0.45799859 -0.00884722
v -0.11776228 0.45601569 0.04988557
v -0.11877794 0.45799859 0.04988557
v -0.11776228 0.45799859 0.05023808
v -0.11776228 0.46049859 -0.00884703
v -0.11776228 0.46049859 0.05028946
v -0.11776228 0.46299859 -0.00884651
v -0.11776228 0.46299859 0.05011592
v -0.11776228 0.46549859 -0.00884662
v -0.11776228 0.46549859 0.05063715
v -0.11776228 0.46799859 -0.00884662
v -0.11776228 0.46799859 0.05028060
v -0.11776228 0.47049859 -0.00884367
v -0.11776228 0.47049859 0.05021321
v -0.11776228 0.47299859 -0.00883884
v -0.11776228 0.47299859 0.04925155
v -0.11776228 0.47141853 0.04988557
v -0.11776228 0.47549859 -0.00883377
v -0.11776228 0.47549859 0.04963773
v -0.11776228 0.47799859 -0.00882010
v -0.11776228 0.47799859 0.04789255
v -0.11776228 0.48049859 -0.00882406
v -0.11861248 0.48049859 0.04738557
v -0.11776228 0.48049859 0.04663669
v -0.11776228 0.47884144 0.04738557
v -0.11776228 0.48299859 -0.00879824
v -0.11789141 0.48299859 0.04488557
v -0.11776228 0.48299859 0.04460222
v -0.11776228 0.48281882 0.04488557
v -0.11867472 0.48299859 0.04738557
v -0.11776228 0.48549859 -0.00875201
v -0.11794006 0.48549859 0.04238557
v -0.11776228 0.48549859 0.04214280
v -0.11776228 0.48513038 0.04238557
v -0.11776228 0.48318388 0.04488557
v -0.11776228 0.48549859 0.04262957
v -0.11826772 0.48549859 0.04738557
v -0.11776228 0.48473916 0.04738557
v -0.11776228 0.48549859 0.04764796
v -0.11776228 0.48799859 -0.00845052
v -0.11824703 0.48799859 0.01988557
v -0.11776228 0.48799859 0.01870069
v -0.11776228 0.48733975 0.01988557
v -0.11776228 0.48701884 0.02238557
v -0.11807355 0.48799859 0.02238557
v -0.11776228 0.48666952 0.02488557
v -0.11838508 0.48799859 0.02488557
v -0.11776228 0.48780716 0.02738557
v -0.11866969 0.48799859 0.02738557
v -0.11776228 0.48799859 0.02759290
v -0.11806800 0.48799859 0.03238557
v -0.11776228 0.48799859 0.03180386
v -0.11776228 0.48729873 0.03238557
v -0.11776228 0.48799859 0.03296944
v -0.11877092 0.48799859 0.03738557
v -0.11776228 0.48799859 0.03684023
v -0.11776228 0.48745414 0.03738557
v -0.11776228 0.48782636 0.03988557
v -0.11809514 0.48799859 0.03988557
v -0.11776228 0.48673623 0.04488557
v -0.11776228 0.48573635 0.04738557
v -0.11776228 0.49049859 -0.00824395
v -0.11902454 0.49049859 0.00238557
v -0.11776228 0.49049859 0.00023348
v -0.11776228 0.48982616 0.00238557
v -0.11776228 0.48953261 0.00488557
v -0.12018991 0.49049859 0.00488557
v -0.11776228 0.48988379 0.00738557
v -0.11776228 0.48970500 0.00988557
v -0.11776228 0.48951928 0.01238557
v -0.11776228 0.48934049 0.01488557
v -0.11776228 0.48844135 0.01738557
v -0.11794518 0.49049859 0.02738557
v -0.11776228 0.48876065 0.02738557
v -0.11776228 0.49049859 0.02722680
v -0.11862132 0.48857983 0.02777574
v -0.11776228 0.48899535 0.02988557
v -0.11776228 0.49049859 0.02768633
v -0.11776228 0.48893200 0.03488557
v -0.11776228 0.49299859 -0.00767239
v -0.11892387 0.49299859 -0.00511443
v -0.11776228 0.49299859 -0.00723372
v -0.11776228 0.49172027 -0.00511443
v -0.11776228 0.49234140 -0.00261443
v -0.11808095 0.49299859 -0.00261443
v -0.11776228 0.49094457 -0.00011443
v -0.11908533 0.49299859 -0.00011443
v -0.11776228 0.49059368 0.02738557
v -0.11776228 0.49549859 -0.00824430
v -0.11776228 0.49549859 -0.00616889
v -0.11776228 0.49799859 -0.00815977
v -0.11776228 0.49706650 -0.00511443
v -0.11776228 0.49799859 -0.00356923
v -0.11776228 0.50049859 -0.00800492
v -0.11952137 0.50049859 -0.00511443
v -0.11776228 0.50049859 -0.00545619
v -0.11776228 0.50008073 -0.00511443
v -0.11776228 0.50299859 -0.00828244
v -0.11776228 0.50113723 -0.00511443
v -0.11776228 0.50299859 -0.00461250
v -0.11776228 0.50549859 -0.00785934
v -0.11776228 0.50549859 -0.00494256
v -0.11776228 0.50799859 -0.00771630
v -0.11799714 0.50799859 -0.00511443
v -0.11776228 0.50799859 -0.00503578
v -0.11776228 0.51049859 -0.00793847
v -0.11776228 0.51049859 -0.00657470
v -0.11776228 0.50814854 -0.00511443
v -0.11776228 0.51299859 -0.00791106
v -0.11776228 0.51299859 -0.00627940
v -0.11776228 0.51549859 -0.00789764
v -0.11776228 0.51549859 -0.00626016
v -0.11776228 0.51799859 -0.00802889
v -0.11776228 0.51799859 -0.00647835
v -0.11776228 0.51841305 -0.00761443
v -0.11773903 0.41799859 -0.00761443
v -0.11526228 0.41875972 -0.00761443
v -0.11526228 0.42049859 -0.00804332
v -0.11526228 0.42048400 -0.00511443
v -0.11526228 0.42049859 -0.00505225
v -0.11585983 0.42049859 -0.00011443
v -0.11573740 0.42049859 0.00238557
v -0.11657877 0.42049859 0.00488557
v -0.11630170 0.42049859 0.00738557
v -0.11608356 0.42049859 0.00988557
v -0.11706080 0.42049859 0.01238557
v -0.11641165 0.42049859 0.01488557
v -0.11527458 0.42049859 0.01738557
v -0.11641040 0.42049859 0.01988557
v -0.11526228 0.42049859 0.02119938
v -0.11526228 0.42017185 0.02238557
v -0.11656226 0.42049859 0.02488557
v -0.11526228 0.42007806 0.02488557
v -0.11526228 0.42049859 0.02603263
v -0.11737681 0.42049859 0.04488557
v -0.11526228 0.42299859 -0.00829977
v -0.11526228 0.42075623 -0.00261443
v -0.11526228 0.42090368 -0.00011443
v -0.11526228 0.42114000 0.00238557
v -0.11526228 0.42118265 0.00488557
v -0.11526228 0.42126662 0.00738557
v -0.11526228 0.42118781 0.00988557
v -0.11526228 0.42177513 0.01238557
v -0.11526228 0.42112052 0.01488557
v -0.11526228 0.42050240 0.01738557
v -0.11526228 0.42079869 0.01988557
v -0.11526228 0.42115025 0.02738557
v -0.11526228 0.42078601 0.02988557
v -0.11737104 0.42299859 0.03238557
v -0.11526228 0.42089915 0.03238557
v -0.11556378 0.42299859 0.03488557
v -0.11526228 0.42299859 0.03434867
v -0.11526228 0.42299859 0.03536674
v -0.11526228 0.42219222 0.03738557
v -0.11526228 0.42212820 0.03988557
v -0.11526228 0.42152231 0.04238557
v -0.11526228 0.42256620 0.04488557
v -0.11526228 0.42299859 0.04634338
v -0.11526228 0.42549859 -0.00871932
v -0.11526228 0.42314834 0.03488557
v -0.11526228 0.42434352 0.04738557
v -0.11526228 0.42549859 0.04772993
v -0.11526228 0.42799859 -0.00874186
v -0.11526228 0.42799859 0.04831407
v -0.11526228 0.43049859 -0.00880816
v -0.11526228 0.43049859 0.04874582
v -0.11526228 0.43299859 -0.00883955
v -0.11526228 0.43299859 0.04881278
v -0.11526228 0.43549859 -0.00884384
v -0.11718180 0.43549859 0.04738557
v -0.11526228 0.43549859 0.04884637
v -0.11526228 0.43799859 -0.00884352
v -0.11526228 0.43799859 0.04862564
v -0.11526228 0.44049859 -0.00884849
v -0.11526228 0.44049859 0.04853789
v -0.11526228 0.44299859 -0.00884936
v -0.11526228 0.44299859 0.04862071
v -0.11526228 0.44549859 -0.00884560
v -0.11526228 0.44549859 0.04923777
v -0.11526228 0.44799859 -0.00884562
v -0.11526228 0.44638267 0.04988557
v -0.11526228 0.44799859 0.05068148
v -0.11526228 0.45049859 -0.00884595
v -0.11526228 0.45049859 0.05024323
v -0.11526228 0.45299859 -0.00884602
v -0.11526228 0.45299859 0.05047829
v -0.11526228 0.45549859 -0.00884659
v -0.11526228 0.45549859 0.04986728
v -0.11526228 0.45541601 0.04988557
v -0.11526228 0.45799859 -0.00884678
v -0.11526228 0.45589481 0.04988557
v -0.11526228 0.45799859 0.04999246
v -0.11526228 0.46049859 -0.00884670
v -0.11543736 0.46049859 0.04988557
v -0.11526228 0.46049859 0.04986116
v -0.11526228 0.46003559 0.04988557
v -0.11526228 0.46299859 -0.00883277
v -0.11696617 0.46299859 0.04988557
v -0.11526228 0.46299859 0.04941631
v -0.11526228 0.46549859 -0.00884506
v -0.11526228 0.46387513 0.04988557
v -0.11526228 0.46549859 0.05060491
v -0.11526228 0.46799859 -0.00884024
v -0.11526332 0.46799859 0.04988557
v -0.11526228 0.46799859 0.04988527
v -0.11526228 0.46799781 0.04988557
v -0.11526228 0.47049859 -0.00882631
v -0.11719993 0.47049859 0.04988557
v -0.11526228 0.47049859 0.04889871
v -0.11526228 0.47299859 -0.00882402
v -0.11546005 0.47299859 0.04738557
v -0.11526228 0.47299859 0.04570062
v -0.11526228 0.47280872 0.04738557
v -0.11526228 0.47549859 -0.00882156
v -0.11526228 0.47356621 0.04738557
v -0.11526228 0.47549859 0.04840116
v -0.11526228 0.47799859 -0.00879289
v -0.11704712 0.47799859 0.04738557
v -0.11526228 0.47799859 0.04636553
v -0.11526228 0.47660141 0.04738557
v -0.11526228 0.48049859 -0.00878046
v -0.11539442 0.48049859 0.00488557
v -0.11526228 0.48049859 0.00473184
v -0.11526228 0.48037530 0.00488557
v -0.11526228 0.48049859 0.00520993
v -0.11526228 0.48049859 0.04523187
v -0.11526228 0.48299859 -0.00875820
v -0.11531135 0.48299859 0.00238557
v -0.11526228 0.48299859 0.00235142
v -0.11526228 0.48298894 0.00238557
v -0.11540867 0.48299859 0.00488557
v -0.11526228 0.48245607 0.00738557
v -0.11555159 0.48299859 0.00738557
v -0.11526228 0.48299859 0.00801430
v -0.11528362 0.48299859 0.02738557
v -0.11526228 0.48299859 0.02726535
v -0.11526228 0.48296612 0.02738557
v -0.11526228 0.48299859 0.02750656
v -0.11534658 0.48299859 0.03488557
v -0.11526228 0.48299859 0.03468676
v -0.11526228 0.48284045 0.03488557
v -0.11526228 0.48299859 0.03517664
v -0.11611528 0.48299859 0.03988557
v -0.11526228 0.48299859 0.03835179
v -0.11526228 0.48170393 0.03988557
v -0.11526228 0.48219202 0.04238557
v -0.11617954 0.48299859 0.04238557
v -0.11526228 0.48077197 0.04488557
v -0.11526228 0.48549859 -0.00873806
v -0.11562990 0.48549859 0.00238557
v -0.11526228 0.48549859 0.00040807
v -0.11526228 0.48549859 0.00367990
v -0.11526228 0.48377799 0.00488557
v -0.11526228 0.48364190 0.00738557
v -0.11717162 0.48549859 0.02238557
v -0.11526228 0.48549859 0.02043919
v -0.11526228 0.48410576 0.02238557
v -0.11526228 0.48372767 0.02488557
v -0.11698885 0.48549859 0.02488557
v -0.11649515 0.48549859 0.02738557
v -0.11526228 0.48366705 0.02988557
v -0.11654874 0.48549859 0.02988557
v -0.11526228 0.48407496 0.03238557
v -0.11671530 0.48549859 0.03238557
v -0.11552607 0.48549859 0.03488557
v -0.11526228 0.48366279 0.03738557
v -0.11675712 0.48549859 0.03738557
v -0.11556223 0.48549859 0.03988557
v -0.11616882 0.48549859 0.04488557
v -0.11744170 0.48549859 0.04738557
v -0.11526228 0.48799859 -0.00796298
v -0.11526228 0.48681349 0.00238557
v -0.11547659 0.48799859 0.00988557
v -0.11526228 0.48799859 0.00904868
v -0.11526228 0.48769581 0.00988557
v -0.11526228 0.48668334 0.01238557
v -0.11564017 0.48799859 0.01238557
v -0.11526228 0.48587300 0.01488557
v -0.11603199 0.48799859 0.01488557
v -0.11526228 0.48672058 0.01738557
v -0.11647255 0.48799859 0.01738557
v -0.11526228 0.48589060 0.01988557
v -0.11644656 0.48799859 0.02988557
v -0.11674065 0.48799859 0.03488557
v -0.11526228 0.49049859 -0.00766573
v -0.11632034 0.49049859 -0.00511443
v -0.11526228 0.49049859 -0.00715344
v -0.11526228 0.48955579 -0.00511443
v -0.11526228 0.48996019 -0.00261443
v -0.11604418 0.49049859 -0.00261443
v -0.11526228 0.48971718 -0.00011443
v -0.11743014 0.49049859 -0.00011443
v -0.11526228 0.48872241 0.00238557
v -0.11526228 0.48931650 0.00488557
v -0.11526228 0.48846525 0.00738557
v -0.11754398 0.49049859 0.02738557
v -0.11526228 0.49299859 -0.00821913
v -0.11526228 0.49299859 -0.00607019
v -0.11526228 0.49549859 -0.00798539
v -0.11526228 0.49428272 -0.00511443
v -0.11634266 0.49549859 -0.00511443
v -0.11526228 0.49549859 -0.00437648
v -0.11526228 0.49799859 -0.00817755
v -0.11526228 0.49799859 -0.00446347
v -0.11526228 0.50049859 -0.00813042
v -0.11526228 0.50049859 -0.00521435
v -0.11526228 0.50021863 -0.00511443
v -0.11526228 0.50299859 -0.00822814
v -0.11526228 0.50128907 -0.00511443
v -0.11526228 0.50299859 -0.00497786
v -0.11526228 0.50549859 -0.00802661
v -0.11712757 0.50549859 -0.00511443
v -0.11526228 0.50549859 -0.00571263
v -0.11526228 0.50368313 -0.00511443
v -0.11526228 0.50799859 -0.00812866
v -0.11748989 0.50799859 -0.00511443
v -0.11526228 0.50799859 -0.00585563
v -0.11526228 0.51049859 -0.00804311
v -0.11526228 0.51049859 -0.00647348
v -0.11526228 0.51299859 -0.00775790
v -0.11526228 0.51299859 -0.00702836
v -0.11526228 0.51549859 -0.00778565
v -0.11526228 0.51549859 -0.00696298
v -0.11526228 0.51799859 -0.00779171
v -0.11526228 0.51799859 -0.00694796
v -0.11526228 0.51817587 -0.00761443
v -0.11276228 0.42024403 -0.00761443
v -0.11276228 0.42049859 -0.00766573
v -0.11524098 0.42049859 -0.00511443
v -0.11276228 0.42049859 -0.00733481
v -0.11414837 0.42049859 0.02238557
v -0.11276228 0.42049859 0.02330356
v -0.11276228 0.41989561 0.02488557
v -0.11343301 0.42049859 0.02738557
v -0.11276228 0.42020090 0.02738557
v -0.11276228 0.42049859 0.02815254
v -0.11276228 0.42299859 -0.00821672
v -0.11276228 0.42142496 -0.00511443
v -0.11276228 0.42193560 -0.00261443
v -0.11276228 0.42210526 -0.00011443
v -0.11276228 0.42200292 0.00238557
v -0.11276228 0.42191872 0.00488557
v -0.11276228 0.42221487 0.00738557
v -0.11276228 0.42271141 0.00988557
v -0.11395022 0.42299859 0.01238557
v -0.11276228 0.42299859 0.01026179
v -0.11375147 0.42299859 0.01488557
v -0.11276228 0.42299859 0.01615585
v -0.11276228 0.42240082 0.01738557
v -0.11276228 0.42194343 0.01988557
v -0.11276228 0.42094706 0.02238557
v -0.11276228 0.42167510 0.02988557
v -0.11276228 0.42240787 0.03238557
v -0.11276228 0.42299859 0.03328219
v -0.11425142 0.42299859 0.03738557
v -0.11453170 0.42299859 0.03988557
v -0.11287348 0.42299859 0.04238557
v -0.11276228 0.42299859 0.04283902
v -0.11276228 0.42280434 0.04488557
v -0.11276228 0.42299859 0.04590884
v -0.11276228 0.42549859 -0.00860802
v -0.11276228 0.42377923 0.01238557
v -0.11276228 0.42364788 0.01488557
v -0.11276228 0.42443609 0.03488557
v -0.11276228 0.42446605 0.03738557
v -0.11276228 0.42426295 0.03988557
v -0.11276228 0.42305953 0.04238557
v -0.11390832 0.42549859 0.04738557
v -0.11276228 0.42549859 0.04705442
v -0.11276228 0.42799859 -0.00873335
v -0.11276228 0.42635643 0.04738557
v -0.11276228 0.42799859 0.04831317
v -0.11276228 0.43049859 -0.00877846
v -0.11276228 0.43049859 0.04890361
v -0.11276228 0.43299859 -0.00880292
v -0.11276228 0.43299859 0.04903089
v -0.11276228 0.43549859 -0.00881819
v -0.11276228 0.43549859 0.04884156
v -0.11276228 0.43799859 -0.00884719
v -0.11276228 0.43799859 0.04891733
v -0.11276228 0.44049859 -0.00885184
v -0.11276228 0.44049859 0.04898057
v -0.11276228 0.44299859 -0.00884816
v -0.11276228 0.44299859 0.04884992
v -0.11276228 0.44549859 -0.00884455
v -0.11276228 0.44549859 0.04894866
v -0.11276228 0.44799859 -0.00884614
v -0.11334118 0.44799859 0.04988557
v -0.11276228 0.44799859 0.04956037
v -0.11276228 0.45049859 -0.00884544
v -0.11276228 0.44891018 0.04988557
v -0.11276228 0.45049859 0.05049422
v -0.11276228 0.45299859 -0.00884581
v -0.11276228 0.45299859 0.05088965
v -0.11276228 0.45549859 -0.00884644
v -0.11519946 0.45549859 0.04988557
v -0.11276228 0.45549859 0.05078664
v -0.11276228 0.45799859 -0.00884279
v -0.11276228 0.45799859 0.05048055
v -0.11276228 0.46049859 -0.00882938
v -0.11276228 0.46049859 0.04975847
v -0.11276228 0.46007730 0.04988557
v -0.11276228 0.46299859 -0.00881582
v -0.11276228 0.46299859 0.04942148
v -0.11276228 0.46549859 -0.00881027
v -0.11423662 0.46549859 0.04988557
v -0.11276228 0.46549859 0.04890711
v -0.11276228 0.46799859 -0.00880524
v -0.11336293 0.46799859 0.04738557
v -0.11276228 0.46799859 0.04592922
v -0.11276228 0.46731914 0.04738557
v -0.11276228 0.47049859 -0.00880649
v -0.11287842 0.47049859 0.04238557
v -0.11276228 0.47049859 0.04165937
v -0.11276228 0.47035614 0.04238557
v -0.11276228 0.46969940 0.04488557
v -0.11290929 0.47049859 0.04488557
v -0.11276228 0.46910574 0.04738557
v -0.11276228 0.47049859 0.04541343
v -0.11276228 0.47049859 0.04855973
v -0.11276228 0.47299859 -0.00878421
v -0.11276228 0.47080467 0.04238557
v -0.11276228 0.47105859 0.04488557
v -0.11491833 0.47299859 0.04738557
v -0.11276228 0.47299859 0.04850357
v -0.11276228 0.47549859 -0.00878745
v -0.11301506 0.47549859 0.03738557
v -0.11276228 0.47549859 0.03550494
v -0.11276228 0.47495731 0.03738557
v -0.11276228 0.47549859 0.03782339
v -0.11276228 0.47416771 0.04738557
v -0.11445482 0.47549859 0.04738557
v -0.11276228 0.47549859 0.04543192
v -0.11276228 0.47799859 -0.00874089
v -0.11335229 0.47799859 0.03238557
v -0.11276228 0.47799859 0.03111778
v -0.11276228 0.47709965 0.03238557
v -0.11276228 0.47576986 0.03488557
v -0.11340612 0.47799859 0.03488557
v -0.11276228 0.47785455 0.03738557
v -0.11276228 0.47799859 0.03733033
v -0.11276228 0.47799859 0.03769439
v -0.11295248 0.47799859 0.03988557
v -0.11276228 0.47778777 0.03988557
v -0.11276228 0.47660719 0.04238557
v -0.11361911 0.47799859 0.04238557
v -0.11276228 0.47646584 0.04488557
v -0.11360155 0.47799859 0.04488557
v -0.11276228 0.48049859 -0.00873954
v -0.11276228 0.48049859 0.00431601
v -0.11276228 0.47999250 0.00488557
v -0.11276228 0.47931334 0.00738557
v -0.11386027 0.48049859 0.00738557
v -0.11276228 0.48049503 0.00988557
v -0.11276349 0.48049859 0.00988557
v -0.11276228 0.47974770 0.01238557
v -0.11306030 0.48049859 0.01238557
v -0.11276228 0.48049859 0.01460222
v -0.11279205 0.48049859 0.02738557
v -0.11276228 0.48049859 0.02724270
v -0.11276228 0.48042052 0.02738557
v -0.11276228 0.47910014 0.02988557
v -0.11502768 0.48049859 0.02988557
v -0.11374369 0.48049859 0.03238557
v -0.11427516 0.48049859 0.03488557
v -0.11276228 0.47802518 0.03738557
v -0.11406736 0.48049859 0.03738557
v -0.11411860 0.48049859 0.03988557
v -0.11429847 0.48049859 0.04238557
v -0.11500849 0.48049859 0.04488557
v -0.11276228 0.48299859 -0.00870423
v -0.11276228 0.48299859 0.00186386
v -0.11276228 0.48284265 0.00238557
v -0.11420913 0.48299859 0.00988557
v -0.11308525 0.48299859 0.01238557
v -0.11276228 0.48074511 0.01488557
v -0.11358639 0.48299859 0.01488557
v -0.11276228 0.48292905 0.01738557
v -0.11281222 0.48299859 0.01738557
v -0.11276228 0.48182929 0.01988557
v -0.11304204 0.48299859 0.01988557
v -0.11276228 0.48062946 0.02238557
v -0.11376608 0.48299859 0.02238557
v -0.11276228 0.48156396 0.02488557
v -0.11402938 0.48299859 0.02488557
v -0.11462820 0.48299859 0.02988557
v -0.11438792 0.48299859 0.03238557
v -0.11477431 0.48299859 0.03738557
v -0.11276228 0.48549859 -0.00868464
v -0.11441641 0.48549859 -0.00011443
v -0.11276228 0.48549859 -0.00152673
v -0.11276228 0.48484680 -0.00011443
v -0.11462876 0.48549859 0.00488557
v -0.11348838 0.48549859 0.00738557
v -0.11354671 0.48549859 0.00988557
v -0.11276228 0.48549859 0.01134630
v -0.11276228 0.48367705 0.01238557
v -0.11484621 0.48549859 0.01488557
v -0.11276228 0.48549859 0.01359513
v -0.11433364 0.48549859 0.01738557
v -0.11462276 0.48549859 0.01988557
v -0.11276228 0.48799859 -0.00828207
v -0.11337473 0.48799859 -0.00261443
v -0.11276228 0.48799859 -0.00307808
v -0.11276228 0.48714620 -0.00261443
v -0.11357638 0.48799859 -0.00011443
v -0.11276228 0.48749136 0.00238557
v -0.11276228 0.48799859 0.00184484
v -0.11276228 0.48734323 0.00488557
v -0.11276228 0.48699083 0.00738557
v -0.11276228 0.48799859 0.00823908
v -0.11276228 0.48647798 0.01238557
v -0.11276228 0.49036711 -0.00761443
v -0.11399039 0.49049859 -0.00761443
v -0.11276228 0.48939668 -0.00511443
v -0.11376939 0.49049859 -0.00011443
v -0.11276228 0.49049859 -0.00067009
v -0.11276228 0.48952746 -0.00011443
v -0.11296315 0.49049859 0.00238557
v -0.11276228 0.49049859 0.00279935
v -0.11276228 0.48924912 0.00488557
v -0.11276228 0.48889230 0.00738557
v -0.11276228 0.49067893 -0.00761443
v -0.11276228 0.49299859 -0.00813057
v -0.11276228 0.49299859 -0.00635591
v -0.11276228 0.49084196 -0.00011443
v -0.11276228 0.49069031 0.00238557
v -0.11276228 0.49549859 -0.00762493
v -0.11370574 0.49549859 -0.00511443
v -0.11276228 0.49549859 -0.00752480
v -0.11276228 0.49799859 -0.00797386
v -0.11397762 0.49799859 -0.00511443
v -0.11276228 0.49799859 -0.00592948
v -0.11276228 0.50049859 -0.00797620
v -0.11276228 0.50049859 -0.00576684
v -0.11276228 0.50299859 -0.00789074
v -0.11427388 0.50299859 -0.00511443
v -0.11276228 0.50299859 -0.00567371
v -0.11276228 0.50549859 -0.00778461
v -0.11276228 0.50549859 -0.00668961
v -0.11276228 0.50799859 -0.00796364
v -0.11276228 0.50799859 -0.00635034
v -0.11276228 0.51049859 -0.00795368
v -0.11276228 0.51049859 -0.00673364
v -0.11276228 0.51299859 -0.00772336
v -0.11276228 0.51299859 -0.00718515
v -0.11276228 0.51549859 -0.00778074
v -0.11276228 0.51549859 -0.00705892
v -0.11276228 0.51799859 -0.00795837
v -0.11276228 0.51799859 -0.00651680
v -0.11276228 0.51834254 -0.00761443
v -0.11206283 0.42049859 -0.00761443
v -0.11202119 0.42049859 0.02238557
v -0.11026228 0.42000632 0.02238557
v -0.11026228 0.42049859 0.02173520
v -0.11127473 0.42049859 0.02488557
v -0.11026228 0.42049859 0.02405870
v -0.11247366 0.42049859 0.02738557
v -0.11026228 0.42111188 -0.00761443
v -0.11026228 0.42299859 -0.00797017
v -0.11026228 0.42283143 -0.00511443
v -0.11125190 0.42299859 -0.00261443
v -0.11026228 0.42299859 -0.00472150
v -0.11128859 0.42299859 -0.00011443
v -0.11026228 0.42299859 0.00220938
v -0.11026228 0.42295224 0.00238557
v -0.11026228 0.42273667 0.00488557
v -0.11167763 0.42299859 0.00738557
v -0.11026228 0.42299859 0.00572099
v -0.11238927 0.42299859 0.00988557
v -0.11026228 0.42217127 0.01738557
v -0.11026228 0.42299859 0.01645110
v -0.11026228 0.42234034 0.01988557
v -0.11026228 0.42250597 0.02488557
v -0.11054556 0.42299859 0.02738557
v -0.11026228 0.42299859 0.02647431
v -0.11094036 0.42299859 0.02988557
v -0.11121229 0.42299859 0.03238557
v -0.11026228 0.42270313 0.04488557
v -0.11026228 0.42299859 0.04437383
v -0.11026228 0.42299859 0.04597020
v -0.11026228 0.42549859 -0.00843233
v -0.11026228 0.42346016 -0.00261443
v -0.11026228 0.42347536 -0.00011443
v -0.11026228 0.42419763 0.00738557
v -0.11152723 0.42549859 0.00988557
v -0.11026228 0.42549859 0.00840224
v -0.11026228 0.42395413 0.01238557
v -0.11026228 0.42549859 0.01064374
v -0.11026228 0.42441301 0.01488557
v -0.11026228 0.42309259 0.02738557
v -0.11026228 0.42329038 0.02988557
v -0.11026228 0.42385408 0.03238557
v -0.11026228 0.42435417 0.03488557
v -0.11026228 0.42523957 0.03738557
v -0.11026228 0.42482411 0.03988557
v -0.11026228 0.42431858 0.04238557
v -0.11026228 0.42549859 0.04661314
v -0.11026228 0.42799859 -0.00872212
v -0.11026228 0.42611334 0.00988557
v -0.11075109 0.42799859 0.04738557
v -0.11026228 0.42799859 0.04722398
v -0.11026228 0.43049859 -0.00876177
v -0.11026228 0.42825617 0.04738557
v -0.11026228 0.43049859 0.04874943
v -0.11026228 0.43299859 -0.00880953
v -0.11026228 0.43299859 0.04896393
v -0.11026228 0.43549859 -0.00882674
v -0.11026228 0.43549859 0.04891960
v -0.11026228 0.43799859 -0.00883777
v -0.11026228 0.43799859 0.04891545
v -0.11026228 0.44049859 -0.00884577
v -0.11026228 0.44049859 0.04892214
v -0.11026228 0.44299859 -0.00884830
v -0.11026228 0.44299859 0.04887029
v -0.11026228 0.44549859 -0.00884901
v -0.11026228 0.44549859 0.04873905
v -0.11026228 0.44799859 -0.00884656
v -0.11026228 0.44799859 0.04877428
v -0.11026228 0.45049859 -0.00884518
v -0.11161910 0.45049859 0.04988557
v -0.11026228 0.45049859 0.04907388
v -0.11026228 0.45299859 -0.00884557
v -0.11026228 0.45214041 0.04988557
v -0.11026228 0.45299859 0.05018442
v -0.11026228 0.45549859 -0.00883857
v -0.11127681 0.45549859 0.04988557
v -0.11026228 0.45549859 0.04930982
v -0.11026228 0.45388499 0.04988557
v -0.11026228 0.45799859 -0.00882084
v -0.11134029 0.45799859 0.04988557
v -0.11026228 0.45799859 0.04931819
v -0.11026228 0.46049859 -0.00881113
v -0.11026228 0.46049859 0.04926090
v -0.11026228 0.46299859 -0.00878032
v -0.11027062 0.46299859 0.04738557
v -0.11026228 0.46299859 0.04732920
v -0.11026228 0.46298203 0.04738557
v -0.11026228 0.46549859 -0.00877745
v -0.11034846 0.46549859 0.03988557
v -0.11026228 0.46549859 0.03972242
v -0.11026228 0.46540518 0.03988557
v -0.11026228 0.46549859 0.04024251
v -0.11026228 0.46305054 0.04738557
v -0.11026228 0.46549859 0.04774840
v -0.11026228 0.46799859 -0.00877455
v -0.11072693 0.46799859 0.03488557
v -0.11026228 0.46799859 0.03390942
v -0.11026228 0.46728647 0.03488557
v -0.11026228 0.46717153 0.03738557
v -0.11082980 0.46799859 0.03738557
v -0.11090219 0.46799859 0.03988557
v -0.11026228 0.46799859 0.04068599
v -0.11187507 0.46799859 0.04738557
v -0.11026228 0.46799859 0.04882922
v -0.11026228 0.47049859 -0.00876860
v -0.11027244 0.47049859 0.02988557
v -0.11026228 0.47049859 0.02983735
v -0.11026228 0.47047475 0.02988557
v -0.11026228 0.46898648 0.03238557
v -0.11116093 0.47049859 0.03238557
v -0.11102868 0.47049859 0.03488557
v -0.11026228 0.47049859 0.03642453
v -0.11026228 0.46933205 0.03738557
v -0.11026228 0.46969080 0.03988557
v -0.11026228 0.47049859 0.04073550
v -0.11026228 0.46973898 0.04238557
v -0.11208214 0.47049859 0.04488557
v -0.11026228 0.47049859 0.04393521
v -0.11123010 0.47049859 0.04738557
v -0.11026228 0.47049859 0.04621397
v -0.11026228 0.46973814 0.04738557
v -0.11026228 0.47299859 -0.00873960
v -0.11043350 0.47299859 0.02488557
v -0.11026228 0.47299859 0.02378554
v -0.11026228 0.47260158 0.02488557
v -0.11026228 0.47164998 0.02738557
v -0.11114467 0.47299859 0.02738557
v -0.11111704 0.47299859 0.02988557
v -0.11058200 0.47299859 0.03238557
v -0.11026228 0.47299859 0.03422607
v -0.11026228 0.47276793 0.03488557
v -0.11026228 0.47299859 0.03603956
v -0.11062433 0.47299859 0.03738557
v -0.11026228 0.47259969 0.03738557
v -0.11026228 0.47161166 0.03988557
v -0.11237444 0.47299859 0.03988557
v -0.11161299 0.47299859 0.04238557
v -0.11026228 0.47210021 0.04488557
v -0.11101799 0.47299859 0.04488557
v -0.11185166 0.47299859 0.04738557
v -0.11026228 0.47549859 -0.00870031
v -0.11060735 0.47549859 0.01738557
v -0.11026228 0.47549859 0.01594843
v -0.11026228 0.47395131 0.01738557
v -0.11026228 0.47493752 0.01988557
v -0.11036753 0.47549859 0.01988557
v -0.11026228 0.47549859 0.02030072
v -0.11156344 0.47549859 0.02488557
v -0.11026228 0.47549859 0.02287121
v -0.11104677 0.47549859 0.02738557
v -0.11133908 0.47549859 0.02988557
v -0.11097723 0.47549859 0.03238557
v -0.11026228 0.47353083 0.03488557
v -0.11239983 0.47549859 0.03488557
v -0.11154128 0.47549859 0.03988557
v -0.11209458 0.47549859 0.04238557
v -0.11235486 0.47549859 0.04488557
v -0.11026228 0.47799859 -0.00869002
v -0.11116794 0.47799859 0.00988557
v -0.11026228 0.47799859 0.00928912
v -0.11026228 0.47777446 0.00988557
v -0.11026228 0.47799859 0.01168238
v -0.11065549 0.47799859 0.01488557
v -0.11026228 0.47799859 0.01358562
v -0.11026228 0.47665154 0.01488557
v -0.11079724 0.47799859 0.01738557
v -0.11172144 0.47799859 0.01988557
v -0.11026228 0.47600579 0.02238557
v -0.11163965 0.47799859 0.02238557
v -0.11204193 0.47799859 0.02488557
v -0.11190943 0.47799859 0.02738557
v -0.11102572 0.47799859 0.02988557
v -0.11274216 0.47799859 0.03738557
v -0.11026228 0.48049859 -0.00866974
v -0.11026228 0.48049859 0.00416373
v -0.11026228 0.47980461 0.00488557
v -0.11026228 0.47897086 0.00738557
v -0.11026228 0.47843989 0.01238557
v -0.11266682 0.48049859 0.01488557
v -0.11224741 0.48049859 0.01738557
v -0.11246919 0.48049859 0.01988557
v -0.11270395 0.48049859 0.02238557
v -0.11194618 0.48049859 0.02488557
v -0.11026228 0.48299859 -0.00866111
v -0.11026228 0.48299859 -0.00001772
v -0.11026228 0.48223894 0.00238557
v -0.11026228 0.48549859 -0.00866109
v -0.11167950 0.48549859 -0.00261443
v -0.11026228 0.48549859 -0.00282813
v -0.11026228 0.48528860 -0.00261443
v -0.11026228 0.48307376 -0.00011443
v -0.11234962 0.48549859 0.01238557
v -0.11026228 0.48799859 -0.00816592
v -0.11137325 0.48799859 -0.00511443
v -0.11026228 0.48799859 -0.00565436
v -0.11026228 0.48771142 -0.00511443
v -0.11255475 0.48799859 0.00238557
v -0.11229175 0.48799859 0.00488557
v -0.11226761 0.48799859 0.00738557
v -0.11259214 0.49049859 -0.00761443
v -0.11026228 0.49049859 -0.00815668
v -0.11026228 0.49049859 -0.00607171
v -0.11236137 0.49049859 -0.00011443
v -0.11256146 0.49049859 0.00238557
v -0.11026228 0.49299859 -0.00812886
v -0.11026228 0.49299859 -0.00540087
v -0.11026228 0.49549859 -0.00796765
v -0.11026228 0.49549859 -0.00584945
v -0.11026228 0.49799859 -0.00780140
v -0.11026228 0.49799859 -0.00665916
v -0.11026228 0.50049859 -0.00786851
v -0.11026228 0.50049859 -0.00660753
v -0.11026228 0.50299859 -0.00776654
v -0.11026228 0.50299859 -0.00703953
v -0.11026228 0.50549859 -0.00802657
v -0.11026228 0.50549859 -0.00581491
v -0.11026228 0.50799859 -0.00800941
v -0.11026228 0.50799859 -0.00612463
v -0.11026228 0.51049859 -0.00804239
v -0.11026228 0.51049859 -0.00615430
v -0.11026228 0.51299859 -0.00776716
v -0.11026228 0.51299859 -0.00705253
v -0.11026228 0.51549859 -0.00776587
v -0.11026228 0.51549859 -0.00690970
v -0.11026228 0.51799859 -0.00800552
v -0.11026228 0.51799859 -0.00626114
v -0.11026228 0.51838969 -0.00761443
v -0.10795135 0.41799859 0.02738557
v -0.10776228 0.41790748 0.02738557
v -0.10776228 0.41799859 0.02717478
v -0.10776228 0.41799859 0.02909757
v -0.10776228 0.42005701 0.02238557
v -0.10776228 0.42049859 0.02189356
v -0.10944292 0.42049859 0.02488557
v -0.10776228 0.41961904 0.02488557
v -0.10876292 0.42049859 0.02738557
v -0.10776228 0.42049859 0.02837990
v -0.10776228 0.42205631 -0.00761443
v -0.10776228 0.42299859 -0.00780679
v -0.10970381 0.42299859 -0.00511443
v -0.10776228 0.42299859 -0.00627863
v -0.11013301 0.42299859 0.00238557
v -0.10980144 0.42299859 0.00488557
v -0.10776228 0.42228137 0.01738557
v -0.10776228 0.42299859 0.01626848
v -0.10776228 0.42229112 0.01988557
v -0.10776228 0.42248213 0.02738557
v -0.10776228 0.42299859 0.02625273
v -0.10928190 0.42299859 0.04488557
v -0.10776228 0.42549859 -0.00826994
v -0.10776228 0.42350876 -0.00511443
v -0.10776228 0.42412189 -0.00261443
v -0.10776228 0.42430790 -0.00011443
v -0.10776228 0.42464813 0.00238557
v -0.10776228 0.42516601 0.00488557
v -0.10905201 0.42549859 0.00738557
v -0.10776228 0.42549859 0.00545466
v -0.10776228 0.42524120 0.00988557
v -0.10776228 0.42549859 0.00923138
v -0.10827635 0.42549859 0.00988557
v -0.10874251 0.42549859 0.01238557
v -0.10776228 0.42549859 0.01025735
v -0.10776228 0.42549859 0.01379320
v -0.10776228 0.42459146 0.01488557
v -0.10790403 0.42549859 0.02738557
v -0.10776228 0.42549859 0.02715141
v -0.10814347 0.42549859 0.02988557
v -0.10776228 0.42549859 0.03115463
v -0.10776228 0.42524709 0.03238557
v -0.10776228 0.42433711 0.03488557
v -0.10776228 0.42416233 0.03738557
v -0.10776228 0.42385317 0.03988557
v -0.10776228 0.42448750 0.04238557
v -0.10776228 0.42476338 0.04488557
v -0.10776228 0.42549859 0.04577467
v -0.10776228 0.42799859 -0.00871406
v -0.10776228 0.42671349 0.00738557
v -0.10776228 0.42643650 0.01238557
v -0.10776228 0.42567510 0.02738557
v -0.10776228 0.42571858 0.02988557
v -0.10776228 0.42799859 0.04676312
v -0.10776228 0.43049859 -0.00873216
v -0.10776228 0.42884627 0.04738557
v -0.10776228 0.43049859 0.04848018
v -0.10776228 0.43299859 -0.00867051
v -0.10776228 0.43299859 0.04857968
v -0.10776228 0.43549859 -0.00877404
v -0.10776228 0.43549859 0.04860837
v -0.10776228 0.43799859 -0.00883444
v -0.10776228 0.43799859 0.04901799
v -0.10776228 0.44049859 -0.00882613
v -0.10776228 0.44049859 0.04896145
v -0.10776228 0.44299859 -0.00884705
v -0.10776228 0.44299859 0.04875583
v -0.10776228 0.44549859 -0.00884822
v -0.10776228 0.44549859 0.04874752
v -0.10776228 0.44799859 -0.00884388
v -0.10776228 0.44799859 0.04870691
v -0.10776228 0.45049859 -0.00884436
v -0.10776228 0.45049859 0.04864129
v -0.10776228 0.45299859 -0.00881708
v -0.10941249 0.45299859 0.04988557
v -0.10776228 0.45299859 0.04906668
v -0.10776228 0.45549859 -0.00881208
v -0.10776228 0.45549859 0.04858532
v -0.10776228 0.45799859 -0.00879183
v -0.10833720 0.45799859 0.04738557
v -0.10776228 0.45799859 0.04688636
v -0.10776228 0.45752498 0.04738557
v -0.10776228 0.46049859 -0.00878470
v -0.10793048 0.46049859 0.03738557
v -0.10776228 0.46049859 0.03670858
v -0.10776228 0.46029169 0.03738557
v -0.10776228 0.46028943 0.03988557
v -0.10780392 0.46049859 0.03988557
v -0.10776228 0.46049859 0.03998250
v -0.10776228 0.45893187 0.04738557
v -0.10776228 0.46049859 0.04808208
v -0.10776228 0.46299859 -0.00875052
v -0.10827630 0.46299859 0.03488557
v -0.10776228 0.46299859 0.03353730
v -0.10776228 0.46185171 0.03488557
v -0.10905158 0.46299859 0.03738557
v -0.10862572 0.46299859 0.03988557
v -0.10776228 0.46299859 0.04104252
v -0.11025091 0.46299859 0.04738557
v -0.10776228 0.46299859 0.04819197
v -0.10776228 0.46549859 -0.00873651
v -0.10808123 0.46549859 0.02738557
v -0.10776228 0.46549859 0.02723956
v -0.10776228 0.46535647 0.02738557
v -0.10776228 0.46549859 0.02892383
v -0.10925352 0.46549859 0.03238557
v -0.10776228 0.46549859 0.03004725
v -0.10776228 0.46337035 0.03238557
v -0.10919918 0.46549859 0.03488557
v -0.10893103 0.46549859 0.03738557
v -0.10776228 0.46537185 0.04238557
v -0.10806996 0.46549859 0.04238557
v -0.10776228 0.46549859 0.04255876
v -0.10776228 0.46404169 0.04738557
v -0.10992830 0.46549859 0.04738557
v -0.10776228 0.46549859 0.04594692
v -0.10776228 0.46799859 -0.00871622
v -0.10871910 0.46799859 0.02488557
v -0.10776228 0.46799859 0.02291733
v -0.10776228 0.46758604 0.02488557
v -0.10958104 0.46799859 0.02738557
v -0.10776228 0.46567391 0.02988557
v -0.10923470 0.46799859 0.02988557
v -0.10953219 0.46799859 0.03238557
v -0.10824327 0.46799859 0.04238557
v -0.10776228 0.46720412 0.04488557
v -0.10951096 0.46799859 0.04488557
v -0.10944283 0.46799859 0.04738557
v -0.10776228 0.47049859 -0.00868756
v -0.11014544 0.47049859 0.01988557
v -0.10776228 0.47049859 0.01882939
v -0.10776228 0.46957913 0.01988557
v -0.10776228 0.46859454 0.02238557
v -0.10905490 0.47049859 0.02238557
v -0.10979331 0.47049859 0.02488557
v -0.10976170 0.47049859 0.02738557
v -0.10947838 0.47049859 0.03738557
v -0.10951940 0.47049859 0.03988557
v -0.10925958 0.47049859 0.04488557
v -0.10776228 0.47299859 -0.00868997
v -0.10937071 0.47299859 0.01488557
v -0.10776228 0.47299859 0.01410024
v -0.10776228 0.47223991 0.01488557
v -0.10776228 0.47255370 0.01738557
v -0.10987846 0.47299859 0.01738557
v -0.10947440 0.47299859 0.01988557
v -0.11003372 0.47299859 0.02238557
v -0.11003039 0.47299859 0.03488557
v -0.10776228 0.47549859 -0.00867162
v -0.11016509 0.47549859 0.01238557
v -0.10776228 0.47549859 0.01181252
v -0.10776228 0.47492518 0.01238557
v -0.10985132 0.47549859 0.01488557
v -0.10985106 0.47549859 0.02238557
v -0.10776228 0.47799859 -0.00866413
v -0.10931328 0.47799859 0.00738557
v -0.10776228 0.47799859 0.00627221
v -0.10776228 0.47698310 0.00738557
v -0.10776228 0.47781290 0.00988557
v -0.10993135 0.47799859 0.01238557
v -0.10776228 0.48049859 -0.00862571
v -0.10776228 0.48049859 0.00354278
v -0.10776228 0.47914605 0.00488557
v -0.10776228 0.48299859 -0.00858246
v -0.11018619 0.48299859 -0.00011443
v -0.10776228 0.48299859 -0.00105610
v -0.10776228 0.48209741 -0.00011443
v -0.10776228 0.48166884 0.00238557
v -0.10776228 0.48549859 -0.00858538
v -0.10776228 0.48549859 -0.00305946
v -0.10776228 0.48501410 -0.00261443
v -0.10776228 0.48799859 -0.00799368
v -0.10776228 0.48799859 -0.00525108
v -0.10776228 0.48795145 -0.00511443
v -0.10776228 0.49049859 -0.00830626
v -0.10776228 0.49049859 -0.00583163
v -0.10776228 0.49299859 -0.00795799
v -0.10776228 0.49299859 -0.00620050
v -0.10776228 0.49549859 -0.00763952
v -0.10776228 0.49549859 -0.00751273
v -0.10776228 0.49799859 -0.00769326
v -0.10776228 0.49799859 -0.00726215
v -0.10776228 0.50049859 -0.00776082
v -0.10776228 0.50049859 -0.00701686
v -0.10776228 0.50299859 -0.00774747
v -0.10776228 0.50299859 -0.00707888
v -0.10776228 0.50549859 -0.00806029
v -0.10776228 0.50549859 -0.00622774
v -0.10776228 0.50799859 -0.00800910
v -0.10776228 0.50799859 -0.00556988
v -0.10776228 0.51049859 -0.00809347
v -0.10776228 0.51049859 -0.00538985
v -0.10776228 0.51299859 -0.00810504
v -0.10776228 0.51299859 -0.00616710
v -0.10776228 0.51549859 -0.00799448
v -0.10776228 0.51549859 -0.00638786
v -0.10776228 0.51799859 -0.00787411
v -0.10776228 0.51799859 -0.00667058
v -0.10776228 0.51825827 -0.00761443
v -0.10767024 0.41799859 0.02738557
v -0.10726336 0.42049859 0.02238557
v -0.10715711 0.42049859 0.02488557
v -0.10717371 0.42049859 0.02738557
v -0.10526228 0.42232754 -0.00761443
v -0.10526228 0.42299859 -0.00780199
v -0.10526228 0.42299859 -0.00659466
v -0.10653141 0.42299859 0.01738557
v -0.10649526 0.42299859 0.01988557
v -0.10666077 0.42299859 0.02238557
v -0.10723663 0.42299859 0.02488557
v -0.10526228 0.42549859 -0.00831784
v -0.10526228 0.42375382 -0.00511443
v -0.10526228 0.42418969 -0.00261443
v -0.10526228 0.42482176 -0.00011443
v -0.10652506 0.42549859 0.00238557
v -0.10526228 0.42549859 0.00129744
v -0.10664970 0.42549859 0.00488557
v -0.10526228 0.42481236 0.00988557
v -0.10526228 0.42549859 0.00826548
v -0.10642138 0.42549859 0.01238557
v -0.10526228 0.42446598 0.01238557
v -0.10526228 0.42467166 0.01488557
v -0.10526228 0.42486513 0.01738557
v -0.10526228 0.42549072 0.01988557
v -0.10526228 0.42531064 0.02238557
v -0.10564960 0.42549859 0.02488557
v -0.10526228 0.42549859 0.02353985
v -0.10697127 0.42549859 0.03238557
v -0.10526228 0.42549859 0.03336577
v -0.10526228 0.42492449 0.03488557
v -0.10526228 0.42512349 0.03738557
v -0.10526228 0.42435398 0.03988557
v -0.10526228 0.42541425 0.04238557
v -0.10526228 0.42543543 0.04488557
v -0.10526228 0.42549859 0.04503251
v -0.10526228 0.42799859 -0.00868082
v -0.10526228 0.42592538 0.00238557
v -0.10526228 0.42572930 0.00488557
v -0.10526228 0.42590690 0.00738557
v -0.10526228 0.42594682 0.02488557
v -0.10526228 0.42711508 0.02738557
v -0.10526228 0.42657732 0.02988557
v -0.10526228 0.42590503 0.03238557
v -0.10526228 0.42799859 0.04635621
v -0.10526228 0.43049859 -0.00867333
v -0.10526228 0.42873634 0.04738557
v -0.10526228 0.43049859 0.04849972
v -0.10526228 0.43299859 -0.00877638
v -0.10526228 0.43299859 0.04900388
v -0.10526228 0.43549859 -0.00880485
v -0.10526228 0.43549859 0.04912926
v -0.10526228 0.43799859 -0.00883199
v -0.10526228 0.43799859 0.04943922
v -0.10526228 0.44049859 -0.00883741
v -0.10526228 0.44049859 0.04899169
v -0.10526228 0.44299859 -0.00884192
v -0.10526228 0.44299859 0.04868686
v -0.10526228 0.44549859 -0.00884165
v -0.10526228 0.44549859 0.04854337
v -0.10526228 0.44799859 -0.00882421
v -0.10526228 0.44799859 0.04836818
v -0.10526228 0.45049859 -0.00882101
v -0.10526228 0.45049859 0.04828659
v -0.10526228 0.45299859 -0.00880828
v -0.10556428 0.45299859 0.04488557
v -0.10526228 0.45299859 0.04470241
v -0.10526228 0.45272661 0.04488557
v -0.10526228 0.45174210 0.04738557
v -0.10633668 0.45299859 0.04738557
v -0.10526228 0.45549859 -0.00878530
v -0.10574706 0.45549859 0.04488557
v -0.10526228 0.45549859 0.04244825
v -0.10549810 0.45549859 0.04738557
v -0.10526228 0.45799859 -0.00876111
v -0.10682425 0.45799859 0.03988557
v -0.10526228 0.45799859 0.03756147
v -0.10526228 0.45755227 0.03988557
v -0.10526228 0.45799859 0.04137138
v -0.10526228 0.45691820 0.04488557
v -0.10526228 0.45799859 0.04635031
v -0.10526228 0.46049859 -0.00875173
v -0.10720473 0.46049859 0.03488557
v -0.10526228 0.46049859 0.03392012
v -0.10526228 0.45968506 0.03488557
v -0.10526228 0.45810111 0.03738557
v -0.10526228 0.45883883 0.04238557
v -0.10650716 0.46049859 0.04238557
v -0.10526228 0.46049859 0.04453594
v -0.10675278 0.46049859 0.04738557
v -0.10526228 0.46049859 0.04529650
v -0.10526228 0.46299859 -0.00869343
v -0.10714651 0.46299859 0.02988557
v -0.10526228 0.46299859 0.02901319
v -0.10526228 0.46226409 0.02988557
v -0.10526228 0.46171607 0.03238557
v -0.10748623 0.46299859 0.03238557
v -0.10631787 0.46299859 0.04238557
v -0.10526228 0.46299859 0.04455246
v -0.10623077 0.46299859 0.04738557
v -0.10526228 0.46299859 0.04539376
v -0.10526228 0.46549859 -0.00869543
v -0.10526228 0.46549859 0.02627779
v -0.10526228 0.46442729 0.02738557
v -0.10761159 0.46549859 0.02988557
v -0.10526228 0.46549859 0.04465676
v -0.10526228 0.46549859 0.04499983
v -0.10526228 0.46799859 -0.00869269
v -0.10743714 0.46799859 0.02238557
v -0.10526228 0.46799859 0.02146628
v -0.10526228 0.46721578 0.02238557
v -0.10526228 0.46717381 0.02488557
v -0.10526228 0.46560539 0.04488557
v -0.10526228 0.47049859 -0.00866959
v -0.10526228 0.47049859 0.01884656
v -0.10526228 0.46930729 0.01988557
v -0.10526228 0.47299859 -0.00865875
v -0.10526228 0.47299859 0.01371649
v -0.10526228 0.47194652 0.01488557
v -0.10526228 0.47172985 0.01738557
v -0.10526228 0.47549859 -0.00866154
v -0.10526228 0.47549859 0.01102141
v -0.10526228 0.47413078 0.01238557
v -0.10526228 0.47799859 -0.00863894
v -0.10526228 0.47799859 0.00624180
v -0.10526228 0.47685884 0.00738557
v -0.10526228 0.47711882 0.00988557
v -0.10526228 0.48049859 -0.00855625
v -0.10526228 0.48049859 0.00351214
v -0.10526228 0.47912199 0.00488557
v -0.10526228 0.48299859 -0.00856621
v -0.10677391 0.48299859 -0.00261443
v -0.10526228 0.48299859 -0.00406683
v -0.10526228 0.48145758 -0.00261443
v -0.10526228 0.48154572 -0.00011443
v -0.10526228 0.48157134 0.00238557
v -0.10526228 0.48549859 -0.00853474
v -0.10641829 0.48549859 -0.00511443
v -0.10526228 0.48549859 -0.00622110
v -0.10526228 0.48433874 -0.00511443
v -0.10526228 0.48799859 -0.00782653
v -0.10526228 0.48799859 -0.00683709
v -0.10526228 0.49049859 -0.00809494
v -0.10526228 0.49020332 -0.00511443
v -0.10564141 0.49049859 -0.00511443
v -0.10526228 0.49049859 -0.00497652
v -0.10526228 0.49299859 -0.00762232
v -0.10526228 0.49299859 -0.00757241
v -0.10526228 0.49082215 -0.00511443
v -0.10526228 0.49549859 -0.00769686
v -0.10526228 0.49549859 -0.00733521
v -0.10526228 0.49799859 -0.00780756
v -0.10526228 0.49799859 -0.00684502
v -0.10526228 0.50049859 -0.00774038
v -0.10526228 0.50049859 -0.00694802
v -0.10526228 0.50299859 -0.00789115
v -0.10526228 0.50299859 -0.00654976
v -0.10526228 0.50549859 -0.00790547
v -0.10526228 0.50549859 -0.00657482
v -0.10526228 0.50799859 -0.00803688
v -0.10526228 0.50799859 -0.00536987
v -0.10526228 0.51049859 -0.00801470
v -0.10526228 0.51049859 -0.00647766
v -0.10526228 0.51279649 -0.00761443
v -0.10542291 0.51299859 -0.00761443
v -0.10526228 0.51323160 -0.00761443
v -0.10526228 0.51549859 -0.00796505
v -0.10526228 0.51549859 -0.00680564
v -0.10526228 0.51799859 -0.00785578
v -0.10526228 0.51799859 -0.00664106
v -0.10526228 0.51823995 -0.00761443
v -0.10336884 0.42299859 -0.00761443
v -0.10276228 0.42320895 -0.00761443
v -0.10276228 0.42549859 -0.00816558
v -0.10276228 0.42460906 -0.00511443
v -0.10276228 0.42476556 -0.00261443
v -0.10281911 0.42549859 -0.00011443
v -0.10276228 0.42549859 -0.00017557
v -0.10411714 0.42549859 0.00738557
v -0.10276228 0.42498688 0.00738557
v -0.10276228 0.42549859 0.00570317
v -0.10276228 0.42537950 0.00988557
v -0.10283856 0.42549859 0.01238557
v -0.10276228 0.42549859 0.01184871
v -0.10276228 0.42549859 0.01255692
v -0.10276228 0.42503205 0.01488557
v -0.10321669 0.42549859 0.01738557
v -0.10276228 0.42549859 0.01691576
v -0.10522404 0.42549859 0.01988557
v -0.10480520 0.42549859 0.02238557
v -0.10323575 0.42549859 0.03488557
v -0.10409089 0.42549859 0.03738557
v -0.10371722 0.42549859 0.03988557
v -0.10516458 0.42549859 0.04238557
v -0.10520360 0.42549859 0.04488557
v -0.10276228 0.42799859 -0.00854308
v -0.10276228 0.42551297 -0.00011443
v -0.10276228 0.42625175 0.00238557
v -0.10276228 0.42579462 0.00488557
v -0.10276228 0.42554027 0.01238557
v -0.10276228 0.42566266 0.01738557
v -0.10276228 0.42618959 0.01988557
v -0.10276228 0.42676353 0.02238557
v -0.10276228 0.42734107 0.02488557
v -0.10276228 0.42680227 0.02738557
v -0.10276228 0.42705043 0.02988557
v -0.10276228 0.42655975 0.03238557
v -0.10276228 0.42576818 0.03488557
v -0.10276228 0.42628266 0.03738557
v -0.10276228 0.42759275 0.03988557
v -0.10280776 0.42799859 0.04238557
v -0.10276228 0.42799859 0.04208419
v -0.10370082 0.42799859 0.04488557
v -0.10276228 0.43049859 -0.00866077
v -0.10276228 0.42803384 0.04238557
v -0.10276228 0.42844445 0.04488557
v -0.10276889 0.43049859 0.04738557
v -0.10276228 0.43049859 0.04738157
v -0.10276228 0.43299859 -0.00865105
v -0.10276228 0.43050428 0.04738557
v -0.10276228 0.43299859 0.04892014
v -0.10276228 0.43549859 -0.00874484
v -0.10276228 0.43549859 0.04888866
v -0.10276228 0.43799859 -0.00878575
v -0.10276228 0.43799859 0.04888941
v -0.10276228 0.44049859 -0.00881689
v -0.10276228 0.44049859 0.04864727
v -0.10276228 0.44299859 -0.00882725
v -0.10276228 0.44299859 0.04843444
v -0.10276228 0.44549859 -0.00882340
v -0.10276228 0.44549859 0.04849518
v -0.10276228 0.44799859 -0.00880997
v -0.10276228 0.44799859 0.04788022
v -0.10276228 0.45049859 -0.00879719
v -0.10276228 0.45049859 0.04824024
v -0.10276228 0.45299859 -0.00876585
v -0.10468970 0.45299859 0.04488557
v -0.10276228 0.45299859 0.04603795
v -0.10276228 0.45091120 0.04738557
v -0.10276228 0.45549859 -0.00873146
v -0.10521776 0.45549859 0.04238557
v -0.10276228 0.45549859 0.04200908
v -0.10276228 0.45500946 0.04238557
v -0.10276228 0.45414027 0.04488557
v -0.10276228 0.45799859 -0.00872856
v -0.10514881 0.45799859 0.03738557
v -0.10276228 0.45799859 0.03665498
v -0.10276228 0.45722596 0.03738557
v -0.10276228 0.45718367 0.03988557
v -0.10457578 0.45799859 0.04238557
v -0.10465024 0.45799859 0.04488557
v -0.10276228 0.46049859 -0.00870311
v -0.10413491 0.46049859 0.03238557
v -0.10276228 0.46049859 0.03106994
v -0.10276228 0.45925135 0.03238557
v -0.10276228 0.45935540 0.03488557
v -0.10515988 0.46049859 0.04488557
v -0.10276228 0.46299859 -0.00868288
v -0.10435709 0.46299859 0.02738557
v -0.10276228 0.46299859 0.02557637
v -0.10276228 0.46132750 0.02738557
v -0.10276228 0.46168609 0.02988557
v -0.10513358 0.46299859 0.04488557
v -0.10276228 0.46549859 -0.00863441
v -0.10438524 0.46549859 0.02238557
v -0.10276228 0.46549859 0.02024491
v -0.10276228 0.46385688 0.02238557
v -0.10276228 0.46385283 0.02488557
v -0.10420977 0.46549859 0.02488557
v -0.10516472 0.46549859 0.04488557
v -0.10276228 0.46799859 -0.00851316
v -0.10453789 0.46799859 0.01738557
v -0.10276228 0.46799859 0.01574702
v -0.10276228 0.46621677 0.01738557
v -0.10276228 0.46584250 0.01988557
v -0.10454482 0.46799859 0.01988557
v -0.10276228 0.47049859 -0.00865697
v -0.10441250 0.47049859 0.01488557
v -0.10276228 0.47049859 0.01276996
v -0.10276228 0.46884856 0.01488557
v -0.10441358 0.47049859 0.01738557
v -0.10276228 0.47299859 -0.00855134
v -0.10440776 0.47299859 0.00988557
v -0.10276228 0.47299859 0.00812164
v -0.10276228 0.47133831 0.00988557
v -0.10276228 0.47088309 0.01238557
v -0.10451531 0.47299859 0.01238557
v -0.10276228 0.47549859 -0.00859244
v -0.10394055 0.47549859 0.00488557
v -0.10276228 0.47549859 0.00369735
v -0.10276228 0.47430536 0.00488557
v -0.10276228 0.47373547 0.00738557
v -0.10450836 0.47549859 0.00738557
v -0.10451182 0.47549859 0.00988557
v -0.10276228 0.47799859 -0.00858494
v -0.10352411 0.47799859 -0.00011443
v -0.10276228 0.47799859 -0.00081905
v -0.10276228 0.47725524 -0.00011443
v -0.10276228 0.47624420 0.00238557
v -0.10449601 0.47799859 0.00238557
v -0.10451297 0.47799859 0.00488557
v -0.10276228 0.48049859 -0.00855017
v -0.10354988 0.48049859 -0.00261443
v -0.10276228 0.48049859 -0.00332022
v -0.10276228 0.47971826 -0.00261443
v -0.10447189 0.48049859 -0.00011443
v -0.10450992 0.48049859 0.00238557
v -0.10276228 0.48249451 -0.00761443
v -0.10325546 0.48299859 -0.00761443
v -0.10276228 0.48156216 -0.00511443
v -0.10420404 0.48299859 -0.00511443
v -0.10378256 0.48549859 -0.00761443
v -0.10276228 0.48763441 -0.00761443
v -0.10276228 0.48799859 -0.00777470
v -0.10276228 0.48793687 -0.00511443
v -0.10296225 0.48799859 -0.00511443
v -0.10276228 0.48799859 -0.00502392
v -0.10276228 0.49049859 -0.00789209
v -0.10276228 0.49049859 -0.00651962
v -0.10489614 0.49049859 -0.00511443
v -0.10276228 0.48824916 -0.00511443
v -0.10276228 0.49299859 -0.00776052
v -0.10276228 0.49299859 -0.00709501
v -0.10276228 0.49549859 -0.00769128
v -0.10276228 0.49549859 -0.00728344
v -0.10276228 0.49799859 -0.00772716
v -0.10276228 0.49799859 -0.00719721
v -0.10276228 0.50049859 -0.00767311
v -0.10276228 0.50049859 -0.00735402
v -0.10276228 0.50299859 -0.00786888
v -0.10276228 0.50299859 -0.00653203
v -0.10276228 0.50549859 -0.00799080
v -0.10276228 0.50549859 -0.00645057
v -0.10276228 0.50799859 -0.00789838
v -0.10276228 0.50799859 -0.00687084
v -0.10276228 0.51049859 -0.00766846
v -0.10276228 0.51049859 -0.00749429
v -0.10276228 0.51086533 -0.00761443
v -0.10355652 0.51549859 -0.00761443
v -0.10276228 0.51635874 -0.00761443
v -0.10276228 0.51799859 -0.00793065
v -0.10276228 0.51799859 -0.00633865
v -0.10276228 0.51831481 -0.00761443
v -0.10026228 0.42380639 -0.00761443
v -0.10026228 0.42549859 -0.00807039
v -0.10026228 0.42517511 -0.00511443
v -0.10132466 0.42549859 -0.00261443
v -0.10026228 0.42549859 -0.00427469
v -0.10207284 0.42549859 0.00738557
v -0.10259898 0.42549859 0.00988557
v -0.10231523 0.42549859 0.01488557
v -0.10026228 0.42799859 -0.00837483
v -0.10026228 0.42713220 -0.00261443
v -0.10026228 0.42720405 -0.00011443
v -0.10026228 0.42766509 0.00238557
v -0.10026228 0.42741672 0.00488557
v -0.10051767 0.42799859 0.00738557
v -0.10026228 0.42799859 0.00654567
v -0.10077299 0.42799859 0.00988557
v -0.10026228 0.42737751 0.01238557
v -0.10026228 0.42799859 0.01138440
v -0.10026228 0.42773315 0.01488557
v -0.10026228 0.42720705 0.01738557
v -0.10026228 0.42721551 0.01988557
v -0.10047818 0.42799859 0.02238557
v -0.10026228 0.42799859 0.02211653
v -0.10121471 0.42799859 0.02488557
v -0.10120664 0.42799859 0.02738557
v -0.10127174 0.42799859 0.02988557
v -0.10026228 0.42799859 0.03109965
v -0.10026228 0.42731529 0.03238557
v -0.10026228 0.42735974 0.03488557
v -0.10026228 0.42752169 0.03738557
v -0.10026228 0.42776797 0.03988557
v -0.10026228 0.42799859 0.04034797
v -0.10026228 0.43049859 -0.00858817
v -0.10026228 0.42842959 0.00738557
v -0.10026228 0.42847348 0.00988557
v -0.10026228 0.42810298 0.02238557
v -0.10026228 0.42840238 0.02488557
v -0.10026228 0.42845506 0.02738557
v -0.10026228 0.42861756 0.02988557
v -0.10026228 0.42896246 0.04238557
v -0.10026228 0.42999820 0.04488557
v -0.10026228 0.43049859 0.04558617
v -0.10026228 0.43299859 -0.00868237
v -0.10026228 0.43252075 0.04738557
v -0.10026228 0.43299859 0.04766364
v -0.10026228 0.43549859 -0.00870662
v -0.10026228 0.43549859 0.04788045
v -0.10026228 0.43799859 -0.00876367
v -0.10026228 0.43799859 0.04835516
v -0.10026228 0.44049859 -0.00871731
v -0.10026228 0.44049859 0.04848890
v -0.10026228 0.44299859 -0.00879900
v -0.10026228 0.44299859 0.04841536
v -0.10026228 0.44549859 -0.00880506
v -0.10026228 0.44549859 0.04761022
v -0.10026228 0.44799859 -0.00878742
v -0.10252420 0.44799859 0.04738557
v -0.10026228 0.44799859 0.04538214
v -0.10026228 0.44567303 0.04738557
v -0.10026228 0.45049859 -0.00853408
v -0.10139431 0.45049859 0.04238557
v -0.10026228 0.45049859 0.04120779
v -0.10026228 0.44942534 0.04238557
v -0.10026228 0.44846640 0.04488557
v -0.10226570 0.45049859 0.04488557
v -0.10262225 0.45049859 0.04738557
v -0.10026228 0.45299859 -0.00851556
v -0.10183125 0.45299859 0.03988557
v -0.10026228 0.45299859 0.03835033
v -0.10026228 0.45140416 0.03988557
v -0.10192609 0.45299859 0.04238557
v -0.10204784 0.45299859 0.04488557
v -0.10026228 0.45549859 -0.00871170
v -0.10159401 0.45549859 0.03488557
v -0.10026228 0.45549859 0.03358449
v -0.10026228 0.45418270 0.03488557
v -0.10026228 0.45393330 0.03738557
v -0.10193253 0.45549859 0.03738557
v -0.10157756 0.45549859 0.03988557
v -0.10026228 0.45799859 -0.00863778
v -0.10181522 0.45799859 0.03238557
v -0.10026228 0.45799859 0.03074800
v -0.10026228 0.45639914 0.03238557
v -0.10189121 0.45799859 0.03488557
v -0.10026228 0.46049859 -0.00860601
v -0.10167059 0.46049859 0.02738557
v -0.10026228 0.46049859 0.02624911
v -0.10026228 0.45927388 0.02738557
v -0.10026228 0.45885869 0.02988557
v -0.10188109 0.46049859 0.02988557
v -0.10026228 0.46299859 -0.00855295
v -0.10147893 0.46299859 0.02238557
v -0.10026228 0.46299859 0.02024499
v -0.10026228 0.46197279 0.02238557
v -0.10026228 0.46152994 0.02488557
v -0.10211516 0.46299859 0.02488557
v -0.10026228 0.46549859 -0.00859147
v -0.10173563 0.46549859 0.01738557
v -0.10026228 0.46549859 0.01593697
v -0.10026228 0.46435852 0.01738557
v -0.10026228 0.46318133 0.01988557
v -0.10241919 0.46549859 0.01988557
v -0.10026228 0.46799859 -0.00855806
v -0.10188728 0.46799859 0.01488557
v -0.10026228 0.46799859 0.01245223
v -0.10026228 0.46625032 0.01488557
v -0.10026228 0.47049859 -0.00857430
v -0.10161664 0.47049859 0.00988557
v -0.10026228 0.47049859 0.00840622
v -0.10026228 0.46902283 0.00988557
v -0.10026228 0.46806244 0.01238557
v -0.10237790 0.47049859 0.01238557
v -0.10026228 0.47299859 -0.00857830
v -0.10200607 0.47299859 0.00738557
v -0.10026228 0.47299859 0.00539027
v -0.10026228 0.47124876 0.00738557
v -0.10026228 0.47549859 -0.00854940
v -0.10178233 0.47549859 0.00238557
v -0.10026228 0.47549859 0.00082784
v -0.10026228 0.47394259 0.00238557
v -0.10026228 0.47348922 0.00488557
v -0.10026228 0.47799859 -0.00851772
v -0.10026228 0.47799859 -0.00203616
v -0.10026228 0.47623504 -0.00011443
v -0.10026228 0.47969820 -0.00761443
v -0.10103261 0.48049859 -0.00761443
v -0.10026228 0.47942064 -0.00511443
v -0.10132620 0.48049859 -0.00511443
v -0.10026228 0.47859104 -0.00261443
v -0.10026228 0.48742919 -0.00761443
v -0.10026228 0.48799859 -0.00781595
v -0.10231729 0.48799859 -0.00511443
v -0.10026228 0.48799859 -0.00632638
v -0.10026228 0.49049859 -0.00777698
v -0.10026228 0.49049859 -0.00698273
v -0.10026228 0.49299859 -0.00772722
v -0.10026228 0.49299859 -0.00719396
v -0.10026228 0.49549859 -0.00779770
v -0.10026228 0.49549859 -0.00684809
v -0.10026228 0.49799859 -0.00775903
v -0.10026228 0.49799859 -0.00708983
v -0.10026228 0.50049859 -0.00780357
v -0.10026228 0.50049859 -0.00680774
v -0.10026228 0.50299859 -0.00803329
v -0.10026228 0.50299859 -0.00649261
v -0.10026228 0.50549859 -0.00782937
v -0.10026228 0.50549859 -0.00700464
v -0.10026228 0.50799859 -0.00766748
v -0.10026228 0.50799859 -0.00738655
v -0.10026228 0.51049859 -0.00782268
v -0.10026228 0.51049859 -0.00700439
v -0.10071731 0.51299859 -0.00761443
v -0.10026228 0.51299859 -0.00768392
v -0.10026228 0.51299859 -0.00740412
v -0.10026228 0.51355332 -0.00761443
v -0.10026228 0.51649471 -0.00761443
v -0.10026228 0.51799859 -0.00794309
v -0.10026228 0.51799859 -0.00639179
v -0.10026228 0.51832726 -0.00761443
v -0.09776228 0.42408613 -0.00761443
v -0.09776228 0.42549859 -0.00793309
v -0.09905208 0.42549859 -0.00511443
v -0.09776228 0.42549859 -0.00568262
v -0.09776228 0.42799859 -0.00826288
v -0.09776228 0.42596115 -0.00511443
v -0.09776228 0.42767556 -0.00261443
v -0.09857971 0.42799859 -0.00011443
v -0.09776228 0.42799859 -0.00177509
v -0.09988103 0.42799859 0.00238557
v -0.09950620 0.42799859 0.00488557
v -0.09958295 0.42799859 0.01238557
v -0.09993866 0.42799859 0.01488557
v -0.09917376 0.42799859 0.01738557
v -0.09892238 0.42799859 0.01988557
v -0.09776228 0.42725958 0.03238557
v -0.09776228 0.42799859 0.03001242
v -0.09776228 0.42784543 0.03488557
v -0.09869980 0.42799859 0.03738557
v -0.09776228 0.42799859 0.03562766
v -0.09952272 0.42799859 0.03988557
v -0.09776228 0.43049859 -0.00850479
v -0.09776228 0.42849994 -0.00011443
v -0.09776228 0.42969274 0.00238557
v -0.09799464 0.43049859 0.00488557
v -0.09776228 0.43049859 0.00425535
v -0.09776228 0.42974780 0.00738557
v -0.09776228 0.43049859 0.00542914
v -0.09776228 0.42979152 0.00988557
v -0.09776228 0.42933216 0.01238557
v -0.09776228 0.43019605 0.01488557
v -0.09776228 0.42998043 0.01738557
v -0.09776228 0.42881151 0.01988557
v -0.09776228 0.42949422 0.02238557
v -0.09776228 0.42891155 0.02488557
v -0.09776228 0.42825859 0.02738557
v -0.09776228 0.42806440 0.02988557
v -0.09776228 0.42825590 0.03738557
v -0.09776228 0.42878225 0.03988557
v -0.09776228 0.42982383 0.04238557
v -0.09776228 0.43017921 0.04488557
v -0.09776228 0.43049859 0.04554100
v -0.09776228 0.43299859 -0.00865931
v -0.09776228 0.43073656 0.00488557
v -0.09785282 0.43299859 0.04738557
v -0.09776228 0.43299859 0.04736920
v -0.09776228 0.43549859 -0.00868054
v -0.09776228 0.43307675 0.04738557
v -0.09776228 0.43549859 0.04768874
v -0.09776228 0.43799859 -0.00869171
v -0.09776228 0.43799859 0.04809312
v -0.09776228 0.44049859 -0.00873630
v -0.09776228 0.44049859 0.04850291
v -0.09776228 0.44299859 -0.00874379
v -0.09952345 0.44299859 0.04738557
v -0.09776228 0.44299859 0.04586094
v -0.09776228 0.44146141 0.04738557
v -0.09776228 0.44549859 -0.00873628
v -0.09987190 0.44549859 0.04738557
v -0.09776228 0.44549859 0.04544596
v -0.09776228 0.44799859 -0.00874378
v -0.09964710 0.44799859 0.04488557
v -0.09776228 0.44799859 0.04256204
v -0.09776228 0.44583263 0.04488557
v -0.09776228 0.45049859 -0.00869895
v -0.09776228 0.45049859 0.04013161
v -0.09776228 0.44812069 0.04238557
v -0.09776228 0.45299859 -0.00869988
v -0.09930493 0.45299859 0.03488557
v -0.09776228 0.45299859 0.03327476
v -0.09776228 0.45137859 0.03488557
v -0.09776228 0.45193273 0.03738557
v -0.09869617 0.45299859 0.03738557
v -0.09776228 0.45073853 0.03988557
v -0.09776228 0.45549859 -0.00867099
v -0.09918003 0.45549859 0.02988557
v -0.09776228 0.45549859 0.02830796
v -0.09776228 0.45399966 0.02988557
v -0.09776228 0.45386288 0.03238557
v -0.09931671 0.45549859 0.03238557
v -0.09776228 0.45799859 -0.00862350
v -0.09928711 0.45799859 0.02738557
v -0.09776228 0.45799859 0.02568200
v -0.09776228 0.45629395 0.02738557
v -0.09938522 0.45799859 0.02988557
v -0.09776228 0.46049859 -0.00859643
v -0.09923628 0.46049859 0.02238557
v -0.09776228 0.46049859 0.02053983
v -0.09776228 0.45865200 0.02238557
v -0.09776228 0.45875977 0.02488557
v -0.09924159 0.46049859 0.02488557
v -0.09776228 0.46299859 -0.00858067
v -0.09883791 0.46299859 0.01738557
v -0.09776228 0.46299859 0.01584531
v -0.09776228 0.46145738 0.01738557
v -0.09776228 0.46114541 0.01988557
v -0.10007693 0.46299859 0.01988557
v -0.09776228 0.46549859 -0.00855577
v -0.09951301 0.46549859 0.01488557
v -0.09776228 0.46549859 0.01300799
v -0.09776228 0.46362026 0.01488557
v -0.09776228 0.46799859 -0.00855258
v -0.09914158 0.46799859 0.00988557
v -0.09776228 0.46799859 0.00834797
v -0.09776228 0.46648406 0.00988557
v -0.09776228 0.46609155 0.01238557
v -0.10019992 0.46799859 0.01238557
v -0.09776228 0.47049859 -0.00852602
v -0.09814218 0.47049859 0.00488557
v -0.09776228 0.47049859 0.00441684
v -0.09776228 0.47003114 0.00488557
v -0.09776228 0.46859642 0.00738557
v -0.09954092 0.47049859 0.00738557
v -0.09776228 0.47299859 -0.00853386
v -0.09948194 0.47299859 0.00238557
v -0.09776228 0.47299859 0.00055315
v -0.09776228 0.47116909 0.00238557
v -0.09975583 0.47299859 0.00488557
v -0.09776228 0.47549859 -0.00839116
v -0.09953730 0.47549859 -0.00011443
v -0.09776228 0.47549859 -0.00239014
v -0.09776228 0.47361731 -0.00011443
v -0.09776228 0.47708467 -0.00761443
v -0.09854889 0.47799859 -0.00761443
v -0.09776228 0.47695457 -0.00511443
v -0.09868411 0.47799859 -0.00511443
v -0.09776228 0.47575119 -0.00261443
v -0.09963406 0.47799859 -0.00261443
v -0.09779951 0.48799859 -0.00761443
v -0.09776228 0.48803409 -0.00761443
v -0.09776228 0.49049859 -0.00782509
v -0.09776228 0.49049859 -0.00680985
v -0.09776228 0.49299859 -0.00773833
v -0.09776228 0.49299859 -0.00734755
v -0.09776228 0.49549859 -0.00781737
v -0.09776228 0.49549859 -0.00716645
v -0.09776228 0.49668350 -0.00761443
v -0.09929970 0.49799859 -0.00761443
v -0.09844244 0.50049859 -0.00761443
v -0.09776228 0.50140542 -0.00761443
v -0.09776228 0.50299859 -0.00774193
v -0.09776228 0.50299859 -0.00718240
v -0.09776228 0.50549859 -0.00778179
v -0.09776228 0.50549859 -0.00700946
v -0.09776228 0.50799859 -0.00785197
v -0.09776228 0.50799859 -0.00693677
v -0.09776228 0.51049859 -0.00763275
v -0.09776228 0.51049859 -0.00754758
v -0.09776228 0.51102170 -0.00761443
v -0.09899680 0.51299859 -0.00761443
v -0.09887332 0.51799859 -0.00761443
v -0.09593808 0.42549859 -0.00761443
v -0.09526228 0.42661011 -0.00761443
v -0.09526228 0.42799859 -0.00777274
v -0.09533593 0.42799859 -0.00511443
v -0.09526228 0.42799859 -0.00531025
v -0.09736708 0.42799859 -0.00261443
v -0.09567501 0.42799859 0.01738557
v -0.09526228 0.42787820 0.01738557
v -0.09526228 0.42799859 0.01725407
v -0.09598349 0.42799859 0.01988557
v -0.09526228 0.42785499 0.01988557
v -0.09526228 0.42799859 0.02081080
v -0.09590445 0.42799859 0.03238557
v -0.09756258 0.42799859 0.03488557
v -0.09526228 0.43049859 -0.00827197
v -0.09526228 0.42805420 -0.00511443
v -0.09526228 0.43004518 -0.00261443
v -0.09633492 0.43049859 -0.00011443
v -0.09526228 0.43049859 -0.00219938
v -0.09716335 0.43049859 0.00238557
v -0.09725696 0.43049859 0.00738557
v -0.09729240 0.43049859 0.00988557
v -0.09526228 0.43049859 0.01180964
v -0.09526228 0.43006341 0.01238557
v -0.09526228 0.42990893 0.01488557
v -0.09526228 0.43049859 0.02028611
v -0.09603141 0.43049859 0.02238557
v -0.09526228 0.43049859 0.02297485
v -0.09526228 0.42952382 0.02488557
v -0.09526228 0.42923321 0.02738557
v -0.09526228 0.42933226 0.02988557
v -0.09526228 0.42852595 0.03238557
v -0.09526228 0.43034504 0.03488557
v -0.09526228 0.42880834 0.03738557
v -0.09652007 0.43049859 0.03988557
v -0.09526228 0.43049859 0.03854337
v -0.09526228 0.43049859 0.04101324
v -0.09526228 0.42901099 0.04238557
v -0.09526228 0.43021065 0.04488557
v -0.09526228 0.43049859 0.04527880
v -0.09526228 0.43299859 -0.00855631
v -0.09566044 0.43299859 -0.00011443
v -0.09526228 0.43299859 -0.00104865
v -0.09636987 0.43299859 0.00238557
v -0.09613985 0.43299859 0.00488557
v -0.09612137 0.43299859 0.00738557
v -0.09526228 0.43299859 0.00840751
v -0.09526228 0.43198862 0.00988557
v -0.09653874 0.43299859 0.01488557
v -0.09526228 0.43299859 0.01328259
v -0.09526228 0.43162126 0.01488557
v -0.09526228 0.43299859 0.01686700
v -0.09526228 0.43097159 0.02238557
v -0.09526228 0.43151116 0.03988557
v -0.09638393 0.43299859 0.04488557
v -0.09526228 0.43299859 0.04378839
v -0.09526228 0.43132776 0.04488557
v -0.09526228 0.43549859 -0.00862590
v -0.09581491 0.43549859 -0.00011443
v -0.09526228 0.43549859 -0.00137393
v -0.09526228 0.43549859 0.00157344
v -0.09526228 0.43497068 0.00238557
v -0.09526228 0.43392467 0.00488557
v -0.09526228 0.43403536 0.00738557
v -0.09526228 0.43441771 0.00988557
v -0.09623695 0.43549859 0.00988557
v -0.09526228 0.43549859 0.00878964
v -0.09526228 0.43549859 0.01112847
v -0.09526228 0.43450465 0.01488557
v -0.09526228 0.43460978 0.04488557
v -0.09687338 0.43549859 0.04738557
v -0.09526228 0.43549859 0.04625589
v -0.09526228 0.43799859 -0.00867552
v -0.09600416 0.43799859 -0.00261443
v -0.09526228 0.43799859 -0.00366809
v -0.09526228 0.43647392 -0.00261443
v -0.09652481 0.43799859 -0.00011443
v -0.09526228 0.43799859 0.00139232
v -0.09611340 0.43799859 0.00988557
v -0.09526228 0.43799859 0.00852760
v -0.09526228 0.43657528 0.01238557
v -0.09623205 0.43799859 0.01238557
v -0.09526228 0.43799859 0.01361655
v -0.09568717 0.43799859 0.04738557
v -0.09526228 0.43799859 0.04696347
v -0.09526228 0.44049859 -0.00857427
v -0.09599666 0.44049859 -0.00511443
v -0.09526228 0.44049859 -0.00595777
v -0.09526228 0.43940768 -0.00511443
v -0.09641455 0.44049859 -0.00261443
v -0.09526228 0.44049859 -0.00111606
v -0.09526228 0.43957143 -0.00011443
v -0.09611246 0.44049859 0.00738557
v -0.09526228 0.44049859 0.00640810
v -0.09526228 0.43910097 0.00738557
v -0.09655591 0.44049859 0.00988557
v -0.09526228 0.44049859 0.01136108
v -0.09526228 0.43920326 0.01238557
v -0.09674406 0.44049859 0.02238557
v -0.09526228 0.44049859 0.02035841
v -0.09526228 0.43882560 0.02238557
v -0.09526228 0.44049859 0.02412430
v -0.09654174 0.44049859 0.04738557
v -0.09526228 0.44049859 0.04636900
v -0.09526228 0.44263803 -0.00761443
v -0.09554493 0.44299859 -0.00761443
v -0.09607592 0.44299859 -0.00511443
v -0.09593379 0.44299859 -0.00261443
v -0.09526228 0.44299859 -0.00172803
v -0.09586339 0.44299859 0.00238557
v -0.09526228 0.44299859 0.00168096
v -0.09526228 0.44207790 0.00238557
v -0.09526228 0.44171605 0.00488557
v -0.09640950 0.44299859 0.00488557
v -0.09526432 0.44299859 0.00738557
v -0.09526228 0.44299859 0.00738809
v -0.09526228 0.44192194 0.00988557
v -0.09673684 0.44299859 0.01738557
v -0.09526228 0.44299859 0.01538982
v -0.09526228 0.44139067 0.01738557
v -0.09526228 0.44096476 0.01988557
v -0.09680148 0.44299859 0.01988557
v -0.09526228 0.44247070 0.02238557
v -0.09526228 0.44299859 0.02186492
v -0.09552421 0.44299859 0.04238557
v -0.09526228 0.44299859 0.04139441
v -0.09526228 0.44244192 0.04238557
v -0.09526228 0.44222398 0.04488557
v -0.09626741 0.44299859 0.04488557
v -0.09583517 0.44549859 -0.00761443
v -0.09628727 0.44549859 -0.00511443
v -0.09561713 0.44549859 -0.00261443
v -0.09526228 0.44464667 -0.00011443
v -0.09596013 0.44549859 -0.00011443
v -0.09657068 0.44549859 0.00238557
v -0.09526228 0.44549859 0.00392585
v -0.09526228 0.44441508 0.00488557
v -0.09526228 0.44300114 0.00738557
v -0.09675762 0.44549859 0.01238557
v -0.09526228 0.44549859 0.01081075
v -0.09526228 0.44396156 0.01238557
v -0.09526228 0.44348546 0.01488557
v -0.09676825 0.44549859 0.01488557
v -0.09687228 0.44549859 0.01738557
v -0.09677310 0.44549859 0.01988557
v -0.09526228 0.44549859 0.02156734
v -0.09679417 0.44549859 0.02988557
v -0.09526228 0.44549859 0.02830346
v -0.09526228 0.44389801 0.02988557
v -0.09526228 0.44549859 0.03186885
v -0.09611037 0.44549859 0.03988557
v -0.09526228 0.44549859 0.03795666
v -0.09526228 0.44363082 0.03988557
v -0.09526228 0.44365178 0.04238557
v -0.09526228 0.44549859 0.04142054
v -0.09751481 0.44549859 0.04488557
v -0.09526228 0.44549859 0.04284759
v -0.09574180 0.44799859 -0.00761443
v -0.09562770 0.44799859 -0.00511443
v -0.09639446 0.44799859 -0.00261443
v -0.09526228 0.44799859 -0.00045720
v -0.09526228 0.44735516 -0.00011443
v -0.09526228 0.44705871 0.00238557
v -0.09526228 0.44799859 0.00350039
v -0.09648524 0.44799859 0.00488557
v -0.09526228 0.44663426 0.00488557
v -0.09526228 0.44799859 0.00725609
v -0.09680372 0.44799859 0.00988557
v -0.09526228 0.44799859 0.00746168
v -0.09526228 0.44638688 0.00988557
v -0.09683452 0.44799859 0.01238557
v -0.09684285 0.44799859 0.01488557
v -0.09687132 0.44799859 0.01738557
v -0.09526228 0.44799859 0.01972599
v -0.09526228 0.44783640 0.01988557
v -0.09701526 0.44799859 0.02738557
v -0.09526228 0.44799859 0.02573368
v -0.09526228 0.44634386 0.02738557
v -0.09526228 0.44749390 0.02988557
v -0.09526228 0.44799859 0.02943022
v -0.09687531 0.44799859 0.03738557
v -0.09526228 0.44799859 0.03545439
v -0.09526228 0.44574603 0.03738557
v -0.09705544 0.44799859 0.03988557
v -0.09526228 0.44593281 0.04238557
v -0.09764286 0.44799859 0.04238557
v -0.09620192 0.45049859 -0.00761443
v -0.09526228 0.45049859 -0.00587808
v -0.09526228 0.44897162 -0.00511443
v -0.09526228 0.44919654 -0.00261443
v -0.09662219 0.45049859 0.00238557
v -0.09526228 0.45049859 0.00024996
v -0.09526228 0.44898635 0.00238557
v -0.09683916 0.45049859 0.00488557
v -0.09526228 0.44807899 0.00738557
v -0.09681857 0.45049859 0.00738557
v -0.09686566 0.45049859 0.00988557
v -0.09687593 0.45049859 0.01238557
v -0.09682006 0.45049859 0.01488557
v -0.09526228 0.45049859 0.01724311
v -0.09526228 0.45036858 0.01738557
v -0.09696350 0.45049859 0.02238557
v -0.09526228 0.45049859 0.02068678
v -0.09526228 0.44865035 0.02238557
v -0.09526228 0.44884726 0.02488557
v -0.09703546 0.45049859 0.02488557
v -0.09696931 0.45049859 0.02738557
v -0.09526228 0.44963992 0.02988557
v -0.09575120 0.45049859 0.02988557
v -0.09526228 0.44835796 0.03238557
v -0.09686834 0.45049859 0.03238557
v -0.09526228 0.44852420 0.03488557
v -0.09695629 0.45049859 0.03488557
v -0.09698943 0.45049859 0.03738557
v -0.09753111 0.45049859 0.03988557
v -0.09526228 0.45156286 -0.00761443
v -0.09526228 0.45299859 -0.00857355
v -0.09594607 0.45299859 -0.00261443
v -0.09526228 0.45299859 -0.00364007
v -0.09526228 0.45230294 -0.00261443
v -0.09526228 0.45078305 -0.00011443
v -0.09675431 0.45299859 -0.00011443
v -0.09686863 0.45299859 0.00238557
v -0.09694459 0.45299859 0.00488557
v -0.09698582 0.45299859 0.00738557
v -0.09675167 0.45299859 0.00988557
v -0.09700439 0.45299859 0.01238557
v -0.09686999 0.45299859 0.01488557
v -0.09526228 0.45299859 0.01695853
v -0.09704173 0.45299859 0.01988557
v -0.09526228 0.45299859 0.01779868
v -0.09526228 0.45122273 0.01988557
v -0.09706802 0.45299859 0.02238557
v -0.09701634 0.45299859 0.02488557
v -0.09667307 0.45299859 0.02738557
v -0.09695495 0.45299859 0.02988557
v -0.09695614 0.45299859 0.03238557
v -0.09526228 0.45549859 -0.00766165
v -0.09578084 0.45549859 -0.00511443
v -0.09526228 0.45549859 -0.00736546
v -0.09526228 0.45465334 -0.00511443
v -0.09674712 0.45549859 -0.00261443
v -0.09689077 0.45549859 -0.00011443
v -0.09693573 0.45549859 0.00238557
v -0.09702065 0.45549859 0.00488557
v -0.09699794 0.45549859 0.00738557
v -0.09694059 0.45549859 0.00988557
v -0.09700990 0.45549859 0.01238557
v -0.09699767 0.45549859 0.01488557
v -0.09526228 0.45341136 0.01738557
v -0.09700744 0.45549859 0.01738557
v -0.09711939 0.45549859 0.01988557
v -0.09701863 0.45549859 0.02238557
v -0.09704475 0.45549859 0.02488557
v -0.09702942 0.45549859 0.02738557
v -0.09526228 0.45559398 -0.00761443
v -0.09630629 0.45799859 -0.00761443
v -0.09631732 0.45799859 -0.00511443
v -0.09668674 0.45799859 -0.00261443
v -0.09687089 0.45799859 -0.00011443
v -0.09683131 0.45799859 0.00238557
v -0.09704133 0.45799859 0.00488557
v -0.09717130 0.45799859 0.00738557
v -0.09718200 0.45799859 0.00988557
v -0.09718426 0.45799859 0.01238557
v -0.09704249 0.45799859 0.01488557
v -0.09702133 0.45799859 0.01738557
v -0.09703321 0.45799859 0.01988557
v -0.09715946 0.45799859 0.02238557
v -0.09702717 0.45799859 0.02488557
v -0.09628526 0.46049859 -0.00761443
v -0.09658837 0.46049859 -0.00511443
v -0.09669637 0.46049859 -0.00261443
v -0.09682781 0.46049859 -0.00011443
v -0.09716070 0.46049859 0.00238557
v -0.09718429 0.46049859 0.00488557
v -0.09718394 0.46049859 0.00738557
v -0.09704008 0.46049859 0.00988557
v -0.09704479 0.46049859 0.01238557
v -0.09713353 0.46049859 0.01488557
v -0.09718622 0.46049859 0.01738557
v -0.09713087 0.46049859 0.01988557
v -0.09623965 0.46299859 -0.00761443
v -0.09671569 0.46299859 -0.00511443
v -0.09705841 0.46299859 -0.00261443
v -0.09713854 0.46299859 -0.00011443
v -0.09723114 0.46299859 0.00238557
v -0.09703522 0.46299859 0.00488557
v -0.09713004 0.46299859 0.00738557
v -0.09716490 0.46299859 0.00988557
v -0.09716924 0.46299859 0.01238557
v -0.09718617 0.46299859 0.01488557
v -0.09639194 0.46549859 -0.00761443
v -0.09689483 0.46549859 -0.00511443
v -0.09711387 0.46549859 -0.00261443
v -0.09721684 0.46549859 -0.00011443
v -0.09711158 0.46549859 0.00238557
v -0.09703795 0.46549859 0.00488557
v -0.09716465 0.46549859 0.00738557
v -0.09715057 0.46549859 0.00988557
v -0.09717857 0.46549859 0.01238557
v -0.09628066 0.46799859 -0.00761443
v -0.09650380 0.46799859 -0.00511443
v -0.09695815 0.46799859 -0.00261443
v -0.09703796 0.46799859 -0.00011443
v -0.09710510 0.46799859 0.00238557
v -0.09716324 0.46799859 0.00488557
v -0.09716831 0.46799859 0.00738557
v -0.09654306 0.47049859 -0.00761443
v -0.09673701 0.47049859 -0.00511443
v -0.09674673 0.47049859 -0.00261443
v -0.09714430 0.47049859 -0.00011443
v -0.09716397 0.47049859 0.00238557
v -0.09623029 0.47299859 -0.00761443
v -0.09650926 0.47299859 -0.00511443
v -0.09693701 0.47299859 -0.00261443
v -0.09715306 0.47299859 -0.00011443
v -0.09559600 0.47549859 -0.00761443
v -0.09645223 0.47549859 -0.00511443
v -0.09749564 0.47549859 -0.00261443
v -0.09702413 0.49049859 -0.00761443
v -0.09730216 0.49299859 -0.00761443
v -0.09526228 0.49468269 -0.00761443
v -0.09526228 0.49549859 -0.00786623
v -0.09526228 0.49549859 -0.00700535
v -0.09526228 0.49776104 -0.00761443
v -0.09526228 0.50093008 -0.00761443
v -0.09526228 0.50299859 -0.00772499
v -0.09526228 0.50299859 -0.00725883
v -0.09526228 0.50549859 -0.00770587
v -0.09526228 0.50549859 -0.00730194
v -0.09526228 0.50799859 -0.00772485
v -0.09526228 0.50799859 -0.00722851
v -0.09526228 0.51049859 -0.00766886
v -0.09526228 0.51049859 -0.00741591
v -0.09526228 0.51126353 -0.00761443
v -0.09458425 0.42799859 -0.00761443
v -0.09514088 0.42799859 0.01738557
v -0.09515564 0.42799859 0.01988557
v -0.09342652 0.43049859 -0.00761443
v -0.09415636 0.43049859 -0.00511443
v -0.09511081 0.43049859 -0.00261443
v -0.09484809 0.43049859 0.01238557
v -0.09470729 0.43049859 0.01488557
v -0.09463850 0.43049859 0.01738557
v -0.09521368 0.43049859 0.01988557
v -0.09462682 0.43049859 0.02488557
v -0.09459128 0.43049859 0.02738557
v -0.09490285 0.43049859 0.02988557
v -0.09465049 0.43049859 0.03238557
v -0.09522295 0.43049859 0.03488557
v -0.09483451 0.43049859 0.03738557
v -0.09468447 0.43049859 0.04238557
v -0.09508573 0.43049859 0.04488557
v -0.09285956 0.43299859 -0.00761443
v -0.09383506 0.43299859 -0.00511443
v -0.09474518 0.43299859 -0.00261443
v -0.09446264 0.43299859 0.00988557
v -0.09484447 0.43299859 0.01238557
v -0.09504317 0.43299859 0.01738557
v -0.09441196 0.43299859 0.01988557
v -0.09448642 0.43299859 0.02238557
v -0.09440799 0.43299859 0.02488557
v -0.09438613 0.43299859 0.02738557
v -0.09458822 0.43299859 0.02988557
v -0.09485212 0.43299859 0.03238557
v -0.09464798 0.43299859 0.03488557
v -0.09451546 0.43299859 0.03738557
v -0.09461936 0.43299859 0.03988557
v -0.09484924 0.43299859 0.04238557
v -0.09281726 0.43549859 -0.00761443
v -0.09383488 0.43549859 -0.00511443
v -0.09463415 0.43549859 -0.00261443
v -0.09503170 0.43549859 0.00238557
v -0.09453445 0.43549859 0.00488557
v -0.09448428 0.43549859 0.00738557
v -0.09460249 0.43549859 0.01238557
v -0.09478939 0.43549859 0.01488557
v -0.09447469 0.43549859 0.01738557
v -0.09446102 0.43549859 0.01988557
v -0.09449926 0.43549859 0.02238557
v -0.09440414 0.43549859 0.02488557
v -0.09445316 0.43549859 0.02738557
v -0.09469226 0.43549859 0.02988557
v -0.09450802 0.43549859 0.03238557
v -0.09463925 0.43549859 0.03488557
v -0.09444389 0.43549859 0.03738557
v -0.09442968 0.43549859 0.03988557
v -0.09475403 0.43549859 0.04238557
v -0.09506405 0.43549859 0.04488557
v -0.09285443 0.43799859 -0.00761443
v -0.09385389 0.43799859 -0.00511443
v -0.09440839 0.43799859 0.00238557
v -0.09466574 0.43799859 0.00488557
v -0.09469750 0.43799859 0.00738557
v -0.09440955 0.43799859 0.01488557
v -0.09444176 0.43799859 0.01738557
v -0.09448094 0.43799859 0.01988557
v -0.09446375 0.43799859 0.02238557
v -0.09455323 0.43799859 0.02488557
v -0.09463304 0.43799859 0.02738557
v -0.09441989 0.43799859 0.02988557
v -0.09458503 0.43799859 0.03238557
v -0.09437911 0.43799859 0.03488557
v -0.09417907 0.43799859 0.03738557
v -0.09431214 0.43799859 0.03988557
v -0.09444601 0.43799859 0.04238557
v -0.09510363 0.43799859 0.04488557
v -0.09290662 0.44049859 -0.00761443
v -0.09442423 0.44049859 -0.00011443
v -0.09458240 0.44049859 0.00238557
v -0.09429288 0.44049859 0.00488557
v -0.09441553 0.44049859 0.01238557
v -0.09442670 0.44049859 0.01488557
v -0.09443359 0.44049859 0.01738557
v -0.09479851 0.44049859 0.01988557
v -0.09452082 0.44049859 0.02488557
v -0.09451657 0.44049859 0.02738557
v -0.09446387 0.44049859 0.02988557
v -0.09444759 0.44049859 0.03238557
v -0.09439891 0.44049859 0.03488557
v -0.09447654 0.44049859 0.03738557
v -0.09444367 0.44049859 0.03988557
v -0.09472990 0.44049859 0.04238557
v -0.09482231 0.44049859 0.04488557
v -0.09432516 0.44299859 -0.00011443
v -0.09435087 0.44299859 0.00988557
v -0.09434900 0.44299859 0.01238557
v -0.09478762 0.44299859 0.01488557
v -0.09475117 0.44299859 0.02238557
v -0.09443947 0.44299859 0.02488557
v -0.09450438 0.44299859 0.02738557
v -0.09445257 0.44299859 0.02988557
v -0.09440353 0.44299859 0.03238557
v -0.09452075 0.44299859 0.03488557
v -0.09448969 0.44299859 0.03738557
v -0.09501248 0.44299859 0.03988557
v -0.09445305 0.44549859 0.00488557
v -0.09435391 0.44549859 0.00738557
v -0.09439002 0.44549859 0.00988557
v -0.09445668 0.44549859 0.02238557
v -0.09446028 0.44549859 0.02488557
v -0.09443374 0.44549859 0.02738557
v -0.09480708 0.44549859 0.03238557
v -0.09481642 0.44549859 0.03488557
v -0.09504529 0.44549859 0.03738557
v -0.09484706 0.44549859 0.04238557
v -0.09503232 0.44799859 -0.00011443
v -0.09448213 0.44799859 0.00238557
v -0.09518956 0.44799859 0.00738557
v -0.09510503 0.44799859 0.01988557
v -0.09467332 0.44799859 0.02238557
v -0.09443676 0.44799859 0.02488557
v -0.09482528 0.44799859 0.02988557
v -0.09494899 0.44799859 0.03238557
v -0.09476210 0.44799859 0.03488557
v -0.09469967 0.45049859 -0.00511443
v -0.09415864 0.45049859 -0.00261443
v -0.09499547 0.45049859 -0.00011443
v -0.09513443 0.45049859 0.01738557
v -0.09455825 0.45049859 0.01988557
v -0.09370175 0.45299859 -0.00761443
v -0.09446410 0.45299859 -0.00511443
v -0.09486250 0.45299859 0.01738557
v -0.09516334 0.45549859 -0.00761443
v -0.09409623 0.49549859 -0.00761443
v -0.09313211 0.50299859 -0.00761443
v -0.09276228 0.50372240 -0.00761443
v -0.09276228 0.50549859 -0.00766276
v -0.09276228 0.50549859 -0.00745545
v -0.09276228 0.50799859 -0.00765685
v -0.09276228 0.50799859 -0.00744228
v -0.09276228 0.51049859 -0.00766613
v -0.09276228 0.51049859 -0.00741564
v -0.09296754 0.51299859 -0.00761443
v -0.09276228 0.51299859 -0.00762567
v -0.09276228 0.51299859 -0.00757053
v -0.09276228 0.51344561 -0.00761443
v -0.09026228 0.50408859 -0.00761443
v -0.09026228 0.50549859 -0.00763406
v -0.09026228 0.50549859 -0.00754613
v -0.09026228 0.50799859 -0.00771540
v -0.09026228 0.50799859 -0.00728017
v -0.09026228 0.51049859 -0.00765553
v -0.09026228 0.51049859 -0.00746955
v -0.09026228 0.51171951 -0.00761443
v -0.09224976 0.51299859 -0.00761443
v -0.08977303 0.50549859 -0.00761443
v -0.08776228 0.50708619 -0.00761443
v -0.08776228 0.50799859 -0.00766031
v -0.08776228 0.50799859 -0.00744509
v -0.08776228 0.51049859 -0.00763452
v -0.08776228 0.51049859 -0.00753612
v -0.08776228 0.51218564 -0.00761443
v -0.08645363 0.50799859 -0.00761443
v -0.08526228 0.50979900 -0.00761443
v -0.08526228 0.51049859 -0.00763086
v -0.08526228 0.51049859 -0.00755493
v -0.08526228 0.51098346 -0.00761443
v -0.08496880 0.51049859 -0.00761443
f 4586 4599 4587
f 4409 4595 4574
f 4437 4595 4409
f 4574 4594 4575
f 4575 4594 4596
f 4575 4596 4576
f 4578 4438 4413
f 4438 4578 4414
f 4581 4439 4417
f 4439 4581 4418
f 4584 4597 4583
f 4583 4597 4585
f 4585 4597 4598
f 4585 4598 4586
f 4586 4598 4599
f 4595 4594 4574
f 4587 4599 4600
f 4587 4600 4588
f 4592 4601 4591
f 4591 4601 4428
f 4601 4440 4428
f 4601 4602 4440
f 4440 4603 4441
f 4602 4603 4440
f 4441 4604 4442
f 4603 4604 4441
f 4604 4606 4605
f 4443 4604 4605
f 4442 4604 4443
f 4586 4421 4585
f 4570 4581 4417
f 4580 4570 4417
f 4415 4580 4417
f 4572 4570 4580
f 4582 4419 4418
f 4570 4582 4418
f 4581 4570 4418
f 4582 4570 4573
f 4582 4584 4583
f 4420 4582 4583
f 4419 4582 4420
f 4585 4421 4420
f 4585 4420 4583
f 4586 4422 4421
f 4443 4605 4607
f 4587 4423 4422
f 4587 4422 4586
f 4423 4587 4588
f 4589 4423 4588
f 4424 4423 4589
f 4424 4590 4425
f 4589 4590 4424
f 4590 4592 4591
f 4426 4590 4591
f 4425 4590 4426
f 4591 4428 4426
f 4433 4593 4434
f 4593 4436 4434
f 4626 4463 4461
f 4456 4619 4454
f 4456 4621 4619
f 4620 4457 4455
f 4622 4457 4620
f 4458 4621 4456
f 4458 4623 4621
f 4622 4459 4457
f 4624 4459 4622
f 4460 4623 4458
f 4460 4625 4623
f 4624 4461 4459
f 4626 4461 4624
f 4462 4625 4460
f 4462 4627 4625
f 4620 4455 4618
f 4628 4463 4626
f 4464 4627 4462
f 4464 4629 4627
f 4628 4465 4463
f 4630 4465 4628
f 4466 4629 4464
f 4466 4631 4629
f 4630 4467 4465
f 4632 4467 4630
f 4468 4631 4466
f 4468 4633 4631
f 4632 4469 4467
f 4634 4469 4632
f 4449 4613 4595
f 4608 4443 4607
f 4444 4443 4608
f 4444 4609 4445
f 4608 4609 4444
f 4433 4445 4593
f 4445 4610 4593
f 4445 4609 4610
f 4593 4610 4436
f 4610 4446 4436
f 4610 4611 4446
f 4448 4446 4611
f 4448 4611 4612
f 4449 4595 4437
f 4580 4415 4579
f 4606 4614 4605
f 4605 4614 4607
f 4612 4615 4448
f 4448 4615 4450
f 4451 4450 4615
f 4451 4615 4616
f 4452 4613 4449
f 4452 4617 4613
f 4616 4453 4451
f 4618 4453 4616
f 4454 4617 4452
f 4454 4619 4617
f 4618 4455 4453
f 4370 4547 4546
f 4362 4532 4350
f 4362 4541 4532
f 4533 4364 4352
f 4364 4533 4365
f 4533 4542 4365
f 4533 4534 4542
f 4534 4535 4543
f 4534 4543 4542
f 4366 4538 4356
f 4538 4366 4358
f 4367 4541 4362
f 4367 4544 4541
f 4545 4369 4370
f 4545 4370 4546
f 4516 4361 4337
f 4370 4371 4547
f 4371 4365 4542
f 4548 4371 4542
f 4547 4371 4548
f 4548 4542 4543
f 4372 4544 4367
f 4372 4549 4544
f 4545 4374 4369
f 4375 4374 4545
f 4546 4375 4545
f 4550 4375 4546
f 4376 4549 4372
f 4376 4551 4549
f 4534 4354 4535
f 4529 4346 4347
f 4529 4528 4346
f 4530 4347 4348
f 4530 4529 4347
f 4531 4348 4349
f 4531 4530 4348
f 4349 4335 4513
f 4349 4513 4531
f 4350 4515 4336
f 4350 4532 4515
f 4533 4352 4353
f 4354 4534 4353
f 4353 4534 4533
f 4378 4375 4552
f 4354 4536 4535
f 4354 4355 4536
f 4538 4537 4356
f 4537 4355 4356
f 4537 4536 4355
f 4358 4359 4538
f 4359 4537 4538
f 4359 4539 4537
f 4540 4359 4360
f 4540 4539 4359
f 4361 4516 4517
f 4540 4361 4517
f 4360 4361 4540
f 4567 4401 4399
f 4394 4564 4562
f 4563 4396 4392
f 4565 4396 4563
f 4397 4564 4394
f 4397 4566 4564
f 4398 4396 4567
f 4396 4568 4567
f 4396 4565 4568
f 4567 4399 4398
f 4569 4566 4397
f 4569 4397 4400
f 4401 4567 4568
f 4569 4401 4568
f 4400 4401 4569
f 4394 4562 4390
f 4572 4571 4570
f 4573 4570 4571
f 4409 4574 4408
f 4575 4410 4408
f 4575 4408 4574
f 4410 4575 4576
f 4577 4410 4576
f 4411 4410 4577
f 4579 4578 4413
f 4411 4579 4413
f 4577 4579 4411
f 4415 4414 4578
f 4579 4415 4578
f 4386 4381 4555
f 4375 4553 4552
f 4375 4550 4553
f 4552 4379 4378
f 4380 4551 4376
f 4380 4554 4551
f 4552 4553 4382
f 4553 4381 4382
f 4553 4555 4381
f 4552 4382 4379
f 4383 4554 4380
f 4383 4556 4554
f 4558 4557 4386
f 4386 4557 4385
f 4470 4633 4468
f 4386 4555 4558
f 4387 4556 4383
f 4387 4559 4556
f 4388 4385 4560
f 4385 4561 4560
f 4385 4557 4561
f 4560 4389 4388
f 4390 4559 4387
f 4390 4562 4559
f 4560 4561 4393
f 4561 4392 4393
f 4561 4563 4392
f 4560 4393 4389
f 4710 4706 4547
f 4541 4705 4701
f 4708 4707 4706
f 4710 4709 4706
f 4706 4709 4708
f 4712 4711 4710
f 4710 4711 4709
f 4702 4711 4712
f 4543 4702 4712
f 4535 4702 4543
f 4544 4705 4541
f 4544 4713 4705
f 4707 4714 4706
f 4715 4546 4547
f 4706 4715 4547
f 4541 4701 4532
f 4714 4715 4706
f 4710 4547 4548
f 4710 4548 4712
f 4712 4548 4543
f 4549 4713 4544
f 4549 4716 4713
f 4715 4550 4546
f 4717 4550 4715
f 4551 4716 4549
f 4551 4718 4716
f 4717 4553 4550
f 4719 4553 4717
f 4554 4718 4551
f 4678 4531 4682
f 4696 4695 4524
f 4697 4525 4526
f 4697 4696 4525
f 4698 4526 4527
f 4698 4697 4526
f 4699 4527 4528
f 4699 4698 4527
f 4700 4528 4529
f 4700 4699 4528
f 4530 4678 4679
f 4700 4530 4679
f 4529 4530 4700
f 4678 4530 4531
f 4554 4720 4718
f 4682 4531 4513
f 4532 4683 4515
f 4532 4701 4683
f 4703 4702 4536
f 4536 4702 4535
f 4704 4536 4537
f 4704 4703 4536
f 4539 4684 4685
f 4704 4539 4685
f 4537 4539 4704
f 4684 4539 4540
f 4684 4540 4688
f 4688 4540 4517
f 4742 4743 4734
f 4572 4734 4571
f 4734 4573 4571
f 4737 4736 4735
f 4738 4735 4736
f 4576 4739 4577
f 4740 4579 4577
f 4740 4577 4739
f 4741 4580 4579
f 4741 4579 4740
f 4734 4572 4580
f 4741 4734 4580
f 4742 4734 4741
f 4743 4582 4573
f 4734 4743 4573
f 4569 4732 4733
f 4743 4584 4582
f 4588 4744 4589
f 4745 4590 4589
f 4745 4589 4744
f 4745 4592 4590
f 4737 4735 4594
f 4595 4737 4594
f 4746 4737 4595
f 4738 4747 4735
f 4747 4594 4735
f 4747 4596 4594
f 4596 4747 4576
f 4747 4748 4576
f 4562 4727 4725
f 4719 4555 4553
f 4721 4555 4719
f 4556 4720 4554
f 4556 4722 4720
f 4724 4723 4558
f 4558 4723 4557
f 4558 4555 4721
f 4558 4721 4724
f 4559 4722 4556
f 4559 4725 4722
f 4723 4561 4557
f 4726 4561 4723
f 4562 4725 4559
f 4696 4524 4525
f 4726 4563 4561
f 4728 4563 4726
f 4564 4727 4562
f 4564 4729 4727
f 4728 4565 4563
f 4730 4565 4728
f 4566 4729 4564
f 4566 4731 4729
f 4730 4568 4565
f 4732 4568 4730
f 4733 4731 4566
f 4733 4566 4569
f 4569 4568 4732
f 4492 4656 4653
f 4485 4648 4649
f 4486 4647 4482
f 4486 4650 4647
f 4651 4489 4487
f 4652 4651 4487
f 4485 4652 4487
f 4649 4652 4485
f 4490 4650 4486
f 4490 4653 4650
f 4654 4491 4651
f 4651 4491 4489
f 4651 4652 4655
f 4651 4655 4654
f 4492 4653 4490
f 4485 4483 4648
f 4657 4493 4654
f 4654 4493 4491
f 4654 4655 4658
f 4654 4658 4657
f 4494 4656 4492
f 4494 4659 4656
f 4657 4495 4493
f 4496 4495 4657
f 4658 4496 4657
f 4660 4496 4658
f 4497 4659 4494
f 4497 4661 4659
f 4664 4663 4662
f 4477 4474 4639
f 4470 4635 4633
f 4634 4471 4469
f 4636 4471 4634
f 4472 4635 4470
f 4472 4637 4635
f 4636 4638 4471
f 4471 4638 4473
f 4474 4473 4638
f 4474 4638 4639
f 4475 4637 4472
f 4475 4640 4637
f 4642 4641 4477
f 4477 4641 4476
f 4660 4664 4662
f 4477 4639 4642
f 4478 4640 4475
f 4478 4643 4640
f 4641 4479 4476
f 4644 4479 4641
f 4480 4643 4478
f 4480 4645 4643
f 4644 4481 4479
f 4646 4481 4644
f 4482 4645 4480
f 4482 4647 4645
f 4646 4648 4481
f 4481 4648 4483
f 4518 4687 4688
f 4680 4679 4678
f 4682 4681 4678
f 4678 4681 4680
f 4681 4682 4675
f 4675 4682 4674
f 4682 4513 4674
f 4513 4514 4674
f 4674 4514 4510
f 4515 4677 4511
f 4515 4683 4677
f 4686 4685 4684
f 4688 4687 4684
f 4684 4687 4686
f 4517 4518 4688
f 4511 4677 4673
f 4518 4689 4687
f 4690 4518 4519
f 4690 4689 4518
f 4691 4519 4520
f 4691 4690 4519
f 4692 4520 4521
f 4692 4691 4520
f 4693 4521 4522
f 4693 4692 4521
f 4694 4522 4523
f 4694 4693 4522
f 4695 4523 4524
f 4695 4694 4523
f 4504 4669 4667
f 4498 4660 4662
f 4496 4660 4498
f 4499 4661 4497
f 4499 4665 4661
f 4662 4663 4501
f 4663 4500 4501
f 4663 4666 4500
f 4662 4501 4498
f 4502 4665 4499
f 4502 4667 4665
f 4666 4503 4500
f 4668 4503 4666
f 4504 4667 4502
f 4528 4527 4345
f 4668 4505 4503
f 4670 4505 4668
f 4506 4669 4504
f 4506 4671 4669
f 4670 4507 4505
f 4672 4507 4670
f 4508 4671 4506
f 4508 4673 4671
f 4676 4675 4674
f 4672 4676 4674
f 4510 4672 4674
f 4507 4672 4510
f 4511 4673 4508
f 4373 4194 4191
f 4370 4189 4363
f 4189 4185 4363
f 4370 4368 4189
f 4371 4363 4365
f 4190 4367 4188
f 4190 4372 4367
f 4373 4191 4192
f 4369 4374 4368
f 4375 4368 4374
f 4375 4189 4368
f 4375 4373 4192
f 4189 4375 4192
f 4193 4372 4190
f 4193 4376 4372
f 4371 4370 4363
f 4378 4377 4195
f 4378 4195 4194
f 4375 4378 4194
f 4373 4375 4194
f 4379 4377 4378
f 4196 4376 4193
f 4196 4380 4376
f 4382 4381 4377
f 4381 4195 4377
f 4381 4197 4195
f 4382 4377 4379
f 4198 4380 4196
f 4198 4383 4380
f 4363 4185 4352
f 4175 4177 4355
f 4355 4177 4356
f 4359 4358 4357
f 4180 4181 4357
f 4181 4359 4357
f 4181 4360 4359
f 4361 4181 4182
f 4361 4360 4181
f 4182 4163 4337
f 4182 4337 4361
f 4183 4350 4172
f 4183 4362 4350
f 4364 4363 4352
f 4386 4385 4384
f 4184 4351 4352
f 4184 4352 4185
f 4184 4173 4351
f 4363 4364 4365
f 4366 4356 4177
f 4366 4177 4186
f 4187 4357 4358
f 4366 4187 4358
f 4186 4187 4366
f 4357 4187 4180
f 4188 4362 4183
f 4188 4367 4362
f 4370 4369 4368
f 4407 4226 4223
f 4400 4206 4208
f 4401 4208 4209
f 4401 4400 4208
f 4209 4207 4399
f 4209 4399 4401
f 4213 4402 4212
f 4403 4214 4212
f 4403 4212 4402
f 4404 4215 4214
f 4404 4214 4403
f 4404 4217 4215
f 4218 4405 4219
f 4405 4221 4219
f 4224 4406 4223
f 4400 4397 4206
f 4407 4223 4406
f 4228 4226 4407
f 4409 4408 4402
f 4213 4409 4402
f 4236 4409 4213
f 4402 4408 4403
f 4403 4408 4410
f 4403 4410 4404
f 4404 4410 4411
f 4411 4413 4412
f 4411 4412 4237
f 4404 4411 4237
f 4217 4404 4237
f 4203 4389 4391
f 4381 4386 4384
f 4199 4381 4384
f 4197 4381 4199
f 4200 4383 4198
f 4200 4387 4383
f 4385 4388 4384
f 4199 4384 4388
f 4389 4199 4388
f 4201 4199 4389
f 4202 4387 4200
f 4202 4390 4387
f 4393 4392 4391
f 4389 4393 4391
f 4355 4354 4174
f 4201 4389 4203
f 4204 4390 4202
f 4204 4394 4390
f 4391 4392 4395
f 4395 4392 4396
f 4395 4205 4203
f 4395 4203 4391
f 4206 4394 4204
f 4206 4397 4394
f 4396 4398 4395
f 4205 4395 4398
f 4399 4205 4398
f 4207 4205 4399
f 4317 4137 4135
f 4308 4309 4312
f 4308 4312 4311
f 4130 4310 4128
f 4130 4313 4310
f 4315 4314 4311
f 4314 4129 4311
f 4314 4132 4129
f 4315 4311 4312
f 4133 4313 4130
f 4133 4316 4313
f 4314 4135 4132
f 4317 4135 4314
f 4136 4316 4133
f 4136 4318 4316
f 4308 4129 4127
f 4319 4137 4317
f 4138 4318 4136
f 4138 4320 4318
f 4319 4139 4137
f 4321 4139 4319
f 4140 4320 4138
f 4140 4322 4320
f 4324 4323 4142
f 4142 4323 4141
f 4142 4139 4321
f 4142 4321 4324
f 4143 4322 4140
f 4143 4325 4322
f 4123 4300 4303
f 4114 4294 4297
f 4296 4117 4116
f 4118 4295 4115
f 4118 4298 4295
f 4297 4299 4296
f 4117 4296 4299
f 4300 4117 4299
f 4119 4117 4300
f 4120 4298 4118
f 4120 4301 4298
f 4303 4302 4123
f 4123 4302 4122
f 4123 4119 4300
f 4328 4327 4326
f 4124 4301 4120
f 4124 4304 4301
f 4302 4125 4122
f 4305 4125 4302
f 4126 4304 4124
f 4126 4306 4304
f 4308 4127 4307
f 4127 4305 4307
f 4127 4125 4305
f 4309 4308 4307
f 4128 4306 4126
f 4128 4310 4306
f 4311 4129 4308
f 4347 4333 4334
f 4169 4330 4326
f 4169 4343 4330
f 4169 4149 4329
f 4343 4169 4329
f 4343 4329 4152
f 4170 4343 4152
f 4344 4343 4170
f 4170 4153 4331
f 4345 4170 4331
f 4344 4170 4345
f 4345 4331 4332
f 4345 4332 4346
f 4346 4332 4333
f 4346 4333 4347
f 4168 4169 4342
f 4347 4334 4348
f 4348 4334 4159
f 4171 4348 4159
f 4349 4348 4171
f 4171 4160 4335
f 4171 4335 4349
f 4172 4336 4161
f 4172 4350 4336
f 4353 4352 4351
f 4173 4174 4351
f 4174 4353 4351
f 4174 4354 4353
f 4355 4174 4175
f 4161 4325 4143
f 4149 4150 4329
f 4328 4326 4330
f 4152 4329 4150
f 4331 4153 4154
f 4155 4332 4154
f 4154 4332 4331
f 4156 4333 4155
f 4155 4333 4332
f 4158 4334 4156
f 4156 4334 4333
f 4159 4334 4158
f 4323 4160 4141
f 4335 4160 4323
f 4412 4414 4237
f 4161 4336 4325
f 4338 4337 4164
f 4164 4337 4163
f 4339 4164 4165
f 4339 4338 4164
f 4340 4165 4166
f 4340 4339 4165
f 4341 4166 4167
f 4341 4340 4166
f 4342 4167 4168
f 4342 4341 4167
f 4169 4326 4327
f 4342 4169 4327
f 4304 4490 4301
f 4298 4482 4295
f 4298 4486 4482
f 4299 4297 4484
f 4489 4488 4487
f 4300 4487 4488
f 4300 4485 4487
f 4300 4299 4484
f 4485 4300 4484
f 4301 4486 4298
f 4301 4490 4486
f 4488 4489 4303
f 4489 4302 4303
f 4489 4491 4302
f 4488 4303 4300
f 4485 4484 4483
f 4304 4492 4490
f 4491 4305 4302
f 4493 4305 4491
f 4306 4492 4304
f 4306 4494 4492
f 4493 4495 4305
f 4305 4495 4307
f 4309 4307 4495
f 4309 4495 4496
f 4310 4494 4306
f 4310 4497 4494
f 4496 4312 4309
f 4498 4312 4496
f 4290 4474 4477
f 4469 4283 4281
f 4471 4283 4469
f 4284 4470 4282
f 4284 4472 4470
f 4471 4473 4283
f 4283 4473 4285
f 4287 4285 4473
f 4287 4473 4474
f 4288 4472 4284
f 4288 4475 4472
f 4477 4476 4290
f 4290 4476 4289
f 4290 4287 4474
f 4313 4497 4310
f 4291 4475 4288
f 4291 4478 4475
f 4476 4292 4289
f 4479 4292 4476
f 4293 4478 4291
f 4293 4480 4478
f 4479 4294 4292
f 4481 4294 4479
f 4295 4480 4293
f 4295 4482 4480
f 4484 4297 4483
f 4297 4481 4483
f 4297 4294 4481
f 4522 4521 4340
f 4513 4323 4509
f 4513 4335 4323
f 4514 4509 4510
f 4336 4511 4325
f 4336 4515 4511
f 4518 4517 4516
f 4337 4338 4516
f 4338 4518 4516
f 4338 4519 4518
f 4520 4338 4339
f 4520 4519 4338
f 4521 4339 4340
f 4521 4520 4339
f 4522 4340 4341
f 4514 4513 4509
f 4523 4341 4342
f 4523 4522 4341
f 4342 4327 4512
f 4524 4342 4512
f 4523 4342 4524
f 4524 4512 4330
f 4343 4524 4330
f 4525 4524 4343
f 4526 4343 4344
f 4526 4525 4343
f 4527 4344 4345
f 4527 4526 4344
f 4528 4345 4346
f 4320 4504 4318
f 4313 4499 4497
f 4501 4500 4315
f 4315 4500 4314
f 4315 4312 4498
f 4315 4498 4501
f 4316 4499 4313
f 4316 4502 4499
f 4500 4317 4314
f 4503 4317 4500
f 4318 4502 4316
f 4318 4504 4502
f 4503 4319 4317
f 4505 4319 4503
f 4282 4470 4468
f 4320 4506 4504
f 4505 4321 4319
f 4507 4321 4505
f 4322 4506 4320
f 4322 4508 4506
f 4509 4323 4324
f 4510 4509 4324
f 4321 4510 4324
f 4507 4510 4321
f 4325 4508 4322
f 4325 4511 4508
f 4512 4327 4328
f 4330 4512 4328
f 4254 4434 4255
f 4245 4426 4246
f 4429 4247 4246
f 4429 4246 4427
f 4430 4248 4247
f 4430 4247 4429
f 4431 4249 4248
f 4431 4248 4430
f 4431 4251 4249
f 4252 4432 4253
f 4253 4432 4433
f 4434 4253 4433
f 4254 4253 4434
f 4434 4436 4435
f 4255 4434 4435
f 4246 4426 4427
f 4435 4257 4255
f 4258 4409 4236
f 4258 4437 4409
f 4413 4438 4412
f 4412 4438 4414
f 4417 4439 4416
f 4416 4439 4418
f 4428 4440 4427
f 4427 4440 4429
f 4429 4440 4441
f 4429 4441 4430
f 4430 4441 4442
f 4430 4442 4431
f 4420 4421 4241
f 4237 4414 4218
f 4414 4415 4218
f 4415 4405 4218
f 4415 4417 4416
f 4415 4416 4238
f 4405 4415 4238
f 4221 4405 4238
f 4238 4416 4418
f 4419 4238 4418
f 4240 4238 4419
f 4240 4420 4241
f 4419 4420 4240
f 4241 4421 4242
f 4431 4442 4443
f 4224 4242 4406
f 4242 4422 4406
f 4242 4421 4422
f 4406 4422 4407
f 4407 4422 4423
f 4407 4423 4228
f 4423 4243 4228
f 4423 4424 4243
f 4243 4425 4244
f 4424 4425 4243
f 4244 4426 4245
f 4425 4426 4244
f 4426 4428 4427
f 4463 4275 4461
f 4268 4456 4454
f 4455 4269 4267
f 4457 4269 4455
f 4270 4456 4268
f 4270 4458 4456
f 4457 4271 4269
f 4459 4271 4457
f 4272 4458 4270
f 4272 4460 4458
f 4459 4273 4271
f 4461 4273 4459
f 4274 4460 4272
f 4274 4462 4460
f 4461 4275 4273
f 4268 4454 4266
f 4276 4462 4274
f 4276 4464 4462
f 4463 4277 4275
f 4465 4277 4463
f 4278 4464 4276
f 4278 4466 4464
f 4465 4279 4277
f 4467 4279 4465
f 4280 4466 4278
f 4280 4468 4466
f 4467 4281 4279
f 4469 4281 4467
f 4282 4468 4280
f 4262 4437 4258
f 4431 4443 4251
f 4443 4259 4251
f 4443 4444 4259
f 4252 4259 4432
f 4259 4445 4432
f 4259 4444 4445
f 4432 4445 4433
f 4436 4446 4435
f 4446 4448 4447
f 4446 4447 4260
f 4435 4446 4260
f 4257 4435 4260
f 4447 4261 4260
f 4748 4739 4576
f 4262 4449 4437
f 4448 4450 4447
f 4261 4447 4450
f 4451 4261 4450
f 4263 4261 4451
f 4264 4449 4262
f 4264 4452 4449
f 4451 4265 4263
f 4453 4265 4451
f 4266 4452 4264
f 4266 4454 4452
f 4453 4267 4265
f 4455 4267 4453
f 5055 5080 5082
f 5073 5051 5072
f 5051 5070 5072
f 5051 5048 5070
f 5051 5073 5053
f 5053 5073 5074
f 5053 5074 5054
f 5077 5076 5075
f 5079 5078 5075
f 5075 5078 5077
f 5078 5079 5056
f 5079 5055 5056
f 5079 5080 5055
f 5058 5055 5081
f 5055 5082 5081
f 5070 5049 5071
f 5084 5083 5082
f 5082 5083 5081
f 5083 5084 5060
f 5084 5059 5060
f 5084 5085 5059
f 5062 5059 5086
f 5059 5087 5086
f 5059 5085 5087
f 5086 5087 5064
f 5087 5063 5064
f 5087 5088 5063
f 5088 4853 4854
f 5067 5088 4854
f 5055 5058 5057
f 5039 4844 4845
f 5039 5046 4844
f 5038 4845 4841
f 4846 5041 4842
f 4846 5047 5041
f 5050 5049 5048
f 5050 5048 5043
f 5048 5042 5043
f 5048 5051 5042
f 5045 5042 5052
f 5042 5053 5052
f 5042 5051 5053
f 5053 5054 5052
f 5057 5056 5055
f 5063 5088 5067
f 5061 5060 5059
f 5059 5062 5061
f 5065 5064 5063
f 5067 5066 5063
f 5063 5066 5065
f 4848 4849 5067
f 4849 5066 5067
f 4849 5068 5066
f 4849 4844 5046
f 4849 5046 5068
f 4851 5047 4846
f 4851 5069 5047
f 5048 5049 5070
f 5088 4878 4853
f 5080 4868 4870
f 5103 5080 4870
f 5082 5080 5103
f 5103 4872 4873
f 5084 5103 4873
f 5082 5103 5084
f 5084 4873 4874
f 5104 5084 4874
f 5085 5084 5104
f 5104 4876 4877
f 5087 5104 4877
f 5085 5104 5087
f 5087 4877 4878
f 5087 4878 5088
f 5079 4868 5080
f 4880 5089 4856
f 5089 4880 4881
f 5089 4881 5090
f 5090 4881 4859
f 4882 5091 4860
f 4882 5105 5091
f 5108 5107 5106
f 5110 5109 5106
f 5106 5109 5108
f 5112 5111 5110
f 5110 5111 5109
f 4884 4885 5112
f 4885 5111 5112
f 5093 5096 5095
f 5089 4854 4856
f 5089 5067 4854
f 5089 4855 4848
f 5067 5089 4848
f 5090 4858 4855
f 5090 4855 5089
f 5090 4859 4858
f 4860 5069 4851
f 4860 5091 5069
f 5071 5092 5070
f 5070 5092 5072
f 5095 5094 5093
f 5097 5096 5093
f 5038 5039 4845
f 5099 5098 5097
f 5097 5098 5096
f 5101 5100 5099
f 5099 5100 5098
f 4862 4863 5101
f 4863 5100 5101
f 4863 5102 5100
f 4864 5075 5076
f 5102 4864 5076
f 4863 4864 5102
f 5075 4864 4866
f 5075 4866 5079
f 5079 4866 4868
f 5004 4814 5002
f 4997 4806 4995
f 4807 4996 4805
f 4807 4998 4996
f 4997 4808 4806
f 4999 4808 4997
f 4809 4998 4807
f 4809 5000 4998
f 4999 5001 4808
f 4808 5001 4810
f 4812 4810 5001
f 4812 5001 5002
f 4813 5000 4809
f 4813 5003 5000
f 5002 4814 4812
f 4995 4806 4804
f 4815 5003 4813
f 4815 5005 5003
f 5004 4817 4814
f 5006 4817 5004
f 4818 5005 4815
f 4818 5007 5005
f 5009 5008 4820
f 4820 5008 4819
f 4820 4817 5006
f 4820 5006 5009
f 4821 5007 4818
f 4821 5010 5007
f 5008 5011 4819
f 4795 4991 4799
f 4984 4791 4982
f 4792 4983 4790
f 4792 4985 4983
f 4984 4793 4791
f 4986 4793 4984
f 4794 4985 4792
f 4794 4987 4985
f 4986 4795 4793
f 4988 4795 4986
f 4796 4987 4794
f 4796 4989 4987
f 4990 4798 4799
f 4991 4990 4799
f 4819 5011 4822
f 4988 4991 4795
f 4800 4989 4796
f 4800 4992 4989
f 4990 4801 4798
f 4802 4801 4990
f 4991 4802 4990
f 4993 4802 4991
f 4803 4992 4800
f 4803 4994 4992
f 4993 4804 4802
f 4995 4804 4993
f 4805 4994 4803
f 4805 4996 4994
f 5032 5035 5031
f 5024 5025 5028
f 5028 5025 5029
f 5028 4834 4832
f 5028 4832 5024
f 4835 5027 4833
f 4835 5030 5027
f 5033 5032 5031
f 5033 5031 5029
f 5029 5031 5028
f 5031 4836 5028
f 4836 4837 5028
f 5028 4837 4834
f 4838 5030 4835
f 4838 5034 5030
f 4833 5027 5023
f 4836 5031 5035
f 5036 4836 5035
f 4839 4836 5036
f 4840 5034 4838
f 4840 5037 5034
f 5040 5039 5038
f 5036 5040 5038
f 4841 5036 5038
f 4839 5036 4841
f 4842 5037 4840
f 4842 5041 5037
f 5044 5043 5042
f 5042 5045 5044
f 5018 4826 5014
f 4824 4822 5011
f 4824 5011 5012
f 4825 5010 4821
f 4825 5013 5010
f 5016 5015 5014
f 5012 5016 5014
f 4826 5012 5014
f 4824 5012 4826
f 4827 5013 4825
f 4827 5017 5013
f 5014 5015 5018
f 5018 5015 5019
f 5018 4828 4826
f 4885 5113 5111
f 4829 5017 4827
f 4829 5020 5017
f 5019 5021 5018
f 4828 5018 5021
f 5022 4828 5021
f 4830 4828 5022
f 4831 5020 4829
f 4831 5023 5020
f 5026 5025 5024
f 5022 5026 5024
f 4832 5022 5024
f 4830 5022 4832
f 4833 5023 4831
f 5166 5182 5165
f 4972 4970 5173
f 4972 5173 5174
f 4973 5175 4974
f 5176 4975 4974
f 5176 4974 5175
f 5177 4976 4975
f 5177 4975 5176
f 4976 5177 5178
f 5179 4976 5178
f 4977 4976 5179
f 4978 4977 5179
f 4978 5179 5180
f 4979 5157 4956
f 4979 5181 5157
f 5172 5173 4968
f 5165 5182 5167
f 5167 5182 5183
f 5167 5183 5168
f 5174 5184 4972
f 4972 5184 4980
f 4973 4980 5175
f 4980 5185 5175
f 4980 5184 5185
f 5175 5185 5176
f 5176 5185 5186
f 5176 5186 5177
f 5177 5186 5187
f 5177 5187 5178
f 4964 5167 5168
f 4958 5161 4959
f 5160 5161 4958
f 4959 5162 4960
f 5161 5162 4959
f 4960 5163 4961
f 5162 5163 4960
f 4961 5164 4962
f 5163 5164 4961
f 5164 5166 5165
f 4963 5164 5165
f 4962 5164 4963
f 5167 4964 4963
f 5167 4963 5165
f 4981 4978 5188
f 5169 4964 5168
f 4965 4964 5169
f 4965 5170 4966
f 5169 5170 4965
f 4950 4966 5151
f 4966 5171 5151
f 4966 5170 5171
f 5151 5171 5152
f 5154 4967 4954
f 5156 5172 5154
f 5172 4967 5154
f 5172 4968 4967
f 4968 5173 4970
f 5208 5002 5001
f 5202 4995 5200
f 4996 5201 4994
f 4996 5203 5201
f 5202 4997 4995
f 5204 4997 5202
f 4998 5203 4996
f 4998 5205 5203
f 5204 4999 4997
f 5206 4999 5204
f 5000 5205 4998
f 5000 5207 5205
f 5001 4999 5208
f 4999 5209 5208
f 4999 5206 5209
f 5200 4995 4993
f 5003 5207 5000
f 5003 5210 5207
f 5209 5211 5208
f 5002 5208 5211
f 5212 5002 5211
f 5004 5002 5212
f 5005 5210 5003
f 5005 5213 5210
f 5212 5006 5004
f 5214 5006 5212
f 5007 5213 5005
f 5007 5215 5213
f 5216 5008 5009
f 4987 5193 4985
f 4978 5189 5188
f 4978 5180 5189
f 5188 4982 4981
f 4983 5181 4979
f 4983 5190 5181
f 5189 5191 5188
f 4982 5188 5191
f 5192 4982 5191
f 4984 4982 5192
f 4985 5190 4983
f 4985 5193 5190
f 5192 4986 4984
f 5194 4986 5192
f 5159 5160 4957
f 4987 5195 5193
f 5194 4988 4986
f 5196 4988 5194
f 4989 5195 4987
f 4989 5197 5195
f 5196 4991 4988
f 5198 4991 5196
f 4992 5197 4989
f 4992 5199 5197
f 5198 4993 4991
f 5200 4993 5198
f 4994 5199 4992
f 4994 5201 5199
f 5121 4912 4910
f 5106 4904 5110
f 5110 4904 4906
f 5110 4906 5112
f 5112 4906 4884
f 4908 5116 4895
f 5116 4908 4898
f 4909 5117 4900
f 4909 5119 5117
f 5121 4910 5120
f 4910 5118 5120
f 4910 4902 5118
f 5122 5121 5120
f 4911 5119 4909
f 4911 5123 5119
f 5106 4903 4904
f 4913 4912 5121
f 5122 4913 5121
f 5124 4913 5122
f 4914 5123 4911
f 4914 5125 5123
f 5127 5126 4917
f 4917 5126 4916
f 4917 4913 5124
f 4917 5124 5127
f 4918 5125 4914
f 4918 5128 5125
f 5126 5129 4916
f 4916 5129 4919
f 5101 4892 4862
f 5114 4885 4886
f 5114 5113 4885
f 5115 4886 4888
f 5115 5114 4886
f 4889 5093 5094
f 5115 4889 5094
f 4888 4889 5115
f 5093 4889 4890
f 5093 4890 5097
f 5097 4890 4891
f 5097 4891 5099
f 5099 4891 4892
f 5099 4892 5101
f 4920 4919 5129
f 4895 5116 4894
f 5116 4870 4894
f 5116 5103 4870
f 5116 4898 4897
f 5103 5116 4897
f 5103 4897 4872
f 4899 5104 4874
f 5104 4899 4876
f 4900 5105 4882
f 4900 5117 5105
f 5106 5107 4903
f 5107 4902 4903
f 5107 5118 4902
f 4951 5151 5152
f 4933 5144 5142
f 5143 4934 4932
f 5145 4934 5143
f 5146 5144 4933
f 5146 4933 4935
f 4935 4934 5145
f 4935 5145 5146
f 5148 5147 4937
f 5148 4937 4938
f 5147 5150 5149
f 4939 5147 5149
f 4937 5147 4939
f 5149 4940 4939
f 4950 5151 4951
f 4933 5142 4931
f 5153 4951 5152
f 4953 4951 5153
f 5155 5154 4954
f 4953 5155 4954
f 5153 5155 4953
f 5156 5154 5155
f 4956 5148 4938
f 4956 5157 5148
f 5150 5158 5149
f 5149 5158 4940
f 5158 4957 4940
f 5158 5159 4957
f 4957 5160 4958
f 4926 5135 4923
f 4920 5129 5130
f 4921 5128 4918
f 4921 5131 5128
f 5134 5133 5132
f 5130 5134 5132
f 4922 5130 5132
f 4920 5130 4922
f 4923 5131 4921
f 4923 5135 5131
f 5132 5133 5136
f 5136 5133 5137
f 5136 4925 4922
f 5136 4922 5132
f 4982 4791 4789
f 4926 5138 5135
f 5136 5137 4928
f 5137 4927 4928
f 5137 5139 4927
f 5136 4928 4925
f 4929 5138 4926
f 4929 5140 5138
f 5139 4930 4927
f 5141 4930 5139
f 4931 5140 4929
f 4931 5142 5140
f 5141 4932 4930
f 5143 4932 5141
f 4828 4652 4826
f 4645 4821 4818
f 4823 4646 4822
f 4646 4819 4822
f 4646 4644 4819
f 4824 4823 4822
f 4647 4821 4645
f 4647 4825 4821
f 4823 4648 4646
f 4649 4648 4823
f 4824 4649 4823
f 4826 4649 4824
f 4650 4825 4647
f 4650 4827 4825
f 4826 4652 4649
f 4645 4818 4643
f 4653 4827 4650
f 4653 4829 4827
f 4828 4655 4652
f 4830 4655 4828
f 4656 4829 4653
f 4656 4831 4829
f 4830 4658 4655
f 4832 4658 4830
f 4659 4831 4656
f 4659 4833 4831
f 4832 4660 4658
f 4834 4660 4832
f 4661 4833 4659
f 4812 4639 4811
f 4633 4807 4805
f 4806 4634 4632
f 4808 4634 4806
f 4635 4807 4633
f 4635 4809 4807
f 4811 4636 4810
f 4636 4808 4810
f 4636 4634 4808
f 4812 4811 4810
f 4637 4809 4635
f 4637 4813 4809
f 4811 4638 4636
f 4639 4638 4811
f 4661 4835 4833
f 4814 4639 4812
f 4640 4813 4637
f 4640 4815 4813
f 4816 4641 4642
f 4817 4816 4642
f 4639 4817 4642
f 4814 4817 4639
f 4643 4815 4640
f 4643 4818 4815
f 4820 4819 4816
f 4819 4641 4816
f 4819 4644 4641
f 4820 4816 4817
f 4861 4864 4863
f 4854 4853 4852
f 4855 4847 4848
f 4852 4856 4854
f 4858 4857 4855
f 4675 4855 4857
f 4855 4675 4847
f 4676 4847 4675
f 4847 4676 4850
f 4676 4672 4850
f 4857 4858 4859
f 4677 4851 4673
f 4677 4860 4851
f 4863 4862 4861
f 4865 4864 4861
f 4673 4851 4846
f 4867 4866 4865
f 4865 4866 4864
f 4869 4868 4867
f 4867 4868 4866
f 4869 4870 4868
f 4873 4872 4871
f 4871 4874 4873
f 4877 4876 4875
f 4879 4878 4875
f 4875 4878 4877
f 4878 4879 4853
f 4853 4879 4852
f 4879 4679 4852
f 4669 4842 4840
f 4837 4836 4664
f 4664 4836 4663
f 4664 4660 4834
f 4664 4834 4837
f 4665 4835 4661
f 4665 4838 4835
f 4836 4666 4663
f 4839 4666 4836
f 4667 4838 4665
f 4667 4840 4838
f 4839 4668 4666
f 4841 4668 4839
f 4669 4840 4667
f 4633 4805 4631
f 4845 4844 4843
f 4841 4845 4843
f 4670 4841 4843
f 4668 4841 4670
f 4671 4842 4669
f 4671 4846 4842
f 4849 4848 4847
f 4849 4847 4844
f 4847 4843 4844
f 4847 4850 4843
f 4850 4672 4670
f 4850 4670 4843
f 4673 4846 4671
f 4611 4610 4770
f 4763 4602 4601
f 4763 4601 4761
f 4764 4603 4602
f 4764 4602 4763
f 4765 4604 4603
f 4765 4603 4764
f 4765 4606 4604
f 4607 4766 4608
f 4767 4609 4608
f 4767 4608 4766
f 4768 4610 4609
f 4768 4609 4767
f 4610 4768 4769
f 4770 4610 4769
f 4592 4745 4601
f 4612 4611 4770
f 4612 4770 4771
f 4613 4746 4595
f 4613 4772 4746
f 4749 4773 4748
f 4748 4773 4750
f 4762 4774 4761
f 4761 4774 4763
f 4763 4774 4775
f 4763 4775 4764
f 4764 4775 4776
f 4778 4777 4776
f 4777 4764 4776
f 4597 4756 4598
f 4748 4747 4749
f 4751 4740 4750
f 4740 4748 4750
f 4740 4739 4748
f 4740 4751 4741
f 4741 4751 4752
f 4741 4752 4742
f 4742 4752 4753
f 4742 4753 4743
f 4743 4753 4754
f 4743 4754 4584
f 4754 4597 4584
f 4754 4755 4597
f 4777 4765 4764
f 4755 4756 4597
f 4598 4757 4599
f 4756 4757 4598
f 4599 4758 4600
f 4757 4758 4599
f 4588 4600 4744
f 4600 4759 4744
f 4600 4758 4759
f 4744 4759 4745
f 4745 4759 4760
f 4760 4762 4761
f 4760 4761 4601
f 4745 4760 4601
f 4627 4796 4625
f 4621 4790 4619
f 4621 4792 4790
f 4791 4622 4620
f 4793 4622 4791
f 4623 4792 4621
f 4623 4794 4792
f 4793 4624 4622
f 4795 4624 4793
f 4625 4794 4623
f 4625 4796 4794
f 4799 4798 4797
f 4795 4799 4797
f 4626 4795 4797
f 4624 4795 4626
f 4791 4620 4789
f 4627 4800 4796
f 4798 4801 4797
f 4626 4797 4801
f 4802 4626 4801
f 4628 4626 4802
f 4629 4800 4627
f 4629 4803 4800
f 4802 4630 4628
f 4804 4630 4802
f 4631 4803 4629
f 4631 4805 4803
f 4804 4632 4630
f 4806 4632 4804
f 4612 4785 4784
f 4765 4777 4606
f 4777 4779 4606
f 4779 4614 4606
f 4777 4780 4779
f 4607 4614 4766
f 4614 4781 4766
f 4614 4779 4781
f 4766 4781 4767
f 4767 4781 4782
f 4767 4782 4768
f 4768 4782 4783
f 4768 4783 4769
f 4615 4612 4784
f 4679 4680 4852
f 4612 4771 4785
f 4784 4616 4615
f 4617 4772 4613
f 4617 4786 4772
f 4778 4787 4777
f 4777 4787 4780
f 4785 4788 4784
f 4616 4784 4788
f 4789 4616 4788
f 4618 4616 4789
f 4619 4786 4617
f 4619 4790 4786
f 4789 4620 4618
f 4759 4949 4950
f 4943 4753 4752
f 4943 4752 4942
f 4944 4754 4753
f 4944 4753 4943
f 4945 4755 4754
f 4945 4754 4944
f 4946 4756 4755
f 4946 4755 4945
f 4947 4757 4756
f 4947 4756 4946
f 4948 4758 4757
f 4948 4757 4947
f 4949 4759 4758
f 4949 4758 4948
f 4942 4751 4941
f 4951 4759 4950
f 4760 4759 4951
f 4953 4952 4762
f 4760 4953 4762
f 4951 4953 4760
f 4954 4952 4953
f 4769 4955 4770
f 4955 4771 4770
f 4772 4938 4746
f 4772 4956 4938
f 4940 4957 4749
f 4749 4957 4773
f 4750 4773 4941
f 4733 4732 4934
f 4727 4929 4926
f 4927 4728 4726
f 4930 4728 4927
f 4729 4929 4727
f 4729 4931 4929
f 4930 4730 4728
f 4932 4730 4930
f 4731 4931 4729
f 4731 4933 4931
f 4932 4732 4730
f 4934 4732 4932
f 4935 4933 4731
f 4935 4731 4733
f 4773 4958 4941
f 4733 4934 4935
f 4737 4936 4736
f 4936 4738 4736
f 4938 4937 4936
f 4737 4938 4936
f 4746 4938 4737
f 4936 4937 4738
f 4937 4747 4738
f 4937 4939 4747
f 4749 4747 4939
f 4749 4939 4940
f 4750 4941 4751
f 4942 4752 4751
f 4978 4771 4977
f 4970 4779 4780
f 4970 4972 4971
f 4779 4970 4971
f 4779 4971 4973
f 4974 4779 4973
f 4781 4779 4974
f 4781 4975 4782
f 4974 4975 4781
f 4782 4976 4783
f 4975 4976 4782
f 4769 4783 4955
f 4783 4977 4955
f 4783 4976 4977
f 4771 4955 4977
f 4970 4780 4969
f 4785 4771 4978
f 4786 4956 4772
f 4786 4979 4956
f 4969 4787 4778
f 4972 4980 4971
f 4787 4969 4780
f 4971 4980 4973
f 4978 4981 4785
f 4785 4981 4788
f 4789 4788 4981
f 4789 4981 4982
f 4790 4979 4786
f 4790 4983 4979
f 4947 4964 4948
f 4773 4957 4958
f 4941 4958 4942
f 4942 4958 4959
f 4942 4959 4943
f 4943 4959 4960
f 4943 4960 4944
f 4944 4960 4961
f 4944 4961 4945
f 4945 4961 4962
f 4945 4962 4946
f 4946 4962 4963
f 4946 4963 4947
f 4947 4963 4964
f 4727 4926 4725
f 4948 4964 4965
f 4948 4965 4949
f 4949 4965 4966
f 4949 4966 4950
f 4952 4774 4762
f 4954 4967 4952
f 4967 4774 4952
f 4967 4775 4774
f 4775 4968 4776
f 4967 4968 4775
f 4970 4969 4778
f 4776 4970 4778
f 4968 4970 4776
f 4897 4697 4872
f 4865 4693 4694
f 4865 4694 4867
f 4895 4894 4893
f 4694 4695 4867
f 4869 4867 4695
f 4896 4695 4696
f 4896 4696 4897
f 4896 4897 4898
f 4896 4898 4893
f 4896 4893 4894
f 4896 4894 4870
f 4896 4870 4869
f 4896 4869 4695
f 4697 4871 4872
f 4861 4693 4865
f 4696 4697 4897
f 4899 4874 4871
f 4697 4899 4871
f 4698 4899 4697
f 4699 4875 4876
f 4899 4699 4876
f 4698 4699 4899
f 4875 4699 4700
f 4875 4700 4879
f 4879 4700 4679
f 4701 4882 4683
f 4701 4900 4882
f 4903 4902 4901
f 4686 4886 4887
f 4880 4856 4852
f 4680 4880 4852
f 4681 4880 4680
f 4681 4675 4857
f 4881 4681 4857
f 4880 4681 4881
f 4881 4857 4859
f 4683 4860 4677
f 4683 4882 4860
f 4885 4884 4883
f 4887 4886 4883
f 4883 4886 4885
f 4685 4686 4887
f 4905 4904 4901
f 4686 4888 4886
f 4889 4686 4687
f 4889 4888 4686
f 4890 4687 4689
f 4890 4889 4687
f 4891 4689 4690
f 4891 4890 4689
f 4892 4690 4691
f 4892 4891 4690
f 4692 4861 4862
f 4892 4692 4862
f 4691 4692 4892
f 4861 4692 4693
f 4920 4721 4719
f 4716 4911 4713
f 4716 4914 4911
f 4917 4916 4915
f 4913 4917 4915
f 4717 4913 4915
f 4715 4913 4717
f 4718 4914 4716
f 4718 4918 4914
f 4916 4919 4915
f 4717 4915 4919
f 4920 4717 4919
f 4719 4717 4920
f 4720 4918 4718
f 4720 4921 4918
f 4715 4912 4913
f 4922 4721 4920
f 4722 4921 4720
f 4722 4923 4921
f 4924 4723 4724
f 4925 4924 4724
f 4721 4925 4724
f 4922 4925 4721
f 4725 4923 4722
f 4725 4926 4923
f 4928 4927 4924
f 4927 4723 4924
f 4927 4726 4723
f 4928 4924 4925
f 4705 4909 4900
f 4901 4904 4903
f 4907 4906 4905
f 4905 4906 4904
f 4906 4907 4884
f 4884 4907 4883
f 4907 4702 4883
f 4702 4703 4883
f 4883 4703 4704
f 4883 4704 4887
f 4887 4704 4685
f 4908 4895 4893
f 4908 4893 4898
f 4705 4900 4701
f 4114 4297 4296
f 4901 4902 4708
f 4902 4707 4708
f 4902 4910 4707
f 4901 4708 4709
f 4901 4709 4905
f 4905 4709 4711
f 4905 4711 4907
f 4907 4711 4702
f 4713 4909 4705
f 4713 4911 4909
f 4910 4912 4707
f 4707 4912 4714
f 4715 4714 4912
f 3693 3523 3692
f 3515 3685 3512
f 3683 3684 3513
f 3684 3516 3513
f 3684 3686 3516
f 3686 3688 3687
f 3517 3686 3687
f 3516 3686 3517
f 3687 3519 3517
f 3520 3689 3521
f 3690 3522 3521
f 3690 3521 3689
f 3691 3523 3522
f 3691 3522 3690
f 3523 3691 3692
f 3512 3685 3683
f 3524 3523 3693
f 3693 3695 3694
f 3525 3693 3694
f 3524 3693 3525
f 3696 3526 3525
f 3696 3525 3694
f 3696 3528 3526
f 3529 3697 3530
f 3697 3532 3530
f 3700 3699 3698
f 3702 3701 3698
f 3702 3698 3699
f 3537 3536 3701
f 3507 3678 3676
f 3670 3672 3667
f 3672 3498 3667
f 3672 3501 3498
f 3502 3501 3672
f 3502 3672 3673
f 3503 3671 3499
f 3503 3674 3671
f 3673 3504 3502
f 3675 3504 3673
f 3505 3674 3503
f 3505 3676 3674
f 3675 3506 3504
f 3677 3506 3675
f 3507 3676 3505
f 3702 3537 3701
f 3681 3680 3679
f 3677 3681 3679
f 3508 3677 3679
f 3506 3677 3508
f 3682 3678 3507
f 3682 3507 3509
f 3510 3679 3680
f 3682 3510 3680
f 3509 3510 3682
f 3679 3510 3508
f 3512 3683 3511
f 3683 3513 3511
f 3685 3684 3683
f 3549 3701 3536
f 3715 3716 3545
f 3529 3545 3697
f 3545 3717 3697
f 3545 3716 3717
f 3697 3717 3532
f 3717 3546 3532
f 3717 3718 3546
f 3546 3719 3547
f 3718 3719 3546
f 3698 3548 3700
f 3548 3719 3700
f 3548 3547 3719
f 3548 3698 3549
f 3549 3698 3701
f 3715 3545 3528
f 3707 3720 3706
f 3706 3720 3541
f 3720 3550 3541
f 3720 3721 3550
f 3550 3722 3551
f 3721 3722 3550
f 3722 3724 3723
f 3552 3722 3723
f 3551 3722 3552
f 3723 3553 3552
f 3554 3708 3543
f 3554 3725 3708
f 3724 3726 3723
f 3709 3544 3519
f 3703 3537 3702
f 3537 3704 3538
f 3703 3704 3537
f 3538 3705 3539
f 3704 3705 3538
f 3705 3707 3706
f 3540 3705 3706
f 3539 3705 3540
f 3706 3541 3540
f 3543 3685 3515
f 3543 3708 3685
f 3688 3709 3687
f 3687 3709 3519
f 3671 3669 3499
f 3709 3710 3544
f 3520 3544 3689
f 3544 3711 3689
f 3544 3710 3711
f 3689 3711 3690
f 3690 3711 3712
f 3690 3712 3691
f 3691 3712 3713
f 3691 3713 3692
f 3695 3714 3694
f 3694 3714 3696
f 3696 3714 3715
f 3696 3715 3528
f 3474 3634 3473
f 3627 3626 3465
f 3628 3466 3467
f 3628 3627 3466
f 3629 3467 3468
f 3629 3628 3467
f 3630 3468 3469
f 3630 3629 3468
f 3631 3469 3470
f 3631 3630 3469
f 3470 3451 3615
f 3470 3615 3631
f 3471 3617 3453
f 3471 3632 3617
f 3633 3472 3473
f 3627 3465 3466
f 3473 3634 3633
f 3634 3474 3635
f 3474 3636 3635
f 3474 3476 3636
f 3638 3636 3637
f 3636 3477 3637
f 3636 3476 3477
f 3637 3477 3639
f 3477 3640 3639
f 3477 3478 3640
f 3478 3457 3618
f 3641 3478 3618
f 3640 3478 3641
f 3458 3619 3618
f 3612 3442 3609
f 3612 3445 3442
f 3613 3609 3610
f 3446 3611 3443
f 3446 3614 3611
f 3616 3615 3452
f 3452 3615 3451
f 3452 3445 3612
f 3452 3612 3616
f 3453 3614 3446
f 3453 3617 3614
f 3618 3457 3458
f 3459 3619 3458
f 3641 3618 3619
f 3460 3620 3459
f 3459 3620 3619
f 3461 3621 3460
f 3460 3621 3620
f 3462 3622 3461
f 3461 3622 3621
f 3622 3462 3623
f 3462 3624 3623
f 3462 3463 3624
f 3625 3463 3464
f 3625 3624 3463
f 3626 3464 3465
f 3626 3625 3464
f 3494 3661 3491
f 3486 3652 3483
f 3486 3657 3652
f 3653 3654 3488
f 3654 3487 3488
f 3654 3658 3487
f 3653 3488 3485
f 3489 3657 3486
f 3489 3659 3657
f 3658 3490 3487
f 3660 3490 3658
f 3491 3659 3489
f 3491 3661 3659
f 3660 3493 3490
f 3662 3493 3660
f 3656 3647 3648
f 3494 3663 3661
f 3665 3664 3496
f 3496 3664 3495
f 3496 3493 3662
f 3496 3662 3665
f 3666 3663 3494
f 3666 3494 3497
f 3497 3495 3664
f 3497 3664 3666
f 3669 3668 3667
f 3670 3667 3668
f 3669 3667 3498
f 3499 3669 3498
f 3649 3648 3472
f 3641 3619 3642
f 3642 3619 3620
f 3642 3620 3643
f 3643 3620 3621
f 3643 3621 3644
f 3644 3621 3622
f 3644 3622 3645
f 3645 3622 3623
f 3479 3632 3471
f 3479 3646 3632
f 3647 3481 3482
f 3648 3647 3482
f 3648 3482 3472
f 3553 3723 3726
f 3633 3649 3472
f 3649 3633 3634
f 3649 3634 3650
f 3650 3634 3635
f 3651 3638 3637
f 3651 3637 3639
f 3483 3646 3479
f 3483 3652 3646
f 3655 3654 3653
f 3656 3655 3647
f 3655 3485 3647
f 3485 3481 3647
f 3655 3653 3485
f 3805 3642 3643
f 3797 3631 3615
f 3798 3797 3615
f 3786 3798 3615
f 3798 3786 3787
f 3632 3788 3617
f 3632 3799 3788
f 3800 3635 3636
f 3638 3800 3636
f 3802 3801 3640
f 3640 3801 3639
f 3803 3640 3641
f 3803 3802 3640
f 3804 3641 3642
f 3804 3803 3641
f 3797 3796 3631
f 3805 3804 3642
f 3806 3643 3644
f 3806 3805 3643
f 3807 3644 3645
f 3807 3806 3644
f 3645 3623 3789
f 3808 3645 3789
f 3807 3645 3808
f 3808 3789 3790
f 3808 3790 3809
f 3809 3790 3791
f 3809 3791 3810
f 3810 3791 3792
f 3625 3790 3624
f 3784 3783 3613
f 3613 3783 3612
f 3613 3610 3781
f 3613 3781 3784
f 3614 3782 3611
f 3614 3785 3782
f 3786 3615 3616
f 3787 3786 3616
f 3612 3787 3616
f 3783 3787 3612
f 3617 3785 3614
f 3617 3788 3785
f 3789 3623 3624
f 3810 3792 3811
f 3624 3790 3789
f 3626 3791 3625
f 3625 3791 3790
f 3627 3792 3626
f 3626 3792 3791
f 3628 3793 3627
f 3627 3793 3792
f 3629 3794 3628
f 3628 3794 3793
f 3630 3795 3629
f 3629 3795 3794
f 3631 3796 3630
f 3630 3796 3795
f 3659 3831 3827
f 3825 3824 3656
f 3825 3656 3648
f 3826 3825 3648
f 3817 3826 3648
f 3826 3817 3818
f 3657 3822 3652
f 3657 3827 3822
f 3829 3828 3823
f 3828 3654 3823
f 3828 3658 3654
f 3829 3823 3824
f 3829 3824 3830
f 3830 3824 3825
f 3659 3827 3657
f 3655 3824 3823
f 3828 3660 3658
f 3832 3660 3828
f 3661 3831 3659
f 3661 3833 3831
f 3832 3662 3660
f 3834 3662 3832
f 3663 3833 3661
f 3663 3835 3833
f 3837 3836 3665
f 3665 3836 3664
f 3665 3662 3834
f 3665 3834 3837
f 3663 3666 3838
f 3649 3819 3818
f 3811 3792 3793
f 3811 3793 3812
f 3812 3793 3794
f 3812 3794 3813
f 3813 3794 3795
f 3813 3795 3814
f 3814 3795 3796
f 3814 3796 3815
f 3815 3796 3797
f 3646 3799 3632
f 3646 3816 3799
f 3817 3648 3649
f 3817 3649 3818
f 3611 3782 3779
f 3649 3650 3819
f 3650 3635 3800
f 3820 3650 3800
f 3819 3650 3820
f 3820 3800 3638
f 3651 3820 3638
f 3821 3820 3651
f 3651 3639 3801
f 3651 3801 3821
f 3652 3816 3646
f 3652 3822 3816
f 3823 3654 3655
f 3656 3824 3655
f 3576 3746 3574
f 3739 3569 3567
f 3741 3569 3739
f 3570 3740 3568
f 3570 3742 3740
f 3741 3571 3569
f 3743 3571 3741
f 3572 3742 3570
f 3572 3744 3742
f 3743 3573 3571
f 3745 3573 3743
f 3574 3744 3572
f 3574 3746 3744
f 3745 3575 3573
f 3747 3575 3745
f 3568 3740 3738
f 3576 3748 3746
f 3747 3577 3575
f 3749 3577 3747
f 3578 3748 3576
f 3578 3750 3748
f 3749 3579 3577
f 3751 3579 3749
f 3580 3750 3578
f 3580 3752 3750
f 3581 3579 3753
f 3579 3754 3753
f 3579 3751 3754
f 3753 3583 3581
f 3733 3561 3731
f 3727 3553 3726
f 3555 3553 3727
f 3556 3725 3554
f 3556 3728 3725
f 3727 3557 3555
f 3729 3557 3727
f 3558 3728 3556
f 3558 3730 3728
f 3729 3559 3557
f 3731 3559 3729
f 3560 3730 3558
f 3560 3732 3730
f 3731 3561 3559
f 3584 3752 3580
f 3562 3732 3560
f 3562 3734 3732
f 3733 3563 3561
f 3735 3563 3733
f 3564 3734 3562
f 3564 3736 3734
f 3735 3565 3563
f 3737 3565 3735
f 3566 3736 3564
f 3566 3738 3736
f 3737 3567 3565
f 3739 3567 3737
f 3568 3738 3566
f 3773 3603 3604
f 3768 3597 3766
f 3598 3767 3596
f 3598 3769 3767
f 3768 3599 3597
f 3770 3599 3768
f 3600 3769 3598
f 3600 3771 3769
f 3774 3773 3772
f 3770 3774 3772
f 3601 3770 3772
f 3599 3770 3601
f 3602 3771 3600
f 3602 3775 3771
f 3772 3773 3604
f 3766 3597 3595
f 3773 3776 3603
f 3772 3604 3601
f 3605 3775 3602
f 3605 3777 3775
f 3776 3606 3603
f 3778 3606 3776
f 3607 3777 3605
f 3607 3779 3777
f 3778 3780 3606
f 3606 3780 3608
f 3610 3608 3780
f 3610 3780 3781
f 3611 3779 3607
f 3759 3761 3758
f 3584 3755 3752
f 3753 3754 3586
f 3754 3585 3586
f 3754 3756 3585
f 3753 3586 3583
f 3587 3755 3584
f 3587 3757 3755
f 3588 3585 3758
f 3585 3759 3758
f 3585 3756 3759
f 3758 3589 3588
f 3590 3757 3587
f 3590 3760 3757
f 3613 3612 3609
f 3589 3758 3761
f 3762 3589 3761
f 3591 3589 3762
f 3592 3760 3590
f 3592 3763 3760
f 3762 3593 3591
f 3764 3593 3762
f 3594 3763 3592
f 3594 3765 3763
f 3764 3595 3593
f 3766 3595 3764
f 3596 3765 3594
f 3596 3767 3765
f 3463 3462 3294
f 3289 3456 3288
f 3288 3456 3455
f 3456 3289 3457
f 3289 3458 3457
f 3289 3290 3458
f 3459 3290 3291
f 3459 3458 3290
f 3460 3291 3292
f 3460 3459 3291
f 3461 3292 3293
f 3461 3460 3292
f 3462 3293 3294
f 3462 3461 3293
f 3463 3294 3295
f 3287 3455 3454
f 3464 3295 3296
f 3464 3463 3295
f 3296 3272 3447
f 3465 3296 3447
f 3464 3296 3465
f 3465 3447 3275
f 3297 3465 3275
f 3466 3465 3297
f 3297 3276 3448
f 3467 3297 3448
f 3466 3297 3467
f 3467 3448 3279
f 3298 3467 3279
f 3448 3276 3277
f 3260 3441 3439
f 3440 3261 3258
f 3442 3261 3440
f 3262 3441 3260
f 3262 3443 3441
f 3444 3263 3264
f 3445 3444 3264
f 3261 3445 3264
f 3442 3445 3261
f 3265 3443 3262
f 3265 3446 3443
f 3447 3272 3273
f 3275 3447 3273
f 3468 3467 3298
f 3279 3448 3277
f 3449 3280 3281
f 3282 3450 3281
f 3281 3450 3449
f 3451 3450 3282
f 3451 3282 3263
f 3452 3451 3263
f 3444 3452 3263
f 3452 3444 3445
f 3283 3446 3265
f 3283 3453 3446
f 3454 3286 3287
f 3288 3455 3287
f 3487 3316 3312
f 3310 3475 3304
f 3475 3310 3306
f 3311 3479 3307
f 3311 3483 3479
f 3484 3312 3313
f 3481 3485 3480
f 3485 3313 3480
f 3313 3314 3480
f 3313 3485 3484
f 3480 3314 3309
f 3315 3483 3311
f 3315 3486 3483
f 3488 3487 3484
f 3487 3312 3484
f 3302 3472 3309
f 3488 3484 3485
f 3317 3486 3315
f 3317 3489 3486
f 3487 3318 3316
f 3490 3318 3487
f 3319 3489 3317
f 3319 3491 3489
f 3492 3320 3321
f 3493 3492 3321
f 3318 3493 3321
f 3490 3493 3318
f 3322 3491 3319
f 3322 3494 3491
f 3476 3474 3454
f 3298 3280 3449
f 3469 3298 3449
f 3468 3298 3469
f 3469 3449 3450
f 3469 3450 3470
f 3470 3450 3451
f 3299 3453 3283
f 3299 3471 3453
f 3473 3472 3300
f 3300 3472 3302
f 3475 3474 3304
f 3474 3300 3304
f 3474 3473 3300
f 3260 3439 3257
f 3474 3306 3454
f 3306 3286 3454
f 3474 3475 3306
f 3476 3454 3455
f 3476 3455 3477
f 3477 3455 3456
f 3477 3456 3478
f 3478 3456 3457
f 3307 3471 3299
f 3307 3479 3471
f 3482 3481 3480
f 3472 3482 3480
f 3309 3472 3480
f 3405 3227 3403
f 3220 3398 3396
f 3397 3221 3219
f 3399 3221 3397
f 3222 3398 3220
f 3222 3400 3398
f 3399 3223 3221
f 3401 3223 3399
f 3224 3400 3222
f 3224 3402 3400
f 3401 3225 3223
f 3403 3225 3401
f 3226 3402 3224
f 3226 3404 3402
f 3403 3227 3225
f 3220 3396 3218
f 3228 3404 3226
f 3228 3406 3404
f 3405 3229 3227
f 3407 3229 3405
f 3230 3406 3228
f 3230 3408 3406
f 3407 3231 3229
f 3409 3231 3407
f 3232 3408 3230
f 3232 3410 3408
f 3409 3233 3231
f 3411 3233 3409
f 3234 3410 3232
f 3389 3213 3211
f 3208 3384 3359
f 3379 3385 3378
f 3378 3385 3380
f 3383 3386 3382
f 3207 3382 3386
f 3387 3207 3386
f 3209 3207 3387
f 3210 3384 3208
f 3210 3388 3384
f 3387 3211 3209
f 3389 3211 3387
f 3212 3388 3210
f 3212 3390 3388
f 3234 3412 3410
f 3391 3213 3389
f 3214 3390 3212
f 3214 3392 3390
f 3391 3215 3213
f 3393 3215 3391
f 3216 3392 3214
f 3216 3394 3392
f 3393 3217 3215
f 3395 3217 3393
f 3218 3394 3216
f 3218 3396 3394
f 3395 3219 3217
f 3397 3219 3395
f 3432 3254 3252
f 3247 3425 3245
f 3247 3427 3425
f 3426 3248 3246
f 3428 3248 3426
f 3249 3427 3247
f 3249 3429 3427
f 3428 3250 3248
f 3430 3250 3428
f 3251 3429 3249
f 3251 3431 3429
f 3430 3252 3250
f 3432 3252 3430
f 3253 3431 3251
f 3253 3433 3431
f 3426 3246 3424
f 3434 3254 3432
f 3255 3433 3253
f 3255 3435 3433
f 3438 3437 3436
f 3434 3438 3436
f 3256 3434 3436
f 3254 3434 3256
f 3257 3435 3255
f 3257 3439 3435
f 3436 3437 3259
f 3437 3258 3259
f 3437 3440 3258
f 3436 3259 3256
f 3418 3238 3415
f 3411 3235 3233
f 3413 3235 3411
f 3236 3412 3234
f 3236 3414 3412
f 3237 3235 3415
f 3235 3416 3415
f 3235 3413 3416
f 3415 3238 3237
f 3239 3414 3236
f 3239 3417 3414
f 3415 3416 3418
f 3418 3416 3419
f 3418 3240 3238
f 3496 3495 3492
f 3241 3417 3239
f 3241 3420 3417
f 3419 3421 3418
f 3240 3418 3421
f 3422 3240 3421
f 3242 3240 3422
f 3243 3420 3241
f 3243 3423 3420
f 3422 3244 3242
f 3424 3244 3422
f 3245 3423 3243
f 3245 3425 3423
f 3424 3246 3244
f 3408 3574 3572
f 3567 3401 3565
f 3402 3566 3400
f 3402 3568 3566
f 3567 3403 3401
f 3569 3403 3567
f 3404 3568 3402
f 3404 3570 3568
f 3569 3405 3403
f 3571 3405 3569
f 3406 3570 3404
f 3406 3572 3570
f 3571 3407 3405
f 3573 3407 3571
f 3408 3572 3406
f 3565 3401 3399
f 3573 3409 3407
f 3575 3409 3573
f 3410 3574 3408
f 3410 3576 3574
f 3575 3411 3409
f 3577 3411 3575
f 3412 3576 3410
f 3412 3578 3576
f 3577 3413 3411
f 3579 3413 3577
f 3414 3578 3412
f 3414 3580 3578
f 3582 3416 3581
f 3394 3558 3392
f 3387 3552 3553
f 3388 3543 3384
f 3388 3554 3543
f 3553 3389 3387
f 3555 3389 3553
f 3390 3554 3388
f 3390 3556 3554
f 3555 3391 3389
f 3557 3391 3555
f 3392 3556 3390
f 3392 3558 3556
f 3557 3393 3391
f 3559 3393 3557
f 3416 3579 3581
f 3394 3560 3558
f 3559 3395 3393
f 3561 3395 3559
f 3396 3560 3394
f 3396 3562 3560
f 3561 3397 3395
f 3563 3397 3561
f 3398 3562 3396
f 3398 3564 3562
f 3563 3399 3397
f 3565 3399 3563
f 3400 3564 3398
f 3400 3566 3564
f 3438 3434 3601
f 3595 3430 3428
f 3597 3430 3595
f 3431 3596 3429
f 3431 3598 3596
f 3597 3432 3430
f 3599 3432 3597
f 3433 3598 3431
f 3433 3600 3598
f 3599 3434 3432
f 3601 3434 3599
f 3435 3600 3433
f 3435 3602 3600
f 3604 3603 3438
f 3438 3603 3437
f 3429 3596 3594
f 3438 3601 3604
f 3439 3602 3435
f 3439 3605 3602
f 3603 3440 3437
f 3606 3440 3603
f 3441 3605 3439
f 3441 3607 3605
f 3609 3442 3608
f 3442 3606 3608
f 3442 3440 3606
f 3610 3609 3608
f 3443 3607 3441
f 3443 3611 3607
f 3422 3588 3589
f 3416 3413 3579
f 3583 3582 3581
f 3417 3580 3414
f 3417 3584 3580
f 3586 3585 3582
f 3585 3416 3582
f 3585 3419 3416
f 3586 3582 3583
f 3420 3584 3417
f 3420 3587 3584
f 3585 3588 3419
f 3419 3588 3421
f 3422 3421 3588
f 3387 3386 3552
f 3423 3587 3420
f 3423 3590 3587
f 3589 3424 3422
f 3591 3424 3589
f 3425 3590 3423
f 3425 3592 3590
f 3591 3426 3424
f 3593 3426 3591
f 3427 3592 3425
f 3427 3594 3592
f 3593 3428 3426
f 3595 3428 3593
f 3429 3594 3427
f 3342 3516 3360
f 3509 3335 3337
f 3510 3337 3338
f 3510 3509 3337
f 3338 3336 3508
f 3338 3508 3510
f 3512 3511 3339
f 3512 3339 3340
f 3342 3339 3511
f 3342 3511 3513
f 3349 3514 3350
f 3514 3352 3350
f 3359 3512 3340
f 3359 3515 3512
f 3513 3516 3342
f 3509 3507 3335
f 3360 3517 3361
f 3516 3517 3360
f 3517 3519 3518
f 3362 3517 3518
f 3361 3517 3362
f 3362 3518 3520
f 3521 3362 3520
f 3363 3362 3521
f 11 13 16
f 3521 3522 3363
f 3364 3523 3365
f 3522 3523 3364
f 3365 3524 3366
f 3330 3499 3328
f 3495 3320 3492
f 3495 3323 3320
f 3496 3492 3493
f 3497 3494 3322
f 3497 3322 3324
f 3324 3323 3495
f 3324 3495 3497
f 3499 3498 3327
f 3499 3327 3328
f 3501 3500 3329
f 3327 3501 3329
f 3498 3501 3327
f 3502 3500 3501
f 3523 3524 3365
f 3330 3503 3499
f 3500 3331 3329
f 3332 3331 3500
f 3502 3332 3500
f 3504 3332 3502
f 3333 3503 3330
f 3333 3505 3503
f 3504 3334 3332
f 3506 3334 3504
f 3335 3505 3333
f 3335 3507 3505
f 3506 3336 3334
f 3508 3336 3506
f 3533 3546 3547
f 3376 3540 3377
f 3539 3540 3376
f 3379 3377 3540
f 3379 3540 3541
f 3380 3542 3381
f 3383 3381 3542
f 3384 3515 3359
f 3384 3543 3515
f 3519 3544 3518
f 3518 3544 3520
f 3528 3545 3527
f 3527 3545 3529
f 3532 3546 3531
f 3531 3546 3533
f 3538 3539 3375
f 3533 3547 3534
f 3534 3547 3548
f 3534 3548 3535
f 3535 3548 3549
f 3535 3549 3536
f 3541 3550 3379
f 3379 3550 3385
f 3380 3385 3542
f 3385 3551 3542
f 3385 3550 3551
f 3542 3551 3383
f 3551 3386 3383
f 3551 3552 3386
f 3514 3530 3370
f 3366 3525 3367
f 3524 3525 3366
f 3367 3526 3368
f 3525 3526 3367
f 3526 3528 3527
f 3369 3526 3527
f 3368 3526 3369
f 3527 3529 3369
f 3369 3529 3349
f 3529 3530 3349
f 3530 3514 3349
f 3530 3532 3531
f 3530 3531 3370
f 3839 3663 3838
f 3352 3514 3370
f 3533 3371 3370
f 3533 3370 3531
f 3534 3372 3371
f 3534 3371 3533
f 3535 3373 3372
f 3535 3372 3534
f 3373 3535 3536
f 3537 3373 3536
f 3374 3373 3537
f 3374 3538 3375
f 3537 3538 3374
f 3375 3539 3376
f 3972 4148 4147
f 4142 4141 3962
f 3962 4141 3961
f 3962 3959 4139
f 3962 4139 4142
f 3963 4140 3960
f 3963 4143 4140
f 4144 3965 3966
f 3968 4144 3966
f 4145 3969 3970
f 3971 4146 3970
f 3970 4146 4145
f 3972 4147 3971
f 3971 4147 4146
f 3973 4148 3972
f 3960 4140 4138
f 4148 3973 4149
f 3973 4150 4149
f 3973 3974 4150
f 4152 4150 4151
f 4150 3975 4151
f 4150 3974 3975
f 4151 3975 4153
f 3975 4154 4153
f 3975 3976 4154
f 4155 3976 3977
f 4155 4154 3976
f 4157 4156 3979
f 4156 3977 3979
f 4134 4132 4135
f 3947 4126 3945
f 3947 4128 4126
f 4127 3948 3946
f 4129 3948 4127
f 3949 4128 3947
f 3949 4130 4128
f 3950 3948 4131
f 3948 4132 4131
f 3948 4129 4132
f 4131 3952 3950
f 3953 4130 3949
f 3953 4133 4130
f 4131 4132 4134
f 4156 4155 3977
f 4134 3954 3952
f 4134 3952 4131
f 3955 4133 3953
f 3955 4136 4133
f 4134 4135 3957
f 4135 3956 3957
f 4135 4137 3956
f 4134 3957 3954
f 3958 4136 3955
f 3958 4138 4136
f 4137 3959 3956
f 4139 3959 4137
f 3960 4138 3958
f 4176 4000 4175
f 4170 4151 4153
f 3992 4157 3979
f 4157 3992 3980
f 4171 4159 3983
f 4171 3983 3993
f 3993 3984 4160
f 3993 4160 4171
f 3994 4161 3985
f 3994 4172 4161
f 4174 4173 3997
f 3997 4173 3996
f 4176 4175 3998
f 4175 3997 3998
f 4175 4174 3997
f 4170 4152 4151
f 4000 4001 4175
f 4178 4177 4175
f 4178 4175 4001
f 4002 4179 4001
f 4001 4179 4178
f 4179 4002 4180
f 4002 4181 4180
f 4002 4003 4181
f 4003 3989 4162
f 4182 4003 4162
f 4181 4003 4182
f 4182 4162 4163
f 4004 4172 3994
f 4144 4164 3965
f 3980 3981 4157
f 3981 4156 4157
f 3981 4158 4156
f 3981 3983 4158
f 4158 3983 4159
f 4141 3984 3961
f 4160 3984 4141
f 3985 4143 3963
f 3985 4161 4143
f 4162 3989 3990
f 4163 4162 3990
f 4163 3990 3965
f 4164 4163 3965
f 4127 3946 4125
f 4164 4144 3968
f 3991 4164 3968
f 4165 4164 3991
f 3991 3969 4145
f 4166 3991 4145
f 4165 3991 4166
f 4166 4145 4146
f 4166 4146 4167
f 4167 4146 4147
f 4167 4147 4168
f 4168 4147 4148
f 4168 4148 4169
f 4169 4148 4149
f 3912 4090 3910
f 4083 3905 3903
f 4085 3905 4083
f 3906 4084 3904
f 3906 4086 4084
f 4085 3907 3905
f 4087 3907 4085
f 3908 4086 3906
f 3908 4088 4086
f 4087 3909 3907
f 4089 3909 4087
f 3910 4088 3908
f 3910 4090 4088
f 4089 3911 3909
f 4091 3911 4089
f 3904 4084 4081
f 3912 4092 4090
f 4091 3913 3911
f 4093 3913 4091
f 3914 4092 3912
f 3914 4094 4092
f 4093 3915 3913
f 4095 3915 4093
f 3916 4094 3914
f 3916 4096 4094
f 4095 3917 3915
f 4097 3917 4095
f 3918 4096 3916
f 3918 4098 4096
f 4077 4078 3899
f 4049 4074 4075
f 4051 4052 4075
f 4052 3897 4075
f 3883 4049 4075
f 3883 4075 3897
f 3897 4052 3898
f 3898 4052 4053
f 3898 4053 3885
f 4061 4076 4060
f 4060 4076 4062
f 4062 4076 4077
f 4062 4077 3891
f 4077 3899 3891
f 4097 3919 3917
f 3892 3899 4064
f 4064 3899 4078
f 4065 4079 3894
f 3894 4079 3900
f 3901 3900 4079
f 3901 4079 4080
f 3902 4066 3895
f 3902 4081 4066
f 4070 4082 4069
f 4069 4082 4071
f 4080 3903 3901
f 4083 3903 4080
f 3904 4081 3902
f 3939 4120 4118
f 3931 4114 4113
f 3931 4111 4114
f 4113 3934 3933
f 3935 4112 3932
f 3935 4115 4112
f 4114 4116 4113
f 3934 4113 4116
f 4117 3934 4116
f 3936 3934 4117
f 3937 4115 3935
f 3937 4118 4115
f 4117 3938 3936
f 4119 3938 4117
f 3939 4118 3937
f 3933 3931 4113
f 4123 4122 4121
f 4119 4123 4121
f 3940 4119 4121
f 3938 4119 3940
f 3941 4120 3939
f 3941 4124 4120
f 4121 4122 3944
f 4122 3943 3944
f 4122 4125 3943
f 4121 3944 3940
f 3945 4124 3941
f 3945 4126 4124
f 4125 3946 3943
f 3926 4104 3924
f 4099 3919 4097
f 3920 4098 3918
f 3920 4100 4098
f 4099 3921 3919
f 4101 3921 4099
f 3922 4100 3920
f 3922 4102 4100
f 4101 3923 3921
f 4103 3923 4101
f 3924 4102 3922
f 3924 4104 4102
f 4103 3925 3923
f 4105 3925 4103
f 4004 4183 4172
f 3926 4106 4104
f 4105 3927 3925
f 4107 3927 4105
f 3928 4106 3926
f 3928 4108 4106
f 4107 3929 3927
f 4109 3929 4107
f 3930 4108 3928
f 3930 4110 4108
f 4109 3931 3929
f 4111 3931 4109
f 3932 4110 3930
f 3932 4112 4110
f 4257 4260 4256
f 4064 4078 4235
f 4078 4255 4235
f 4078 4254 4255
f 4255 4257 4256
f 4255 4256 4079
f 4235 4255 4079
f 4065 4235 4079
f 4256 4080 4079
f 4081 4236 4066
f 4081 4258 4236
f 4239 4082 4070
f 4082 4239 4071
f 4251 4259 4250
f 4250 4259 4252
f 4253 4254 4077
f 4080 4256 4260
f 4261 4080 4260
f 4083 4080 4261
f 4084 4258 4081
f 4084 4262 4258
f 4261 4085 4083
f 4263 4085 4261
f 4086 4262 4084
f 4086 4264 4262
f 4263 4087 4085
f 4265 4087 4263
f 4088 4264 4086
f 4088 4266 4264
f 4231 4246 4232
f 4074 4073 4242
f 4074 4222 4075
f 4075 4222 4225
f 4225 4228 4075
f 4228 4243 4075
f 4227 4051 4075
f 4227 4075 4243
f 4227 4243 4229
f 4229 4243 4244
f 4229 4244 4230
f 4230 4244 4245
f 4230 4245 4231
f 4231 4245 4246
f 4265 4089 4087
f 4232 4246 4247
f 4232 4247 4233
f 4233 4247 4248
f 4233 4248 4234
f 4234 4248 4249
f 4249 4251 4250
f 4249 4250 4076
f 4234 4249 4076
f 4061 4234 4076
f 4076 4250 4252
f 4253 4076 4252
f 4077 4076 4253
f 4077 4254 4078
f 4289 4107 4286
f 4281 4103 4279
f 4104 4280 4102
f 4104 4282 4280
f 4281 4105 4103
f 4283 4105 4281
f 4106 4282 4104
f 4106 4284 4282
f 4286 4107 4285
f 4107 4283 4285
f 4107 4105 4283
f 4287 4286 4285
f 4108 4284 4106
f 4108 4288 4284
f 4290 4289 4286
f 4279 4103 4101
f 4289 4109 4107
f 4290 4286 4287
f 4110 4288 4108
f 4110 4291 4288
f 4289 4111 4109
f 4292 4111 4289
f 4112 4291 4110
f 4112 4293 4291
f 4292 4114 4111
f 4294 4114 4292
f 4115 4293 4112
f 4115 4295 4293
f 4116 4114 4296
f 4096 4272 4094
f 4267 4089 4265
f 4090 4266 4088
f 4090 4268 4266
f 4267 4091 4089
f 4269 4091 4267
f 4092 4268 4090
f 4092 4270 4268
f 4269 4093 4091
f 4271 4093 4269
f 4094 4270 4092
f 4094 4272 4270
f 4271 4095 4093
f 4273 4095 4271
f 4074 4242 4224
f 4096 4274 4272
f 4273 4097 4095
f 4275 4097 4273
f 4098 4274 4096
f 4098 4276 4274
f 4275 4099 4097
f 4277 4099 4275
f 4100 4276 4098
f 4100 4278 4276
f 4277 4101 4099
f 4279 4101 4277
f 4102 4278 4100
f 4102 4280 4278
f 4027 4202 4025
f 4195 4020 4017
f 4197 4020 4195
f 4021 4196 4018
f 4021 4198 4196
f 4197 4022 4020
f 4199 4022 4197
f 4023 4198 4021
f 4023 4200 4198
f 4199 4024 4022
f 4201 4024 4199
f 4025 4200 4023
f 4025 4202 4200
f 4201 4026 4024
f 4203 4026 4201
f 4018 4196 4193
f 4027 4204 4202
f 4203 4028 4026
f 4205 4028 4203
f 4029 4204 4027
f 4029 4206 4204
f 4205 4030 4028
f 4207 4030 4205
f 4208 4206 4029
f 4208 4029 4031
f 4209 4031 4032
f 4209 4208 4031
f 4032 4030 4207
f 4032 4207 4209
f 4189 4009 4185
f 4185 4005 4184
f 4006 4184 4005
f 4006 3996 4173
f 4006 4173 4184
f 4007 4176 3998
f 4178 4186 4177
f 4000 4176 4007
f 4186 4178 4179
f 4186 4179 4187
f 4187 4179 4180
f 4008 4183 4004
f 4008 4188 4183
f 4185 4009 4005
f 4034 4210 4033
f 4010 4188 4008
f 4010 4190 4188
f 4192 4191 4013
f 4013 4191 4012
f 4013 4009 4189
f 4013 4189 4192
f 4014 4190 4010
f 4014 4193 4190
f 4191 4194 4012
f 4012 4194 4016
f 4017 4016 4194
f 4017 4194 4195
f 4018 4193 4014
f 4220 4067 4044
f 4231 4056 4055
f 4231 4055 4230
f 4232 4057 4056
f 4232 4056 4231
f 4233 4058 4057
f 4233 4057 4232
f 4234 4059 4058
f 4234 4058 4233
f 4234 4061 4059
f 4064 4235 4063
f 4235 4065 4063
f 4066 4213 4040
f 4066 4236 4213
f 4217 4237 4216
f 4230 4054 4229
f 4237 4218 4216
f 4221 4238 4220
f 4238 4067 4220
f 4238 4068 4067
f 4240 4239 4070
f 4068 4240 4070
f 4238 4240 4068
f 4072 4071 4239
f 4240 4072 4239
f 4241 4072 4240
f 4072 4242 4073
f 4241 4242 4072
f 4222 4074 4224
f 4041 4215 4042
f 4211 4035 4033
f 4211 4033 4210
f 4211 4036 4035
f 4213 4212 4210
f 4034 4213 4210
f 4040 4213 4034
f 4210 4212 4211
f 4211 4212 4214
f 4211 4214 4036
f 4214 4041 4036
f 4214 4215 4041
f 4215 4217 4216
f 4042 4215 4216
f 4048 4074 4049
f 4219 4216 4218
f 4219 4042 4216
f 4219 4220 4044
f 4042 4219 4044
f 4221 4220 4219
f 4224 4223 4222
f 4226 4225 4222
f 4226 4222 4223
f 4050 4051 4227
f 4226 4228 4225
f 4054 4050 4229
f 4227 4229 4050
f 4230 4055 4054
f 3917 3745 3743
f 3738 3910 3736
f 3738 3912 3910
f 3911 3739 3737
f 3913 3739 3911
f 3740 3912 3738
f 3740 3914 3912
f 3913 3741 3739
f 3915 3741 3913
f 3742 3914 3740
f 3742 3916 3914
f 3915 3743 3741
f 3917 3743 3915
f 3744 3916 3742
f 3744 3918 3916
f 3911 3737 3909
f 3919 3745 3917
f 3746 3918 3744
f 3746 3920 3918
f 3919 3747 3745
f 3921 3747 3919
f 3748 3920 3746
f 3748 3922 3920
f 3921 3749 3747
f 3923 3749 3921
f 3750 3922 3748
f 3750 3924 3922
f 3923 3751 3749
f 3925 3751 3923
f 3730 3904 3902
f 3884 3897 3898
f 3884 3898 3885
f 3891 3899 3890
f 3890 3899 3892
f 3894 3900 3724
f 3724 3900 3726
f 3727 3726 3900
f 3727 3900 3901
f 3728 3895 3725
f 3728 3902 3895
f 3901 3729 3727
f 3903 3729 3901
f 3730 3902 3728
f 3752 3924 3750
f 3903 3731 3729
f 3905 3731 3903
f 3732 3904 3730
f 3732 3906 3904
f 3905 3733 3731
f 3907 3733 3905
f 3734 3906 3732
f 3734 3908 3906
f 3907 3735 3733
f 3909 3735 3907
f 3736 3908 3734
f 3736 3910 3908
f 3909 3737 3735
f 3775 3947 3945
f 3940 3768 3938
f 3769 3939 3767
f 3769 3941 3939
f 3944 3943 3942
f 3940 3944 3942
f 3770 3940 3942
f 3768 3940 3770
f 3771 3941 3769
f 3771 3945 3941
f 3942 3943 3774
f 3943 3773 3774
f 3943 3946 3773
f 3942 3774 3770
f 3775 3945 3771
f 3938 3768 3766
f 3946 3776 3773
f 3948 3776 3946
f 3777 3947 3775
f 3777 3949 3947
f 3951 3778 3950
f 3778 3948 3950
f 3778 3776 3948
f 3952 3951 3950
f 3779 3949 3777
f 3779 3953 3949
f 3951 3780 3778
f 3781 3780 3951
f 3952 3781 3951
f 3931 3933 3759
f 3752 3926 3924
f 3925 3754 3751
f 3927 3754 3925
f 3755 3926 3752
f 3755 3928 3926
f 3927 3756 3754
f 3929 3756 3927
f 3757 3928 3755
f 3757 3930 3928
f 3929 3759 3756
f 3931 3759 3929
f 3760 3930 3757
f 3760 3932 3930
f 3882 3897 3884
f 3759 3933 3761
f 3762 3761 3933
f 3762 3933 3934
f 3763 3932 3760
f 3763 3935 3932
f 3934 3764 3762
f 3936 3764 3934
f 3765 3935 3763
f 3765 3937 3935
f 3936 3766 3764
f 3938 3766 3936
f 3767 3937 3765
f 3767 3939 3937
f 3688 3686 3858
f 3852 3680 3681
f 3853 3852 3681
f 3677 3853 3681
f 3850 3853 3677
f 3854 3851 3678
f 3854 3678 3682
f 3682 3680 3852
f 3855 3682 3852
f 3854 3682 3855
f 3855 3852 3853
f 3857 3856 3684
f 3857 3684 3685
f 3684 3858 3686
f 3856 3858 3684
f 3678 3851 3849
f 3688 3858 3859
f 3692 3860 3693
f 3860 3695 3693
f 3862 3861 3699
f 3862 3699 3700
f 3861 3864 3863
f 3702 3861 3863
f 3699 3861 3702
f 3702 3863 3865
f 3866 3702 3865
f 3703 3702 3866
f 3703 3867 3704
f 3866 3867 3703
f 3671 3845 3841
f 3835 3663 3839
f 3840 3838 3666
f 3664 3840 3666
f 3836 3840 3664
f 3839 3838 3668
f 3669 3839 3668
f 3841 3839 3669
f 3843 3842 3670
f 3843 3670 3668
f 3840 3843 3668
f 3838 3840 3668
f 3844 3842 3843
f 3671 3841 3669
f 3867 3869 3868
f 3842 3672 3670
f 3673 3672 3842
f 3844 3673 3842
f 3846 3673 3844
f 3674 3845 3671
f 3674 3847 3845
f 3846 3675 3673
f 3848 3675 3846
f 3676 3847 3674
f 3676 3849 3847
f 3848 3677 3675
f 3850 3677 3848
f 3678 3849 3676
f 3888 3889 3720
f 3717 3881 3882
f 3716 3881 3717
f 3884 3718 3717
f 3884 3717 3882
f 3718 3884 3885
f 3886 3718 3885
f 3719 3718 3886
f 3700 3719 3862
f 3862 3719 3886
f 3864 3887 3863
f 3863 3887 3865
f 3869 3888 3868
f 3868 3888 3707
f 3888 3720 3707
f 3881 3883 3882
f 3889 3891 3890
f 3721 3889 3890
f 3720 3889 3721
f 3721 3890 3892
f 3893 3721 3892
f 3722 3721 3893
f 3724 3722 3893
f 3724 3893 3894
f 3725 3870 3708
f 3725 3895 3870
f 3878 3896 3877
f 3877 3896 3879
f 3883 3897 3882
f 3712 3875 3713
f 3705 3867 3868
f 3704 3867 3705
f 3868 3707 3705
f 3708 3857 3685
f 3708 3870 3857
f 3859 3871 3688
f 3688 3871 3709
f 3709 3872 3710
f 3871 3872 3709
f 3710 3873 3711
f 3872 3873 3710
f 3711 3874 3712
f 3873 3874 3711
f 3954 3781 3952
f 3874 3875 3712
f 3692 3713 3860
f 3713 3876 3860
f 3713 3875 3876
f 3876 3878 3877
f 3876 3877 3714
f 3860 3876 3714
f 3695 3860 3714
f 3714 3877 3879
f 3880 3714 3879
f 3715 3714 3880
f 3715 3881 3716
f 3880 3881 3715
f 3862 4037 3861
f 4028 3853 3850
f 4030 3853 4028
f 4031 4029 3851
f 4031 3851 3854
f 4032 3854 3855
f 4032 4031 3854
f 3855 3853 4030
f 3855 4030 4032
f 4034 4033 3856
f 4034 3856 3857
f 3856 4035 3858
f 4033 4035 3856
f 3859 3858 4035
f 3859 4035 4036
f 3851 4029 4027
f 4037 3864 3861
f 3865 4038 3866
f 4039 3867 3866
f 4039 3866 4038
f 4039 3869 3867
f 3870 4034 3857
f 3870 4040 4034
f 4036 4041 3859
f 3859 4041 3871
f 3871 4042 3872
f 4041 4042 3871
f 4042 4044 4043
f 3873 4042 4043
f 4022 3844 4020
f 4017 4015 3837
f 3834 4017 3837
f 3839 4014 3835
f 3839 4018 4014
f 4019 3840 4015
f 4015 3840 3836
f 4015 4017 4020
f 4015 4020 4019
f 3841 4018 3839
f 3841 4021 4018
f 4019 3843 3840
f 3844 3843 4019
f 4020 3844 4019
f 3872 4042 3873
f 3845 4021 3841
f 3845 4023 4021
f 4022 3846 3844
f 4024 3846 4022
f 3847 4023 3845
f 3847 4025 4023
f 4024 3848 3846
f 4026 3848 4024
f 3849 4025 3847
f 3849 4027 4025
f 4026 3850 3848
f 4028 3850 4026
f 3851 4027 3849
f 4043 4067 4045
f 4059 4061 4060
f 4059 4060 3888
f 4039 4059 3888
f 3869 4039 3888
f 4062 3889 3888
f 4062 3888 4060
f 4062 3891 3889
f 4064 4063 3893
f 4064 3893 3892
f 3894 3893 4063
f 3894 4063 4065
f 3895 4040 3870
f 3895 4066 4040
f 4044 4067 4043
f 4039 4058 4059
f 4045 4067 4068
f 4070 4069 4068
f 4069 4045 4068
f 4069 4046 4045
f 4072 4047 4071
f 4047 4069 4071
f 4047 4046 4069
f 4047 4072 3878
f 4072 3896 3878
f 4072 4073 3896
f 3879 3896 4048
f 3896 4074 4048
f 3896 4073 4074
f 4054 4052 4050
f 4045 3874 3873
f 4045 3873 4043
f 4046 3875 3874
f 4046 3874 4045
f 4047 3876 3875
f 4047 3875 4046
f 4047 3878 3876
f 3879 4048 3880
f 4049 3881 3880
f 4049 3880 4048
f 3883 3881 4049
f 4052 4051 4050
f 4054 4053 4052
f 4017 3834 4011
f 3886 3885 4053
f 4054 3886 4053
f 4055 3886 4054
f 3862 3886 4037
f 3886 4056 4037
f 3886 4055 4056
f 4037 4056 3864
f 4056 3887 3864
f 4056 4057 3887
f 3865 3887 4038
f 3887 4058 4038
f 3887 4057 4058
f 4038 4058 4039
f 3979 3977 3978
f 3971 3805 3806
f 3971 3970 3805
f 3972 3806 3807
f 3972 3971 3806
f 3973 3807 3808
f 3973 3972 3807
f 3974 3808 3809
f 3974 3973 3808
f 3975 3809 3810
f 3975 3974 3809
f 3976 3810 3811
f 3976 3975 3810
f 3977 3811 3812
f 3977 3976 3811
f 3804 3805 3970
f 3977 3813 3978
f 3977 3812 3813
f 3978 3813 3980
f 3813 3981 3980
f 3813 3814 3981
f 3983 3981 3982
f 3981 3815 3982
f 3981 3814 3815
f 3984 3982 3815
f 3797 3984 3815
f 3961 3984 3797
f 3816 3963 3799
f 3816 3985 3963
f 3798 3961 3797
f 3782 3953 3779
f 3782 3955 3953
f 3957 3956 3784
f 3784 3956 3783
f 3784 3781 3954
f 3784 3954 3957
f 3785 3955 3782
f 3785 3958 3955
f 3956 3787 3783
f 3959 3787 3956
f 3788 3958 3785
f 3788 3960 3958
f 3962 3961 3798
f 3986 3818 3819
f 3798 3787 3959
f 3798 3959 3962
f 3799 3960 3788
f 3799 3963 3960
f 3964 3801 3802
f 3964 3802 3965
f 3802 3966 3965
f 3802 3803 3966
f 3968 3966 3967
f 3966 3804 3967
f 3966 3803 3804
f 3967 3804 3969
f 3804 3970 3969
f 3831 4008 4004
f 4002 3987 3988
f 4002 3988 4003
f 4003 3988 3989
f 3827 3994 3822
f 3827 4004 3994
f 3829 4005 3828
f 4005 3829 4006
f 3830 3995 3996
f 4006 3830 3996
f 3829 3830 4006
f 3999 4007 3998
f 3825 3995 3830
f 4007 3999 4000
f 3831 4004 3827
f 4001 3987 4002
f 4005 3832 3828
f 4009 3832 4005
f 3833 4008 3831
f 3833 4010 4008
f 4013 4012 4011
f 4009 4013 4011
f 3834 4009 4011
f 3832 4009 3834
f 3835 4010 3833
f 3835 4014 4010
f 4015 3836 3837
f 4012 4016 4011
f 4017 4011 4016
f 3993 3983 3982
f 3820 3987 3819
f 3819 3987 3986
f 3821 3988 3820
f 3820 3988 3987
f 3989 3988 3821
f 3989 3821 3801
f 3990 3989 3801
f 3964 3990 3801
f 3990 3964 3965
f 3991 3968 3967
f 3991 3967 3969
f 3992 3979 3978
f 3992 3978 3980
f 5217 5216 5009
f 3993 3982 3984
f 3822 3985 3816
f 3822 3994 3985
f 3997 3996 3995
f 3995 3825 3997
f 3825 3826 3997
f 3999 3998 3997
f 3999 3997 3826
f 4000 3999 3826
f 4000 3826 3818
f 4001 4000 3818
f 3986 4001 3818
f 4001 3986 3987
f 6416 6415 6414
f 6247 6401 6243
f 6247 6407 6401
f 6410 6409 6408
f 6412 6411 6408
f 6408 6411 6410
f 6411 6412 6403
f 6403 6412 6402
f 6412 6249 6402
f 6249 6250 6402
f 6402 6250 6251
f 6402 6251 6406
f 6406 6251 6245
f 6253 6407 6247
f 6253 6413 6407
f 6398 6246 6239
f 6416 6414 6409
f 6414 6408 6409
f 6414 6417 6408
f 6417 6255 6256
f 6412 6417 6256
f 6408 6417 6412
f 6412 6256 6249
f 6257 6413 6253
f 6257 6418 6413
f 6421 6420 6419
f 6421 6419 6415
f 6415 6419 6414
f 6419 6259 6414
f 6398 6239 6392
f 6396 6395 6392
f 6392 6395 6394
f 6395 6396 6387
f 6387 6396 6386
f 6396 6233 6386
f 6233 6234 6386
f 6386 6234 6235
f 6386 6235 6390
f 6390 6235 6227
f 6237 6391 6231
f 6237 6397 6391
f 6400 6399 6398
f 6400 6398 6393
f 6393 6398 6392
f 6259 6260 6414
f 6239 6240 6392
f 6392 6240 6241
f 6392 6241 6396
f 6396 6241 6233
f 6243 6397 6237
f 6243 6401 6397
f 6404 6403 6402
f 6406 6405 6402
f 6402 6405 6404
f 6405 6406 6399
f 6399 6406 6398
f 6406 6245 6398
f 6245 6246 6398
f 6279 6435 6281
f 6275 6273 6431
f 6276 6430 6274
f 6276 6432 6430
f 6431 6277 6275
f 6433 6277 6431
f 6278 6432 6276
f 6278 6434 6432
f 6433 6279 6277
f 6435 6279 6433
f 6280 6437 6436
f 6434 6280 6436
f 6278 6280 6434
f 6435 6436 6437
f 6281 6435 6437
f 6431 6273 6429
f 6282 6438 6437
f 6282 6437 6280
f 6438 6283 6281
f 6438 6281 6437
f 6440 6439 6438
f 6282 6440 6438
f 6284 6440 6282
f 6283 6438 6439
f 6441 6283 6439
f 6285 6283 6441
f 6286 6440 6284
f 6286 6442 6440
f 6441 6287 6285
f 6263 6264 6419
f 6414 6260 6261
f 6414 6261 6417
f 6417 6261 6255
f 6262 6423 6422
f 6418 6262 6422
f 6257 6262 6418
f 6425 6424 6423
f 6423 6424 6422
f 6427 6426 6425
f 6425 6426 6424
f 6426 6427 6420
f 6420 6427 6419
f 6427 6263 6419
f 6394 6393 6392
f 6419 6264 6259
f 6265 6423 6262
f 6423 6265 6267
f 6423 6267 6425
f 6425 6267 6269
f 6425 6269 6427
f 6427 6269 6263
f 6271 6428 6270
f 6428 6273 6270
f 6430 6429 6428
f 6271 6430 6428
f 6274 6430 6271
f 6273 6428 6429
f 6352 6356 6354
f 6185 6344 6347
f 6348 6185 6347
f 6187 6185 6348
f 6188 6346 6186
f 6188 6349 6346
f 6348 6189 6187
f 6350 6189 6348
f 6190 6349 6188
f 6190 6351 6349
f 6350 6191 6189
f 6352 6191 6350
f 6192 6351 6190
f 6192 6353 6351
f 6356 6355 6354
f 6345 6347 6344
f 6193 6352 6354
f 6191 6352 6193
f 6194 6353 6192
f 6194 6357 6353
f 6354 6355 6358
f 6358 6355 6359
f 6358 6195 6193
f 6358 6193 6354
f 6196 6357 6194
f 6196 6360 6357
f 6363 6362 6361
f 6363 6361 6359
f 6359 6361 6358
f 6180 6340 6181
f 6333 6334 6176
f 6177 6335 6178
f 6334 6335 6177
f 6178 6336 6179
f 6335 6336 6178
f 6167 6179 6316
f 6316 6179 6336
f 6319 6337 6318
f 6318 6337 6320
f 6320 6337 6338
f 6320 6338 6172
f 6338 6180 6172
f 6338 6339 6180
f 6361 6198 6358
f 6339 6340 6180
f 6182 6181 6340
f 6182 6340 6341
f 6183 6321 6173
f 6183 6342 6321
f 6325 6343 6324
f 6324 6343 6327
f 6184 6182 6344
f 6182 6345 6344
f 6182 6341 6345
f 6344 6185 6184
f 6186 6342 6183
f 6186 6346 6342
f 6225 6380 6220
f 6215 6216 6368
f 6368 6216 6217
f 6368 6217 6372
f 6372 6217 6209
f 6220 6374 6213
f 6220 6380 6374
f 6383 6382 6381
f 6383 6381 6376
f 6381 6375 6376
f 6381 6384 6375
f 6384 6222 6223
f 6379 6384 6223
f 6375 6384 6379
f 6379 6223 6215
f 6379 6215 6368
f 6225 6385 6380
f 6388 6387 6386
f 6390 6389 6386
f 6386 6389 6388
f 6389 6390 6382
f 6382 6390 6381
f 6390 6227 6381
f 6227 6228 6381
f 6381 6228 6229
f 6381 6229 6384
f 6384 6229 6222
f 6231 6385 6225
f 6231 6391 6385
f 6372 6371 6368
f 6198 6199 6358
f 6358 6199 6195
f 6200 6360 6196
f 6200 6364 6360
f 6366 6365 6203
f 6203 6365 6202
f 6204 6361 6362
f 6366 6204 6362
f 6203 6204 6366
f 6361 6204 6198
f 6207 6364 6200
f 6207 6367 6364
f 6370 6369 6368
f 6443 6287 6441
f 6368 6371 6370
f 6209 6210 6372
f 6210 6371 6372
f 6210 6373 6371
f 6210 6202 6365
f 6210 6365 6373
f 6213 6367 6207
f 6213 6374 6367
f 6377 6376 6375
f 6379 6378 6375
f 6375 6378 6377
f 6378 6379 6369
f 6369 6379 6368
f 6521 6522 6534
f 6349 6508 6346
f 6349 6523 6508
f 6526 6525 6524
f 6526 6524 6510
f 6524 6509 6510
f 6524 6527 6509
f 6511 6509 6528
f 6528 6509 6527
f 6516 6517 6529
f 6529 6517 6530
f 6518 6516 6531
f 6516 6532 6531
f 6516 6529 6532
f 6532 6533 6531
f 6521 6348 6347
f 6534 6522 6535
f 6534 6350 6348
f 6534 6348 6521
f 6351 6523 6349
f 6351 6536 6523
f 6539 6538 6537
f 6539 6537 6525
f 6537 6524 6525
f 6537 6540 6524
f 6542 6527 6541
f 6527 6540 6541
f 6527 6524 6540
f 6527 6542 6528
f 6494 6512 6495
f 6486 6504 6485
f 6485 6504 6487
f 6507 6506 6505
f 6490 6507 6505
f 6345 6490 6505
f 6341 6490 6345
f 6346 6491 6342
f 6346 6508 6491
f 6492 6493 6509
f 6509 6493 6510
f 6512 6494 6511
f 6494 6509 6511
f 6494 6492 6509
f 6545 6544 6543
f 6495 6512 6513
f 6495 6513 6496
f 6496 6513 6514
f 6517 6516 6515
f 6496 6514 6497
f 6516 6518 6515
f 6500 6519 6499
f 6499 6519 6502
f 6506 6520 6505
f 6520 6522 6521
f 6520 6521 6347
f 6505 6520 6347
f 6345 6505 6347
f 6579 6578 6575
f 6564 6565 6543
f 6567 6546 6566
f 6546 6565 6566
f 6546 6543 6565
f 6546 6567 6547
f 6570 6569 6568
f 6572 6571 6568
f 6568 6571 6570
f 6574 6573 6572
f 6573 6549 6572
f 6550 6571 6572
f 6550 6572 6549
f 6549 6573 6552
f 6577 6576 6575
f 6564 6543 6544
f 6575 6578 6577
f 6578 6579 6554
f 6554 6579 6553
f 6579 6355 6553
f 6355 6356 6553
f 6553 6356 6352
f 6357 6580 6556
f 6357 6556 6353
f 6556 6581 6557
f 6556 6580 6581
f 6557 6582 6558
f 6557 6581 6582
f 6559 6558 6583
f 6353 6556 6555
f 6545 6543 6530
f 6543 6529 6530
f 6543 6546 6529
f 6548 6532 6547
f 6532 6546 6547
f 6532 6529 6546
f 6532 6548 6533
f 6551 6550 6549
f 6549 6552 6551
f 6534 6535 6553
f 6553 6535 6554
f 6553 6352 6350
f 6553 6350 6534
f 6477 6503 6478
f 6536 6353 6555
f 6351 6353 6536
f 6555 6556 6538
f 6556 6537 6538
f 6556 6557 6537
f 6537 6558 6540
f 6537 6557 6558
f 6541 6540 6559
f 6559 6540 6558
f 6562 6561 6560
f 6564 6563 6560
f 6560 6563 6562
f 6563 6564 6544
f 6455 6466 6454
f 6303 6451 6305
f 6456 6306 6305
f 6456 6305 6454
f 6456 6308 6306
f 6459 6458 6457
f 6461 6460 6457
f 6461 6457 6458
f 6462 6460 6461
f 6316 6463 6315
f 6464 6317 6315
f 6464 6315 6463
f 6464 6319 6317
f 6321 6453 6304
f 6321 6465 6453
f 6451 6452 6305
f 6454 6466 6456
f 6456 6466 6467
f 6467 6469 6468
f 6467 6468 6322
f 6456 6467 6322
f 6308 6456 6322
f 6470 6323 6322
f 6470 6322 6468
f 6470 6325 6323
f 6327 6471 6326
f 6472 6328 6326
f 6472 6326 6471
f 6328 6472 6473
f 6291 6447 6294
f 6288 6442 6286
f 6288 6444 6442
f 6443 6289 6287
f 6445 6289 6443
f 6290 6444 6288
f 6290 6446 6444
f 6445 6291 6289
f 6447 6291 6445
f 6293 6449 6448
f 6446 6293 6448
f 6290 6293 6446
f 6447 6448 6449
f 6294 6447 6449
f 6474 6328 6473
f 6295 6449 6293
f 6449 6295 6294
f 6297 6450 6296
f 6450 6298 6296
f 6299 6450 6297
f 6450 6299 6298
f 6301 6451 6300
f 6451 6303 6300
f 6453 6452 6451
f 6301 6453 6451
f 6304 6453 6301
f 6452 6455 6454
f 6452 6454 6305
f 6468 6492 6494
f 6338 6484 6485
f 6337 6484 6338
f 6338 6485 6487
f 6488 6338 6487
f 6339 6338 6488
f 6339 6489 6340
f 6488 6489 6339
f 6341 6340 6489
f 6341 6489 6490
f 6342 6465 6321
f 6342 6491 6465
f 6468 6469 6492
f 6492 6469 6493
f 6468 6494 6470
f 6484 6486 6485
f 6495 6343 6325
f 6470 6495 6325
f 6494 6495 6470
f 6471 6327 6343
f 6495 6471 6343
f 6496 6471 6495
f 6498 6472 6497
f 6472 6496 6497
f 6472 6471 6496
f 6472 6498 6473
f 6501 6500 6499
f 6499 6502 6501
f 6476 6503 6477
f 6479 6333 6478
f 6329 6328 6474
f 6329 6475 6330
f 6474 6475 6329
f 6457 6331 6459
f 6331 6475 6459
f 6331 6330 6475
f 6331 6457 6332
f 6332 6457 6460
f 6333 6332 6460
f 6476 6333 6460
f 6462 6476 6460
f 6477 6333 6476
f 6333 6477 6478
f 6176 6334 6177
f 6334 6333 6479
f 6334 6480 6335
f 6479 6480 6334
f 6335 6481 6336
f 6480 6481 6335
f 6316 6336 6463
f 6336 6482 6463
f 6336 6481 6482
f 6463 6482 6464
f 6464 6482 6483
f 6464 6483 6319
f 6483 6337 6319
f 6483 6484 6337
f 6015 6184 6017
f 6164 6177 6165
f 6165 6177 6178
f 6165 6178 6166
f 6166 6178 6179
f 6166 6179 6167
f 6172 6180 6009
f 6009 6180 6012
f 6012 6181 6013
f 6180 6181 6012
f 6015 6013 6181
f 6015 6181 6182
f 6016 6173 6011
f 6016 6183 6173
f 6182 6184 6015
f 6164 6176 6177
f 6018 6017 6184
f 6018 6184 6185
f 6019 6183 6016
f 6019 6186 6183
f 6185 6020 6018
f 6187 6020 6185
f 6021 6186 6019
f 6021 6188 6186
f 6187 6022 6020
f 6189 6022 6187
f 6023 6188 6021
f 6023 6190 6188
f 6189 6024 6022
f 6005 6170 6006
f 6000 6161 6162
f 5999 6161 6000
f 6164 6001 6000
f 6164 6000 6162
f 6165 6002 6001
f 6165 6001 6164
f 6166 6003 6002
f 6166 6002 6165
f 6003 6166 6167
f 6168 6003 6167
f 6004 6003 6168
f 6004 6169 6005
f 6168 6169 6004
f 6191 6024 6189
f 6169 6170 6005
f 6006 6171 6007
f 6170 6171 6006
f 6009 6007 6171
f 6009 6171 6172
f 6011 6149 5993
f 6011 6173 6149
f 6155 6174 6154
f 6154 6174 6156
f 6156 6174 6175
f 6156 6175 6158
f 6163 6176 6162
f 6162 6176 6164
f 6218 6208 6209
f 6208 6201 6202
f 6208 6211 6201
f 6201 6212 6205
f 6201 6211 6212
f 6212 6035 6036
f 6206 6212 6036
f 6205 6212 6206
f 6206 6036 6032
f 6037 6207 6033
f 6037 6213 6207
f 6216 6215 6214
f 6218 6217 6214
f 6214 6217 6216
f 6217 6218 6209
f 6210 6208 6202
f 6218 6219 6208
f 6219 6039 6040
f 6211 6219 6040
f 6208 6219 6211
f 6211 6040 6041
f 6211 6041 6212
f 6212 6041 6035
f 6042 6213 6037
f 6042 6220 6213
f 6223 6222 6221
f 6223 6221 6215
f 6221 6214 6215
f 6221 6224 6214
f 6028 6195 6030
f 6025 6190 6023
f 6025 6192 6190
f 6191 6026 6024
f 6193 6026 6191
f 6027 6192 6025
f 6027 6194 6192
f 6193 6028 6026
f 6195 6028 6193
f 6029 6194 6027
f 6029 6196 6194
f 6199 6198 6197
f 6195 6199 6197
f 6030 6195 6197
f 6161 6163 6162
f 6031 6196 6029
f 6031 6200 6196
f 6203 6202 6201
f 6205 6204 6201
f 6201 6204 6203
f 6204 6205 6198
f 6205 6197 6198
f 6205 6206 6197
f 6206 6032 6030
f 6206 6030 6197
f 6033 6200 6031
f 6033 6207 6200
f 6210 6209 6208
f 6128 5954 6126
f 5947 6121 6119
f 6120 5948 5945
f 6122 5948 6120
f 5949 6121 5947
f 5949 6123 6121
f 6122 5950 5948
f 6124 5950 6122
f 5951 6123 5949
f 5951 6125 6123
f 6124 5952 5950
f 6126 5952 6124
f 5953 6125 5951
f 5953 6127 6125
f 6126 5954 5952
f 5947 6119 5944
f 5955 6127 5953
f 5955 6129 6127
f 6128 5956 5954
f 6130 5956 6128
f 5957 6129 5955
f 5957 6131 6129
f 6130 5958 5956
f 6132 5958 6130
f 5959 6131 5957
f 5959 6133 6131
f 6132 5960 5958
f 6134 5960 6132
f 6135 6133 5959
f 5940 6111 5938
f 5934 6106 5928
f 6109 5936 5937
f 6108 6109 5937
f 6106 6109 6108
f 6108 5937 5930
f 6111 6110 6109
f 5934 6111 6109
f 5938 6111 5934
f 5939 5936 6109
f 6112 5939 6109
f 6110 6112 6109
f 5939 6112 6113
f 6114 6113 6112
f 6135 5959 5961
f 5940 6115 6111
f 6117 5941 6116
f 5941 5939 6116
f 6116 5939 6113
f 6118 6116 6113
f 6113 6114 6118
f 5941 6117 5943
f 5944 6115 5940
f 5944 6119 6115
f 6117 6116 5946
f 6116 5945 5946
f 6116 6120 5945
f 6117 5946 5943
f 6146 6156 6147
f 5993 6142 5971
f 5993 6149 6142
f 6145 6150 6144
f 6144 6150 5975
f 6150 5994 5975
f 6150 6151 5994
f 5994 6152 5995
f 6151 6152 5994
f 5995 6153 5996
f 6152 6153 5995
f 5996 6153 5978
f 6153 6154 5978
f 6154 6146 5978
f 6154 6153 6155
f 6148 5985 5983
f 6146 6154 6156
f 6147 6156 5981
f 6156 6157 5981
f 6157 5997 5981
f 6156 6158 6157
f 5982 5997 6148
f 5997 6159 6148
f 5997 6157 6159
f 6148 6159 5985
f 6159 5998 5985
f 6159 6160 5998
f 5998 6161 5999
f 6160 6161 5998
f 5968 6139 6140
f 5961 5960 6134
f 5961 6134 6135
f 5964 6136 5963
f 6136 5965 5963
f 6138 6137 6136
f 5964 6138 6136
f 5966 6138 5964
f 5965 6136 6137
f 6139 5965 6137
f 5967 5965 6139
f 6140 6138 5966
f 6140 5966 5968
f 5968 5967 6139
f 6224 6044 6045
f 6142 6141 5970
f 6142 5970 5971
f 5970 6143 5972
f 6141 6143 5970
f 6143 6145 6144
f 5973 6143 6144
f 5972 6143 5973
f 6144 5975 5973
f 5978 6146 5977
f 6147 5979 5977
f 6147 5977 6146
f 6147 5981 5979
f 5982 6148 5983
f 6297 6137 6138
f 6289 6132 6287
f 6133 6288 6131
f 6133 6290 6288
f 6289 6134 6132
f 6291 6134 6289
f 6133 6135 6292
f 6293 6133 6292
f 6290 6133 6293
f 6294 6292 6135
f 6134 6294 6135
f 6291 6294 6134
f 6295 6293 6292
f 6295 6292 6294
f 6297 6296 6137
f 6287 6132 6130
f 6139 6137 6296
f 6139 6296 6298
f 6299 6297 6138
f 6299 6138 6140
f 6140 6139 6298
f 6140 6298 6299
f 6301 6300 6141
f 6301 6141 6142
f 6300 6303 6302
f 6143 6300 6302
f 6141 6300 6143
f 6302 6145 6143
f 6149 6301 6142
f 6125 6280 6123
f 6272 6118 6114
f 6119 6274 6115
f 6119 6276 6274
f 6275 6120 6116
f 6277 6120 6275
f 6121 6276 6119
f 6121 6278 6276
f 6277 6122 6120
f 6279 6122 6277
f 6123 6278 6121
f 6123 6280 6278
f 6279 6124 6122
f 6281 6124 6279
f 6149 6304 6301
f 6125 6282 6280
f 6281 6126 6124
f 6283 6126 6281
f 6127 6282 6125
f 6127 6284 6282
f 6283 6128 6126
f 6285 6128 6283
f 6129 6284 6127
f 6129 6286 6284
f 6285 6130 6128
f 6287 6130 6285
f 6131 6286 6129
f 6131 6288 6286
f 6174 6328 6175
f 6320 6170 6318
f 6320 6172 6171
f 6173 6304 6149
f 6173 6321 6304
f 6308 6322 6307
f 6307 6322 6309
f 6309 6322 6323
f 6325 6324 6323
f 6324 6309 6323
f 6324 6310 6309
f 6310 6324 6155
f 6324 6326 6155
f 6326 6174 6155
f 6324 6327 6326
f 6320 6171 6170
f 6326 6328 6174
f 6158 6175 6311
f 6175 6329 6311
f 6175 6328 6329
f 6311 6329 6312
f 6312 6329 6330
f 6312 6330 6313
f 6313 6330 6331
f 6313 6331 6314
f 6314 6331 6332
f 6314 6332 6163
f 6332 6176 6163
f 6332 6333 6176
f 6312 6159 6157
f 6303 6305 6302
f 6302 6305 6145
f 6305 6150 6145
f 6305 6306 6150
f 6306 6308 6307
f 6151 6306 6307
f 6150 6306 6151
f 6309 6152 6151
f 6309 6151 6307
f 6310 6153 6152
f 6310 6152 6309
f 6310 6155 6153
f 6158 6311 6157
f 6273 6275 6116
f 6312 6157 6311
f 6313 6160 6159
f 6313 6159 6312
f 6314 6161 6160
f 6314 6160 6313
f 6314 6163 6161
f 6316 6315 6168
f 6316 6168 6167
f 6168 6317 6169
f 6315 6317 6168
f 6317 6319 6318
f 6170 6317 6318
f 6169 6317 6170
f 6068 6243 6237
f 6230 6059 6051
f 6061 6231 6055
f 6061 6237 6231
f 6240 6239 6238
f 6242 6241 6238
f 6238 6241 6240
f 6241 6242 6233
f 6233 6242 6232
f 6242 6063 6232
f 6063 6064 6232
f 6232 6064 6065
f 6232 6065 6236
f 6236 6065 6057
f 6068 6237 6061
f 6226 6059 6230
f 6246 6245 6244
f 6246 6244 6239
f 6239 6244 6238
f 6244 6070 6238
f 6070 6071 6238
f 6238 6071 6072
f 6238 6072 6242
f 6242 6072 6063
f 6074 6243 6068
f 6074 6247 6243
f 6250 6249 6248
f 6252 6251 6248
f 6248 6251 6250
f 6051 6052 6221
f 6218 6224 6045
f 6214 6224 6218
f 6218 6045 6046
f 6218 6046 6219
f 6219 6046 6039
f 6049 6220 6042
f 6049 6225 6220
f 6228 6227 6226
f 6230 6229 6226
f 6226 6229 6228
f 6229 6230 6222
f 6222 6230 6221
f 6230 6051 6221
f 6251 6252 6245
f 6221 6052 6053
f 6221 6053 6224
f 6224 6053 6044
f 6055 6225 6049
f 6055 6231 6225
f 6234 6233 6232
f 6236 6235 6232
f 6232 6235 6234
f 6235 6236 6227
f 6227 6236 6226
f 6236 6057 6226
f 6057 6058 6226
f 6226 6058 6059
f 6105 6266 6099
f 6096 6258 6259
f 6264 6096 6259
f 6095 6096 6264
f 6258 6096 6087
f 6099 6266 6265
f 6262 6099 6265
f 6092 6099 6262
f 6268 6267 6266
f 6266 6267 6265
f 6101 6102 6268
f 6102 6267 6268
f 6102 6269 6267
f 6102 6094 6263
f 6102 6263 6269
f 6095 6263 6094
f 6266 6105 6107
f 6266 6107 6268
f 6268 6107 6101
f 6271 6270 6110
f 6271 6110 6111
f 6270 6273 6272
f 6112 6270 6272
f 6110 6270 6112
f 6272 6114 6112
f 6115 6271 6111
f 6115 6274 6271
f 6272 6273 6118
f 6273 6116 6118
f 6252 6083 6076
f 6245 6252 6244
f 6252 6076 6244
f 6076 6077 6244
f 6244 6077 6070
f 6079 6247 6074
f 6079 6253 6247
f 6256 6255 6254
f 6256 6254 6249
f 6249 6254 6248
f 6254 6081 6248
f 6081 6082 6248
f 6248 6082 6083
f 6248 6083 6252
f 6558 6584 6583
f 6085 6253 6079
f 6085 6257 6253
f 6260 6259 6258
f 6087 6088 6258
f 6088 6260 6258
f 6088 6261 6260
f 6089 6254 6255
f 6261 6089 6255
f 6088 6089 6261
f 6254 6089 6081
f 6092 6257 6085
f 6092 6262 6257
f 6264 6263 6095
f 6845 6862 6545
f 6858 6522 6840
f 6536 6859 6841
f 6536 6841 6523
f 6859 6538 6539
f 6842 6859 6539
f 6841 6859 6842
f 6842 6539 6525
f 6541 6860 6542
f 6843 6528 6542
f 6860 6843 6542
f 6861 6843 6860
f 6843 6862 6844
f 6843 6861 6862
f 6862 6544 6545
f 6858 6535 6522
f 6844 6862 6845
f 6845 6545 6530
f 6547 6863 6548
f 6846 6533 6548
f 6863 6846 6548
f 6864 6846 6863
f 6846 6865 6847
f 6846 6864 6865
f 6847 6866 6848
f 6847 6865 6866
f 6866 6550 6551
f 6849 6866 6551
f 6848 6866 6849
f 6833 6852 6834
f 6531 6827 6518
f 6827 6531 6533
f 6846 6827 6533
f 6828 6827 6846
f 6828 6847 6829
f 6828 6846 6847
f 6829 6848 6830
f 6829 6847 6848
f 6830 6849 6831
f 6830 6848 6849
f 6831 6850 6832
f 6831 6849 6850
f 6832 6851 6833
f 6832 6850 6851
f 6849 6551 6552
f 6833 6851 6852
f 6834 6853 6835
f 6834 6852 6853
f 6835 6854 6836
f 6835 6853 6854
f 6836 6855 6837
f 6836 6854 6855
f 6837 6856 6838
f 6837 6855 6856
f 6838 6857 6839
f 6838 6856 6857
f 6839 6858 6840
f 6839 6857 6858
f 6573 6574 6880
f 6861 6563 6862
f 6862 6563 6544
f 6566 6877 6567
f 6863 6547 6567
f 6877 6863 6567
f 6878 6863 6877
f 6863 6879 6864
f 6863 6878 6879
f 6879 6569 6570
f 6865 6879 6570
f 6864 6879 6865
f 6865 6570 6571
f 6865 6571 6866
f 6550 6866 6571
f 6861 6562 6563
f 6867 6552 6573
f 6880 6867 6573
f 6881 6867 6880
f 6867 6882 6868
f 6867 6881 6882
f 6868 6883 6869
f 6868 6882 6883
f 6869 6884 6870
f 6869 6883 6884
f 6870 6885 6871
f 6870 6884 6885
f 6871 6886 6872
f 6871 6885 6886
f 6855 6872 6873
f 6867 6849 6552
f 6850 6849 6867
f 6850 6868 6851
f 6850 6867 6868
f 6851 6869 6852
f 6851 6868 6869
f 6852 6870 6853
f 6852 6869 6870
f 6853 6871 6854
f 6853 6870 6871
f 6854 6872 6855
f 6854 6871 6872
f 6855 6873 6856
f 6845 6517 6826
f 6856 6874 6857
f 6856 6873 6874
f 6857 6875 6858
f 6857 6874 6875
f 6875 6554 6535
f 6875 6535 6858
f 6555 6859 6536
f 6859 6555 6538
f 6559 6876 6860
f 6559 6860 6541
f 6876 6561 6562
f 6861 6876 6562
f 6860 6876 6861
f 6819 6803 6504
f 6797 6814 6798
f 6797 6813 6814
f 6798 6815 6799
f 6798 6814 6815
f 6799 6816 6800
f 6799 6815 6816
f 6800 6817 6801
f 6800 6816 6817
f 6801 6818 6802
f 6801 6817 6818
f 6819 6504 6486
f 6802 6819 6486
f 6818 6819 6802
f 6803 6487 6504
f 6813 6797 6812
f 6820 6803 6819
f 6820 6506 6507
f 6804 6820 6507
f 6803 6820 6804
f 6804 6507 6490
f 6508 6821 6805
f 6508 6805 6491
f 6805 6822 6806
f 6805 6821 6822
f 6806 6823 6807
f 6806 6822 6823
f 6823 6510 6493
f 6823 6493 6807
f 6809 6793 6808
f 6804 6488 6803
f 6804 6490 6489
f 6491 6805 6790
f 6491 6790 6465
f 6790 6806 6791
f 6790 6805 6806
f 6791 6807 6792
f 6791 6806 6807
f 6807 6493 6469
f 6807 6469 6792
f 6497 6808 6498
f 6793 6473 6498
f 6808 6793 6498
f 6511 6824 6512
f 6809 6500 6501
f 6794 6809 6501
f 6793 6809 6794
f 6794 6501 6502
f 6810 6794 6502
f 6795 6794 6810
f 6795 6811 6796
f 6795 6810 6811
f 6812 6503 6476
f 6796 6812 6476
f 6811 6812 6796
f 6797 6478 6503
f 6812 6797 6503
f 6523 6821 6508
f 6815 6834 6835
f 6816 6836 6817
f 6816 6835 6836
f 6817 6837 6818
f 6817 6836 6837
f 6818 6838 6819
f 6818 6837 6838
f 6819 6839 6820
f 6819 6838 6839
f 6840 6520 6506
f 6820 6840 6506
f 6839 6840 6820
f 6840 6522 6520
f 6523 6841 6821
f 6815 6835 6816
f 6821 6842 6822
f 6821 6841 6842
f 6842 6525 6526
f 6823 6842 6526
f 6822 6842 6823
f 6823 6526 6510
f 6528 6843 6824
f 6528 6824 6511
f 6824 6844 6825
f 6824 6843 6844
f 6825 6845 6826
f 6825 6844 6845
f 6845 6530 6517
f 6827 6828 6809
f 6825 6513 6512
f 6825 6512 6824
f 6826 6514 6513
f 6826 6513 6825
f 6826 6497 6514
f 6826 6808 6497
f 6826 6517 6515
f 6808 6826 6515
f 6808 6515 6518
f 6827 6808 6518
f 6809 6808 6827
f 6828 6519 6500
f 6809 6828 6500
f 6872 6887 6873
f 6810 6502 6519
f 6828 6810 6519
f 6829 6810 6828
f 6810 6830 6811
f 6810 6829 6830
f 6811 6831 6812
f 6811 6830 6831
f 6812 6832 6813
f 6812 6831 6832
f 6813 6833 6814
f 6813 6832 6833
f 6814 6834 6815
f 6814 6833 6834
f 6924 6927 6785
f 6781 6779 6920
f 6782 6919 6780
f 6782 6921 6919
f 6920 6783 6781
f 6922 6783 6920
f 6784 6921 6782
f 6784 6923 6921
f 6922 6785 6783
f 6924 6785 6922
f 6784 6786 6925
f 6926 6784 6925
f 6923 6784 6926
f 6927 6925 6786
f 6785 6927 6786
f 6920 6779 6918
f 6928 6926 6925
f 6928 6925 6927
f 6930 6929 6918
f 6930 6918 6919
f 6920 6918 6929
f 6920 6929 6931
f 6921 6930 6919
f 6921 6932 6930
f 6931 6922 6920
f 6933 6922 6931
f 6923 6932 6921
f 6923 6934 6932
f 6933 6924 6922
f 6700 6914 6679
f 6909 6671 6642
f 6679 6914 6910
f 6679 6910 6650
f 6914 6681 6682
f 6911 6914 6682
f 6910 6914 6911
f 6911 6682 6653
f 6688 6915 6912
f 6688 6912 6667
f 6915 6690 6691
f 6913 6915 6691
f 6912 6915 6913
f 6913 6691 6669
f 6935 6924 6933
f 6914 6700 6681
f 6706 6915 6688
f 6915 6706 6690
f 6774 6916 6773
f 6916 6775 6773
f 6776 6916 6774
f 6916 6776 6775
f 6778 6917 6777
f 6917 6779 6777
f 6919 6918 6917
f 6778 6919 6917
f 6780 6919 6778
f 6779 6917 6918
f 3 1 5
f 6942 6947 6940
f 6941 6945 6946
f 6948 6941 6946
f 6943 6941 6948
f 6949 6947 6942
f 6949 6942 6944
f 6944 6943 6948
f 6944 6948 6949
f 6947 6950 6946
f 6950 6948 6946
f 6949 6950 6947
f 6950 6949 6948
f 3 2 1
f 4 1 2
f 6940 6947 6945
f 3 5 6
f 1 4 7
f 1 7 5
f 6 5 8
f 6 8 9
f 5 7 10
f 5 10 8
f 9 8 11
f 9 11 12
f 8 10 13
f 8 13 11
f 12 11 14
f 12 14 15
f 6931 6938 6939
f 6926 6937 6936
f 6934 6926 6936
f 6923 6926 6934
f 6935 6936 6937
f 6927 6935 6937
f 6924 6935 6927
f 6928 6937 6926
f 6937 6928 6927
f 6930 6938 6929
f 6938 6931 6929
f 6940 6939 6938
f 6930 6940 6938
f 6932 6940 6930
f 6908 6671 6909
f 6941 6931 6939
f 6933 6931 6941
f 6934 6940 6932
f 6934 6942 6940
f 6941 6935 6933
f 6943 6935 6941
f 6944 6942 6934
f 6944 6934 6936
f 6936 6935 6943
f 6936 6943 6944
f 6940 6945 6939
f 6945 6941 6939
f 6947 6946 6945
f 6897 6607 6604
f 6883 6893 6599
f 6882 6893 6883
f 6883 6599 6600
f 6894 6883 6600
f 6884 6883 6894
f 6884 6895 6885
f 6884 6894 6895
f 6885 6896 6886
f 6885 6895 6896
f 6896 6602 6603
f 6887 6896 6603
f 6886 6896 6887
f 6576 6887 6603
f 6604 6605 6897
f 6893 6598 6599
f 6611 6898 6612
f 6899 6613 6612
f 6899 6612 6898
f 6616 6888 6586
f 6614 6613 6899
f 6888 6616 6617
f 6900 6888 6617
f 6889 6888 6900
f 6900 6619 6620
f 6890 6900 6620
f 6889 6900 6890
f 6890 6620 6590
f 6624 6901 6625
f 6889 6877 6588
f 6872 6886 6887
f 6887 6576 6577
f 6874 6887 6577
f 6873 6887 6874
f 6874 6577 6578
f 6874 6578 6875
f 6875 6578 6554
f 6583 6876 6559
f 6876 6583 6561
f 6586 6888 6587
f 6889 6588 6587
f 6889 6587 6888
f 6877 6566 6588
f 6891 6596 6625
f 6890 6877 6889
f 6890 6590 6591
f 6878 6890 6591
f 6877 6890 6878
f 6878 6591 6592
f 6878 6592 6879
f 6879 6592 6569
f 6596 6891 6880
f 6596 6880 6574
f 6880 6892 6881
f 6880 6891 6892
f 6881 6893 6882
f 6881 6892 6893
f 6658 6904 6630
f 6898 6909 6899
f 6899 6643 6614
f 6645 6900 6617
f 6900 6645 6619
f 6650 6910 6651
f 6901 6624 6651
f 6910 6901 6651
f 6911 6901 6910
f 6911 6653 6654
f 6902 6911 6654
f 6901 6911 6902
f 6902 6654 6655
f 6902 6655 6903
f 6903 6655 6627
f 6899 6909 6643
f 6904 6658 6660
f 6904 6660 6905
f 6905 6660 6662
f 6905 6662 6906
f 6906 6662 6632
f 6667 6912 6666
f 6907 6638 6666
f 6912 6907 6666
f 6913 6907 6912
f 6913 6669 6670
f 6908 6913 6670
f 6907 6913 6908
f 6908 6670 6671
f 6894 6905 6906
f 6901 6891 6625
f 6902 6891 6901
f 6891 6903 6892
f 6891 6902 6903
f 6903 6627 6628
f 6893 6903 6628
f 6892 6903 6893
f 6598 6893 6628
f 6629 6630 6904
f 6894 6600 6629
f 6904 6894 6629
f 6905 6894 6904
f 6894 6906 6895
f 6804 6489 6488
f 6906 6632 6633
f 6896 6906 6633
f 6895 6906 6896
f 6896 6633 6602
f 6635 6897 6605
f 6897 6635 6607
f 6638 6907 6639
f 6908 6640 6639
f 6908 6639 6907
f 6898 6611 6640
f 6908 6898 6640
f 6909 6898 6908
f 6909 6642 6643
f 6657 6686 6659
f 6647 6677 6648
f 6647 6676 6677
f 6648 6678 6649
f 6648 6677 6678
f 6650 6649 6679
f 6679 6649 6678
f 6682 6681 6680
f 6682 6680 6653
f 6680 6652 6653
f 6680 6683 6652
f 6652 6684 6656
f 6652 6683 6684
f 6656 6685 6657
f 6656 6684 6685
f 6646 6675 6676
f 6657 6685 6686
f 6659 6687 6661
f 6659 6686 6687
f 6687 6369 6370
f 6663 6687 6370
f 6661 6687 6663
f 6663 6370 6371
f 6663 6371 6664
f 6664 6371 6373
f 6664 6373 6665
f 6665 6373 6365
f 6374 6667 6367
f 6374 6688 6667
f 6364 6667 6637
f 6659 6660 6658
f 6663 6662 6661
f 6661 6662 6660
f 6662 6663 6632
f 6663 6631 6632
f 6663 6664 6631
f 6631 6665 6634
f 6631 6664 6665
f 6665 6365 6366
f 6636 6665 6366
f 6634 6665 6636
f 6636 6366 6362
f 6667 6666 6637
f 6691 6690 6689
f 6367 6667 6364
f 6637 6666 6638
f 6670 6669 6668
f 6672 6671 6668
f 6668 6671 6670
f 6671 6672 6642
f 6672 6641 6642
f 6672 6673 6641
f 6641 6674 6644
f 6641 6673 6674
f 6644 6675 6646
f 6644 6674 6675
f 6646 6676 6647
f 6689 6708 6709
f 6684 6704 6705
f 6705 6376 6377
f 6686 6705 6377
f 6685 6705 6686
f 6686 6377 6378
f 6686 6378 6687
f 6687 6378 6369
f 6380 6707 6706
f 6688 6380 6706
f 6374 6380 6688
f 6706 6707 6690
f 6707 6689 6690
f 6707 6708 6689
f 6689 6709 6692
f 6684 6705 6685
f 6692 6710 6693
f 6692 6709 6710
f 6693 6711 6694
f 6693 6710 6711
f 6694 6712 6695
f 6694 6711 6712
f 6695 6713 6696
f 6695 6712 6713
f 6696 6714 6697
f 6696 6713 6714
f 6697 6715 6698
f 6697 6714 6715
f 6698 6716 6699
f 6676 6698 6677
f 6691 6689 6669
f 6689 6668 6669
f 6689 6692 6668
f 6668 6693 6672
f 6668 6692 6693
f 6672 6694 6673
f 6672 6693 6694
f 6673 6695 6674
f 6673 6694 6695
f 6674 6696 6675
f 6674 6695 6696
f 6675 6697 6676
f 6675 6696 6697
f 6661 6660 6659
f 6676 6697 6698
f 6677 6699 6678
f 6677 6698 6699
f 6679 6678 6700
f 6678 6701 6700
f 6678 6699 6701
f 6700 6701 6681
f 6701 6680 6681
f 6701 6702 6680
f 6680 6703 6683
f 6680 6702 6703
f 6683 6704 6684
f 6683 6703 6704
f 6585 6612 6613
f 6606 6575 6604
f 6606 6579 6575
f 6606 6359 6355
f 6606 6355 6579
f 6360 6608 6580
f 6360 6580 6357
f 6580 6609 6581
f 6580 6608 6609
f 6581 6610 6582
f 6581 6609 6610
f 6612 6584 6611
f 6584 6610 6611
f 6584 6582 6610
f 6584 6612 6585
f 6607 6606 6604
f 6613 6614 6585
f 6614 6615 6585
f 6616 6586 6585
f 6616 6585 6615
f 6615 6617 6616
f 6620 6619 6618
f 6620 6618 6590
f 6618 6589 6590
f 6618 6621 6589
f 6589 6622 6593
f 6589 6621 6622
f 6593 6623 6594
f 6593 6622 6623
f 6592 6593 6569
f 6558 6582 6584
f 6583 6584 6561
f 6584 6560 6561
f 6584 6585 6560
f 6587 6564 6586
f 6564 6585 6586
f 6564 6560 6585
f 6564 6587 6565
f 6565 6587 6588
f 6565 6588 6566
f 6591 6590 6589
f 6593 6592 6589
f 6589 6592 6591
f 6625 6595 6624
f 6593 6568 6569
f 6593 6594 6568
f 6568 6595 6572
f 6568 6594 6595
f 6574 6572 6596
f 6596 6572 6595
f 6599 6598 6597
f 6597 6600 6599
f 6603 6602 6601
f 6605 6604 6601
f 6604 6575 6601
f 6576 6603 6601
f 6576 6601 6575
f 6621 6648 6649
f 6610 6640 6611
f 6643 6642 6641
f 6643 6641 6614
f 6641 6615 6614
f 6641 6644 6615
f 6617 6615 6645
f 6615 6646 6645
f 6615 6644 6646
f 6645 6646 6619
f 6646 6618 6619
f 6646 6647 6618
f 6618 6648 6621
f 6618 6647 6648
f 6621 6649 6622
f 6610 6639 6640
f 6651 6623 6650
f 6623 6649 6650
f 6623 6622 6649
f 6623 6651 6624
f 6654 6653 6652
f 6656 6655 6652
f 6652 6655 6654
f 6655 6656 6627
f 6656 6626 6627
f 6656 6657 6626
f 6630 6626 6658
f 6626 6659 6658
f 6626 6657 6659
f 6605 6601 6635
f 6595 6623 6624
f 6595 6594 6623
f 6595 6625 6596
f 6628 6627 6626
f 6630 6629 6626
f 6629 6597 6626
f 6598 6628 6626
f 6598 6626 6597
f 6597 6629 6600
f 6633 6632 6631
f 6633 6631 6602
f 6631 6601 6602
f 6631 6634 6601
f 6698 6715 6716
f 6601 6636 6635
f 6601 6634 6636
f 6635 6636 6607
f 6607 6636 6606
f 6636 6362 6606
f 6362 6363 6606
f 6606 6363 6359
f 6364 6637 6608
f 6364 6608 6360
f 6639 6609 6638
f 6609 6637 6638
f 6609 6608 6637
f 6609 6639 6610
f 6432 6772 6771
f 6765 6770 6766
f 6765 6769 6770
f 6770 6420 6421
f 6767 6770 6421
f 6766 6770 6767
f 6767 6421 6415
f 6422 6768 6418
f 6768 6422 6424
f 6768 6424 6769
f 6769 6424 6426
f 6769 6426 6770
f 6770 6426 6420
f 6429 6430 6771
f 6429 6771 6431
f 6764 6768 6769
f 6432 6771 6430
f 6772 6433 6431
f 6772 6431 6771
f 6774 6773 6772
f 6432 6774 6772
f 6434 6774 6432
f 6433 6772 6773
f 6775 6433 6773
f 6435 6433 6775
f 6776 6774 6434
f 6776 6434 6436
f 6436 6435 6775
f 6436 6775 6776
f 6413 6759 6407
f 6753 6761 6754
f 6753 6760 6761
f 6754 6762 6755
f 6754 6761 6762
f 6755 6763 6756
f 6755 6762 6763
f 6763 6409 6410
f 6757 6763 6410
f 6756 6763 6757
f 6757 6410 6411
f 6757 6411 6758
f 6758 6411 6403
f 6413 6764 6759
f 6778 6777 6439
f 6759 6765 6760
f 6759 6764 6765
f 6760 6766 6761
f 6760 6765 6766
f 6761 6767 6762
f 6761 6766 6767
f 6767 6415 6416
f 6763 6767 6416
f 6762 6767 6763
f 6763 6416 6409
f 6418 6768 6764
f 6418 6764 6413
f 6764 6769 6765
f 6796 6462 6789
f 6787 6791 6455
f 6790 6791 6787
f 6792 6467 6466
f 6792 6466 6791
f 6792 6469 6467
f 6473 6793 6474
f 6794 6475 6474
f 6794 6474 6793
f 6788 6459 6475
f 6794 6788 6475
f 6795 6788 6794
f 6788 6796 6789
f 6788 6795 6796
f 6796 6476 6462
f 6791 6466 6455
f 6478 6797 6479
f 6798 6480 6479
f 6798 6479 6797
f 6799 6481 6480
f 6799 6480 6798
f 6800 6482 6481
f 6800 6481 6799
f 6801 6483 6482
f 6801 6482 6800
f 6802 6484 6483
f 6802 6483 6801
f 6802 6486 6484
f 6487 6803 6488
f 6783 6447 6445
f 6778 6439 6440
f 6441 6439 6777
f 6441 6777 6779
f 6442 6778 6440
f 6442 6780 6778
f 6779 6443 6441
f 6781 6443 6779
f 6444 6780 6442
f 6444 6782 6780
f 6781 6445 6443
f 6783 6445 6781
f 6446 6782 6444
f 6446 6784 6782
f 6752 6759 6760
f 6785 6447 6783
f 6786 6784 6446
f 6786 6446 6448
f 6448 6447 6785
f 6448 6785 6786
f 6453 6787 6452
f 6787 6455 6452
f 6459 6788 6458
f 6789 6461 6458
f 6789 6458 6788
f 6789 6462 6461
f 6465 6790 6787
f 6465 6787 6453
f 6391 6733 6721
f 6714 6729 6715
f 6714 6728 6729
f 6715 6730 6716
f 6715 6729 6730
f 6716 6731 6717
f 6716 6730 6731
f 6717 6732 6718
f 6717 6731 6732
f 6732 6387 6388
f 6719 6732 6388
f 6718 6732 6719
f 6719 6388 6389
f 6719 6389 6720
f 6720 6389 6382
f 6713 6727 6728
f 6391 6721 6385
f 6721 6734 6722
f 6721 6733 6734
f 6722 6735 6723
f 6722 6734 6735
f 6723 6736 6724
f 6723 6735 6736
f 6724 6737 6725
f 6724 6736 6737
f 6725 6738 6726
f 6725 6737 6738
f 6726 6739 6727
f 6726 6738 6739
f 6385 6707 6380
f 6699 6717 6701
f 6699 6716 6717
f 6701 6718 6702
f 6701 6717 6718
f 6702 6719 6703
f 6702 6718 6719
f 6703 6720 6704
f 6703 6719 6720
f 6720 6382 6383
f 6705 6720 6383
f 6704 6720 6705
f 6705 6383 6376
f 6385 6721 6707
f 6727 6740 6728
f 6707 6722 6708
f 6707 6721 6722
f 6708 6723 6709
f 6708 6722 6723
f 6709 6724 6710
f 6709 6723 6724
f 6710 6725 6711
f 6710 6724 6725
f 6711 6726 6712
f 6711 6725 6726
f 6712 6727 6713
f 6712 6726 6727
f 6713 6728 6714
f 6746 6755 6756
f 6740 6750 6751
f 6751 6399 6400
f 6742 6751 6400
f 6741 6751 6742
f 6742 6400 6393
f 6401 6752 6743
f 6401 6743 6397
f 6743 6753 6744
f 6743 6752 6753
f 6744 6754 6745
f 6744 6753 6754
f 6745 6755 6746
f 6745 6754 6755
f 6746 6756 6747
f 6740 6751 6741
f 6747 6757 6748
f 6747 6756 6757
f 6748 6758 6749
f 6748 6757 6758
f 6758 6403 6404
f 6750 6758 6404
f 6749 6758 6750
f 6750 6404 6405
f 6750 6405 6751
f 6751 6405 6399
f 6407 6759 6752
f 6407 6752 6401
f 6752 6760 6753
f 6733 6744 6734
f 6727 6739 6740
f 6728 6741 6729
f 6728 6740 6741
f 6729 6742 6730
f 6729 6741 6742
f 6742 6393 6394
f 6731 6742 6394
f 6730 6742 6731
f 6731 6394 6395
f 6731 6395 6732
f 6732 6395 6387
f 6397 6743 6733
f 6397 6733 6391
f 5934 6109 6106
f 6733 6743 6744
f 6734 6745 6735
f 6734 6744 6745
f 6735 6746 6736
f 6735 6745 6746
f 6736 6747 6737
f 6736 6746 6747
f 6737 6748 6738
f 6737 6747 6748
f 6738 6749 6739
f 6738 6748 6749
f 6739 6750 6740
f 6739 6749 6750
f 5519 5541 5542
f 5530 5533 5532
f 5536 5535 5534
f 5536 5534 5514
f 5534 5513 5514
f 5534 5537 5513
f 5513 5538 5517
f 5513 5537 5538
f 5518 5517 5539
f 5517 5540 5539
f 5517 5538 5540
f 5539 5540 5520
f 5540 5519 5520
f 5540 5541 5519
f 5519 5542 5521
f 5532 5531 5530
f 5521 5543 5522
f 5521 5542 5543
f 5543 5256 5257
f 5523 5543 5257
f 5522 5543 5523
f 5523 5257 5258
f 5523 5258 5525
f 5248 5525 5258
f 5260 5261 5544
f 5264 5526 5250
f 5262 5260 5544
f 5526 5264 5265
f 5526 5265 5527
f 5248 5249 5504
f 5494 5495 5519
f 5519 5495 5520
f 5494 5521 5498
f 5494 5519 5521
f 5498 5522 5499
f 5498 5521 5522
f 5499 5523 5500
f 5499 5522 5523
f 5501 5500 5524
f 5500 5525 5524
f 5500 5523 5525
f 5524 5525 5503
f 5503 5525 5504
f 5525 5248 5504
f 5527 5265 5267
f 5504 5249 5250
f 5526 5504 5250
f 5507 5504 5526
f 5507 5527 5508
f 5507 5526 5527
f 5508 5528 5510
f 5508 5527 5528
f 5528 5253 5251
f 5511 5528 5251
f 5510 5528 5511
f 5511 5251 5245
f 5254 5512 5246
f 5254 5529 5512
f 5550 5298 5551
f 5541 5554 5542
f 5542 5281 5282
f 5542 5282 5543
f 5543 5282 5256
f 5286 5544 5261
f 5544 5286 5262
f 5291 5545 5269
f 5291 5555 5545
f 5557 5556 5293
f 5293 5556 5292
f 5293 5270 5546
f 5293 5546 5557
f 5296 5550 5278
f 5550 5296 5298
f 5542 5554 5281
f 5551 5298 5300
f 5551 5300 5552
f 5552 5300 5302
f 5552 5302 5553
f 5553 5302 5304
f 5553 5304 5554
f 5554 5304 5280
f 5309 5555 5291
f 5309 5558 5555
f 5561 5560 5559
f 5311 5312 5559
f 5312 5561 5559
f 5312 5562 5561
f 5276 5549 5274
f 5527 5267 5528
f 5528 5267 5253
f 5269 5529 5254
f 5269 5545 5529
f 5547 5546 5271
f 5271 5546 5270
f 5548 5271 5272
f 5548 5547 5271
f 5274 5530 5531
f 5548 5274 5531
f 5272 5274 5548
f 5549 5533 5530
f 5274 5549 5530
f 5517 5518 5516
f 5550 5534 5278
f 5534 5549 5278
f 5549 5276 5278
f 5534 5535 5549
f 5534 5551 5537
f 5534 5550 5551
f 5537 5552 5538
f 5537 5551 5552
f 5538 5553 5540
f 5538 5552 5553
f 5540 5554 5541
f 5540 5553 5554
f 5554 5280 5281
f 5463 5460 5473
f 5462 5461 5460
f 5460 5463 5462
f 5457 5464 5456
f 5224 5456 5464
f 5465 5224 5464
f 5227 5224 5465
f 5228 5459 5225
f 5228 5466 5459
f 5469 5468 5467
f 5471 5470 5467
f 5467 5470 5469
f 5470 5471 5461
f 5471 5460 5461
f 5471 5472 5460
f 5225 5459 5455
f 5473 5460 5472
f 5474 5230 5231
f 5475 5474 5231
f 5227 5475 5231
f 5465 5475 5227
f 5232 5466 5228
f 5232 5476 5466
f 5479 5478 5477
f 5481 5480 5477
f 5477 5480 5479
f 5480 5481 5468
f 5481 5467 5468
f 5481 5482 5467
f 5451 5217 5447
f 5445 5212 5444
f 5214 5212 5445
f 5215 5443 5213
f 5215 5446 5443
f 5449 5448 5447
f 5445 5449 5447
f 5217 5445 5447
f 5214 5445 5217
f 5218 5446 5215
f 5218 5450 5446
f 5447 5448 5451
f 5451 5448 5452
f 5451 5219 5217
f 5484 5471 5483
f 5220 5450 5218
f 5220 5453 5450
f 5451 5452 5222
f 5452 5221 5222
f 5452 5454 5221
f 5451 5222 5219
f 5223 5453 5220
f 5223 5455 5453
f 5458 5457 5456
f 5454 5458 5456
f 5224 5454 5456
f 5221 5454 5224
f 5225 5455 5223
f 5508 5489 5242
f 5482 5500 5501
f 5482 5481 5500
f 5502 5503 5482
f 5503 5504 5482
f 5505 5483 5482
f 5505 5482 5504
f 5507 5506 5504
f 5504 5506 5505
f 5507 5508 5242
f 5486 5507 5242
f 5234 5486 5242
f 5507 5486 5506
f 5242 5488 5243
f 5488 5242 5489
f 5502 5482 5501
f 5489 5508 5509
f 5510 5509 5508
f 5239 5243 5488
f 5510 5491 5509
f 5491 5510 5490
f 5511 5490 5510
f 5511 5245 5240
f 5511 5240 5490
f 5246 5493 5241
f 5246 5512 5493
f 5515 5514 5513
f 5517 5516 5513
f 5513 5516 5515
f 5240 5492 5490
f 5471 5482 5483
f 5471 5467 5482
f 5471 5484 5472
f 5472 5484 5485
f 5485 5473 5472
f 5235 5486 5234
f 5486 5235 5487
f 5489 5487 5488
f 5487 5236 5488
f 5487 5235 5236
f 5492 5491 5490
f 5236 5239 5488
f 5238 5230 5474
f 5312 5292 5556
f 5240 5475 5492
f 5240 5238 5474
f 5475 5240 5474
f 5241 5476 5232
f 5241 5493 5476
f 5496 5495 5494
f 5498 5497 5494
f 5494 5497 5496
f 5497 5498 5478
f 5498 5477 5478
f 5498 5499 5477
f 5477 5500 5481
f 5477 5499 5500
f 5638 5412 5411
f 5614 5626 5405
f 5389 5614 5405
f 5407 5405 5627
f 5631 5630 5629
f 5632 5408 5409
f 5633 5631 5629
f 5408 5632 5634
f 5635 5408 5634
f 5410 5408 5635
f 5392 5410 5616
f 5616 5410 5635
f 5411 5396 5636
f 5396 5637 5636
f 5396 5619 5637
f 5626 5627 5405
f 5638 5411 5636
f 5412 5638 5639
f 5640 5412 5639
f 5413 5412 5640
f 5413 5641 5414
f 5640 5641 5413
f 5414 5642 5415
f 5641 5642 5414
f 5415 5643 5416
f 5642 5643 5415
f 5416 5644 5417
f 5643 5644 5416
f 5400 5417 5620
f 5402 5610 5380
f 5616 5391 5392
f 5391 5617 5393
f 5615 5617 5391
f 5375 5393 5604
f 5604 5393 5617
f 5605 5394 5377
f 5605 5607 5618
f 5396 5605 5618
f 5619 5396 5618
f 5605 5396 5394
f 5618 5607 5608
f 5400 5620 5399
f 5620 5401 5399
f 5417 5645 5620
f 5402 5621 5610
f 5612 5622 5611
f 5611 5622 5383
f 5622 5403 5383
f 5622 5623 5403
f 5403 5624 5404
f 5623 5624 5403
f 5385 5404 5613
f 5404 5625 5613
f 5404 5624 5625
f 5613 5625 5614
f 5614 5625 5626
f 5626 5628 5627
f 5661 5433 5431
f 5426 5653 5423
f 5426 5656 5653
f 5655 5427 5425
f 5657 5427 5655
f 5428 5656 5426
f 5428 5658 5656
f 5657 5429 5427
f 5659 5429 5657
f 5430 5658 5428
f 5430 5660 5658
f 5659 5431 5429
f 5661 5431 5659
f 5432 5660 5430
f 5432 5662 5660
f 5425 5654 5655
f 5663 5433 5661
f 5434 5662 5432
f 5434 5664 5662
f 5663 5435 5433
f 5665 5435 5663
f 5436 5664 5434
f 5436 5666 5664
f 5665 5437 5435
f 5667 5437 5665
f 5438 5666 5436
f 5438 5668 5666
f 5667 5439 5437
f 5669 5439 5667
f 5632 5409 5420
f 5417 5644 5645
f 5401 5620 5645
f 5646 5401 5645
f 5418 5401 5646
f 5419 5621 5402
f 5419 5647 5621
f 5628 5648 5627
f 5630 5631 5648
f 5631 5420 5648
f 5407 5627 5648
f 5407 5648 5420
f 5631 5633 5420
f 5633 5649 5420
f 5616 5615 5391
f 5632 5420 5649
f 5632 5649 5634
f 5637 5650 5636
f 5636 5650 5638
f 5638 5650 5651
f 5638 5651 5639
f 5646 5422 5418
f 5652 5422 5646
f 5423 5647 5419
f 5423 5653 5647
f 5652 5654 5422
f 5422 5654 5424
f 5425 5424 5654
f 5577 5345 5573
f 5568 5328 5338
f 5574 5568 5338
f 5575 5568 5574
f 5575 5340 5341
f 5569 5575 5341
f 5568 5575 5569
f 5569 5341 5342
f 5569 5342 5570
f 5570 5342 5331
f 5572 5571 5343
f 5344 5572 5343
f 5576 5572 5344
f 5345 5343 5571
f 5573 5345 5571
f 5337 5574 5338
f 5346 5574 5337
f 5574 5346 5347
f 5574 5347 5575
f 5575 5347 5340
f 5348 5576 5344
f 5348 5578 5576
f 5577 5350 5345
f 5579 5350 5577
f 5351 5578 5348
f 5351 5580 5578
f 5579 5353 5350
f 5581 5353 5579
f 5354 5580 5351
f 5569 5327 5568
f 5312 5556 5562
f 5316 5563 5317
f 5563 5319 5317
f 5322 5558 5309
f 5322 5564 5558
f 5567 5566 5565
f 5567 5565 5560
f 5560 5565 5559
f 5565 5324 5559
f 5324 5325 5559
f 5559 5325 5311
f 5328 5568 5327
f 5569 5329 5327
f 5354 5582 5580
f 5570 5330 5329
f 5570 5329 5569
f 5570 5331 5330
f 5332 5563 5316
f 5563 5332 5319
f 5322 5333 5571
f 5572 5322 5571
f 5564 5322 5572
f 5566 5573 5565
f 5573 5333 5565
f 5333 5335 5565
f 5333 5573 5571
f 5565 5335 5324
f 5599 5605 5601
f 5595 5370 5368
f 5597 5370 5595
f 5598 5596 5369
f 5598 5369 5371
f 5371 5370 5597
f 5371 5597 5598
f 5601 5600 5599
f 5602 5599 5600
f 5604 5603 5374
f 5604 5374 5375
f 5606 5605 5377
f 5374 5606 5377
f 5603 5606 5374
f 5605 5606 5601
f 5369 5596 5594
f 5607 5605 5599
f 5599 5602 5608
f 5599 5608 5607
f 5610 5609 5379
f 5610 5379 5380
f 5609 5612 5611
f 5381 5609 5611
f 5379 5609 5381
f 5611 5383 5381
f 5385 5613 5386
f 5614 5387 5386
f 5614 5386 5613
f 5614 5389 5387
f 5589 5362 5587
f 5581 5355 5353
f 5583 5355 5581
f 5356 5582 5354
f 5356 5584 5582
f 5583 5358 5355
f 5585 5358 5583
f 5359 5584 5356
f 5359 5586 5584
f 5585 5360 5358
f 5587 5360 5585
f 5361 5586 5359
f 5361 5588 5586
f 5587 5362 5360
f 5212 5441 5444
f 5363 5588 5361
f 5363 5590 5588
f 5589 5364 5362
f 5591 5364 5589
f 5365 5590 5363
f 5365 5592 5590
f 5591 5366 5364
f 5593 5366 5591
f 5367 5592 5365
f 5367 5594 5592
f 5593 5368 5366
f 5595 5368 5593
f 5369 5594 5367
f 5287 5308 5288
f 5056 5057 5279
f 5279 5057 5058
f 5306 5279 5058
f 5283 5279 5306
f 5283 5307 5284
f 5283 5306 5307
f 5307 5060 5061
f 5285 5307 5061
f 5284 5307 5285
f 5285 5061 5062
f 5308 5285 5062
f 5287 5285 5308
f 5308 5064 5065
f 5288 5308 5065
f 5305 5056 5279
f 5288 5065 5066
f 5288 5066 5289
f 5289 5066 5068
f 5289 5068 5290
f 5290 5068 5046
f 5069 5291 5047
f 5069 5309 5291
f 5312 5311 5310
f 5292 5312 5310
f 5071 5292 5310
f 5049 5292 5071
f 5072 5313 5073
f 5314 5074 5073
f 5275 5294 5295
f 5290 5046 5039
f 5290 5039 5268
f 5047 5269 5041
f 5047 5291 5269
f 5293 5292 5050
f 5050 5292 5049
f 5050 5043 5270
f 5050 5270 5293
f 5052 5273 5045
f 5273 5052 5054
f 5294 5273 5054
f 5275 5273 5294
f 5275 5295 5277
f 5314 5073 5313
f 5278 5277 5296
f 5277 5297 5296
f 5277 5295 5297
f 5299 5298 5297
f 5297 5298 5296
f 5301 5300 5299
f 5299 5300 5298
f 5303 5302 5301
f 5301 5302 5300
f 5305 5304 5303
f 5303 5304 5302
f 5304 5305 5280
f 5280 5305 5279
f 5315 5314 5095
f 5325 5323 5311
f 5323 5310 5311
f 5323 5326 5310
f 5310 5326 5071
f 5326 5327 5071
f 5327 5092 5071
f 5326 5328 5327
f 5072 5092 5313
f 5092 5329 5313
f 5092 5327 5329
f 5313 5329 5314
f 5314 5329 5330
f 5331 5094 5095
f 5314 5331 5095
f 5325 5324 5323
f 5330 5331 5314
f 5332 5316 5315
f 5095 5332 5315
f 5096 5332 5095
f 5098 5318 5319
f 5332 5098 5319
f 5096 5098 5332
f 5318 5098 5100
f 5318 5100 5320
f 5320 5100 5102
f 5320 5102 5321
f 5321 5102 5076
f 5105 5334 5333
f 5321 5076 5077
f 5294 5054 5074
f 5314 5294 5074
f 5315 5294 5314
f 5317 5295 5316
f 5295 5315 5316
f 5295 5294 5315
f 5319 5318 5317
f 5318 5295 5317
f 5318 5297 5295
f 5297 5320 5299
f 5297 5318 5320
f 5299 5321 5301
f 5299 5320 5321
f 5266 5289 5290
f 5303 5321 5077
f 5301 5321 5303
f 5303 5077 5078
f 5303 5078 5305
f 5305 5078 5056
f 5081 5306 5058
f 5306 5081 5083
f 5306 5083 5307
f 5307 5083 5060
f 5086 5308 5062
f 5308 5086 5064
f 5091 5309 5069
f 5091 5322 5309
f 5030 5232 5027
f 5227 5229 5226
f 5229 5025 5226
f 5025 5026 5226
f 5226 5026 5022
f 5027 5228 5023
f 5027 5232 5228
f 5235 5234 5233
f 5237 5236 5233
f 5233 5236 5235
f 5238 5229 5230
f 5237 5239 5236
f 5025 5229 5238
f 5240 5025 5238
f 5029 5025 5240
f 5231 5229 5227
f 5030 5241 5232
f 5234 5242 5233
f 5233 5242 5237
f 5237 5242 5243
f 5244 5032 5033
f 5243 5239 5237
f 5245 5244 5033
f 5029 5245 5033
f 5240 5245 5029
f 5034 5241 5030
f 5034 5246 5241
f 5249 5248 5247
f 5247 5250 5249
f 5016 5219 5222
f 5006 5217 5009
f 5214 5217 5006
f 5010 5215 5007
f 5010 5218 5215
f 5216 5011 5008
f 5012 5011 5216
f 5217 5012 5216
f 5219 5012 5217
f 5013 5218 5010
f 5013 5220 5218
f 5222 5221 5016
f 5016 5221 5015
f 5016 5012 5219
f 5035 5032 5244
f 5017 5220 5013
f 5017 5223 5220
f 5221 5019 5015
f 5224 5019 5221
f 5020 5223 5017
f 5020 5225 5223
f 5021 5019 5226
f 5019 5227 5226
f 5019 5224 5227
f 5226 5022 5021
f 5023 5225 5020
f 5023 5228 5225
f 5231 5230 5229
f 5282 5283 5256
f 5041 5269 5254
f 5271 5270 5044
f 5044 5270 5043
f 5273 5272 5045
f 5272 5044 5045
f 5272 5271 5044
f 5275 5274 5273
f 5273 5274 5272
f 5277 5276 5275
f 5275 5276 5274
f 5277 5278 5276
f 5281 5280 5279
f 5283 5282 5279
f 5279 5282 5281
f 5041 5254 5037
f 5283 5255 5256
f 5283 5284 5255
f 5255 5285 5259
f 5255 5284 5285
f 5261 5259 5286
f 5259 5287 5286
f 5259 5285 5287
f 5286 5287 5262
f 5287 5263 5262
f 5287 5288 5263
f 5263 5289 5266
f 5263 5288 5289
f 5266 5290 5268
f 5248 5259 5247
f 5253 5252 5251
f 5036 5251 5252
f 5036 5245 5251
f 5036 5035 5244
f 5245 5036 5244
f 5037 5246 5034
f 5037 5254 5246
f 5257 5256 5255
f 5259 5258 5255
f 5255 5258 5257
f 5261 5260 5259
f 5260 5247 5259
f 5248 5258 5259
f 5322 5105 5333
f 5260 5262 5247
f 5262 5263 5247
f 5264 5250 5247
f 5264 5247 5263
f 5266 5265 5263
f 5263 5265 5264
f 5268 5267 5266
f 5266 5267 5265
f 5267 5268 5253
f 5253 5268 5252
f 5268 5039 5252
f 5039 5040 5252
f 5252 5040 5036
f 5168 5183 5392
f 5383 5403 5382
f 5382 5403 5384
f 5384 5403 5404
f 5384 5404 5385
f 5389 5405 5388
f 5407 5406 5405
f 5406 5388 5405
f 5406 5390 5388
f 5390 5406 5166
f 5406 5408 5166
f 5408 5182 5166
f 5406 5409 5408
f 5182 5410 5183
f 5408 5410 5182
f 5181 5402 5380
f 5392 5183 5410
f 5396 5411 5395
f 5395 5411 5397
f 5397 5411 5412
f 5397 5412 5398
f 5398 5412 5413
f 5398 5413 5174
f 5413 5184 5174
f 5413 5414 5184
f 5184 5415 5185
f 5414 5415 5184
f 5185 5416 5186
f 5415 5416 5185
f 5396 5395 5394
f 5162 5387 5163
f 5390 5164 5163
f 5390 5163 5388
f 5390 5166 5164
f 5392 5391 5169
f 5392 5169 5168
f 5169 5393 5170
f 5391 5393 5169
f 5373 5171 5375
f 5171 5393 5375
f 5171 5170 5393
f 5377 5394 5376
f 5171 5373 5152
f 5186 5417 5187
f 5395 5376 5394
f 5395 5378 5376
f 5397 5172 5156
f 5378 5397 5156
f 5395 5397 5378
f 5398 5173 5172
f 5398 5172 5397
f 5398 5174 5173
f 5400 5399 5179
f 5400 5179 5178
f 5180 5179 5399
f 5180 5399 5401
f 5181 5380 5157
f 5437 5206 5435
f 5199 5430 5428
f 5429 5200 5198
f 5431 5200 5429
f 5201 5430 5199
f 5201 5432 5430
f 5431 5202 5200
f 5433 5202 5431
f 5203 5432 5201
f 5203 5434 5432
f 5433 5204 5202
f 5435 5204 5433
f 5205 5434 5203
f 5205 5436 5434
f 5435 5206 5204
f 5199 5428 5197
f 5207 5436 5205
f 5207 5438 5436
f 5437 5209 5206
f 5439 5209 5437
f 5210 5438 5207
f 5210 5440 5438
f 5211 5209 5441
f 5209 5442 5441
f 5209 5439 5442
f 5441 5212 5211
f 5213 5440 5210
f 5213 5443 5440
f 5442 5444 5441
f 5193 5419 5190
f 5416 5417 5186
f 5178 5187 5400
f 5400 5187 5417
f 5401 5189 5180
f 5418 5189 5401
f 5190 5402 5181
f 5190 5419 5402
f 5407 5420 5406
f 5406 5420 5409
f 5191 5189 5421
f 5189 5422 5421
f 5189 5418 5422
f 5421 5192 5191
f 5163 5387 5388
f 5193 5423 5419
f 5422 5424 5421
f 5192 5421 5424
f 5425 5192 5424
f 5194 5192 5425
f 5195 5423 5193
f 5195 5426 5423
f 5425 5196 5194
f 5427 5196 5425
f 5197 5426 5195
f 5197 5428 5426
f 5427 5198 5196
f 5429 5198 5427
f 5352 5124 5122
f 5346 5337 5336
f 5346 5336 5339
f 5346 5339 5347
f 5347 5339 5340
f 5119 5344 5117
f 5119 5348 5344
f 5120 5118 5349
f 5118 5350 5349
f 5118 5345 5350
f 5349 5122 5120
f 5123 5348 5119
f 5123 5351 5348
f 5349 5350 5352
f 5352 5350 5353
f 5118 5107 5345
f 5352 5122 5349
f 5125 5351 5123
f 5125 5354 5351
f 5352 5353 5127
f 5353 5126 5127
f 5353 5355 5126
f 5352 5127 5124
f 5128 5354 5125
f 5128 5356 5354
f 5129 5126 5357
f 5126 5358 5357
f 5126 5355 5358
f 5357 5130 5129
f 5339 5111 5113
f 5091 5105 5322
f 5107 5108 5334
f 5108 5333 5334
f 5108 5335 5333
f 5109 5323 5324
f 5335 5109 5324
f 5108 5109 5335
f 5111 5336 5109
f 5337 5109 5336
f 5109 5337 5323
f 5338 5323 5337
f 5323 5338 5326
f 5326 5338 5328
f 5131 5356 5128
f 5111 5339 5336
f 5339 5113 5340
f 5113 5341 5340
f 5113 5114 5341
f 5342 5114 5115
f 5342 5341 5114
f 5115 5094 5331
f 5115 5331 5342
f 5344 5343 5334
f 5105 5344 5334
f 5117 5344 5105
f 5107 5334 5343
f 5345 5107 5343
f 5372 5379 5150
f 5146 5370 5371
f 5148 5372 5147
f 5372 5150 5147
f 5375 5374 5373
f 5374 5152 5373
f 5374 5153 5152
f 5374 5377 5376
f 5153 5374 5376
f 5378 5155 5153
f 5378 5153 5376
f 5378 5156 5155
f 5380 5379 5372
f 5148 5380 5372
f 5157 5380 5148
f 5146 5145 5370
f 5379 5158 5150
f 5379 5381 5158
f 5381 5383 5382
f 5159 5381 5382
f 5158 5381 5159
f 5384 5160 5159
f 5384 5159 5382
f 5160 5384 5385
f 5386 5160 5385
f 5161 5160 5386
f 5161 5387 5162
f 5386 5387 5161
f 5387 5389 5388
f 5140 5363 5138
f 5131 5359 5356
f 5357 5358 5134
f 5358 5133 5134
f 5358 5360 5133
f 5357 5134 5130
f 5135 5359 5131
f 5135 5361 5359
f 5360 5137 5133
f 5362 5137 5360
f 5138 5361 5135
f 5138 5363 5361
f 5362 5139 5137
f 5364 5139 5362
f 5440 5668 5438
f 5140 5365 5363
f 5364 5141 5139
f 5366 5141 5364
f 5142 5365 5140
f 5142 5367 5365
f 5366 5143 5141
f 5368 5143 5366
f 5144 5367 5142
f 5144 5369 5367
f 5368 5145 5143
f 5370 5145 5368
f 5371 5369 5144
f 5371 5144 5146
f 5794 5792 5965
f 5789 5959 5957
f 5958 5790 5788
f 5960 5790 5958
f 5791 5962 5961
f 5959 5791 5961
f 5789 5791 5959
f 5960 5961 5962
f 5792 5960 5962
f 5790 5960 5792
f 5964 5963 5962
f 5791 5964 5962
f 5793 5964 5791
f 5792 5962 5963
f 5965 5792 5963
f 5789 5957 5787
f 5795 5964 5793
f 5795 5966 5964
f 5965 5796 5794
f 5967 5796 5965
f 5968 5966 5795
f 5968 5795 5797
f 5797 5796 5967
f 5797 5967 5968
f 5803 5969 5802
f 5969 5804 5802
f 5971 5970 5969
f 5803 5971 5969
f 5809 5971 5803
f 5950 5782 5780
f 5945 5774 5942
f 5945 5776 5774
f 5946 5942 5943
f 5777 5944 5775
f 5777 5947 5944
f 5945 5778 5776
f 5948 5778 5945
f 5779 5947 5777
f 5779 5949 5947
f 5948 5780 5778
f 5950 5780 5948
f 5781 5949 5779
f 5781 5951 5949
f 5969 5970 5804
f 5952 5782 5950
f 5783 5951 5781
f 5783 5953 5951
f 5952 5784 5782
f 5954 5784 5952
f 5785 5953 5783
f 5785 5955 5953
f 5954 5786 5784
f 5956 5786 5954
f 5787 5955 5785
f 5787 5957 5955
f 5956 5788 5786
f 5958 5788 5956
f 5835 5996 5836
f 5989 5828 5988
f 5990 5830 5829
f 5990 5829 5989
f 5991 5831 5830
f 5991 5830 5990
f 5992 5832 5831
f 5992 5831 5991
f 5992 5833 5832
f 5834 5971 5809
f 5834 5993 5971
f 5975 5994 5974
f 5974 5994 5814
f 5994 5835 5814
f 5994 5995 5835
f 5989 5829 5828
f 5995 5996 5835
f 5976 5837 5978
f 5837 5996 5978
f 5837 5836 5996
f 5837 5976 5817
f 5981 5997 5980
f 5980 5997 5982
f 5985 5998 5984
f 5984 5998 5986
f 5986 5998 5999
f 5986 5999 5987
f 5987 5999 6000
f 5987 6000 5825
f 5819 5979 5980
f 5970 5810 5804
f 5970 5972 5810
f 5810 5973 5811
f 5972 5973 5810
f 5973 5975 5974
f 5812 5973 5974
f 5811 5973 5812
f 5974 5814 5812
f 5978 5977 5976
f 5816 5817 5976
f 5977 5816 5976
f 5979 5816 5977
f 5979 5981 5980
f 5946 5945 5942
f 5816 5979 5819
f 5819 5980 5982
f 5983 5819 5982
f 5820 5819 5983
f 5983 5985 5984
f 5821 5983 5984
f 5820 5983 5821
f 5986 5822 5821
f 5986 5821 5984
f 5987 5823 5822
f 5987 5822 5986
f 5987 5825 5823
f 5827 5988 5828
f 5910 5711 5724
f 5898 5714 5712
f 5898 5904 5714
f 5897 5712 5698
f 5715 5899 5699
f 5715 5905 5899
f 5908 5907 5906
f 5717 5718 5906
f 5718 5908 5906
f 5718 5909 5908
f 5718 5701 5900
f 5718 5900 5909
f 5720 5902 5703
f 5902 5720 5705
f 5910 5903 5711
f 5897 5898 5712
f 5724 5714 5904
f 5724 5904 5910
f 5727 5905 5715
f 5727 5911 5905
f 5913 5912 5730
f 5730 5912 5729
f 5731 5906 5907
f 5913 5731 5907
f 5730 5731 5913
f 5906 5731 5717
f 5738 5911 5727
f 5738 5914 5911
f 5916 5915 5741
f 5901 5900 5702
f 5894 5692 5880
f 5692 5693 5880
f 5880 5693 5683
f 5696 5895 5885
f 5696 5885 5687
f 5886 5885 5896
f 5896 5885 5895
f 5887 5888 5897
f 5897 5888 5898
f 5897 5698 5689
f 5897 5689 5887
f 5699 5889 5690
f 5699 5899 5889
f 5741 5915 5740
f 5702 5900 5701
f 5902 5890 5703
f 5890 5901 5703
f 5901 5702 5703
f 5890 5891 5901
f 5902 5705 5706
f 5894 5902 5706
f 5890 5902 5894
f 5894 5706 5692
f 5709 5895 5696
f 5709 5711 5895
f 5711 5896 5895
f 5711 5903 5896
f 5770 5934 5767
f 5765 5931 5929
f 5765 5932 5931
f 5933 5765 5766
f 5933 5932 5765
f 5766 5760 5926
f 5766 5926 5933
f 5767 5928 5762
f 5767 5934 5928
f 5937 5936 5935
f 5937 5935 5930
f 5930 5935 5929
f 5935 5768 5929
f 5768 5769 5929
f 5929 5769 5764
f 5764 5765 5929
f 5770 5938 5934
f 5935 5936 5772
f 5936 5771 5772
f 5936 5939 5771
f 5935 5772 5768
f 5773 5938 5770
f 5773 5940 5938
f 5942 5774 5941
f 5774 5939 5941
f 5774 5771 5939
f 5943 5942 5941
f 5775 5940 5773
f 5775 5944 5940
f 5756 5922 5755
f 5917 5741 5742
f 5917 5916 5741
f 5742 5729 5912
f 5742 5912 5917
f 5747 5914 5738
f 5747 5918 5914
f 5920 5919 5750
f 5750 5919 5749
f 5750 5740 5915
f 5750 5915 5920
f 5753 5918 5747
f 5753 5921 5918
f 5923 5922 5756
f 6000 5838 5825
f 5924 5756 5757
f 5924 5923 5756
f 5757 5749 5919
f 5757 5919 5924
f 5759 5921 5753
f 5759 5925 5921
f 5927 5926 5761
f 5761 5926 5760
f 5761 5755 5922
f 5761 5922 5927
f 5762 5925 5759
f 5762 5928 5925
f 5931 5930 5929
f 6077 6075 6070
f 6073 6072 6069
f 6069 6072 6071
f 6072 6073 6063
f 6063 6073 6062
f 6073 5907 6062
f 5907 5908 6062
f 6062 5908 5909
f 6062 5909 6066
f 6066 5909 5900
f 5910 6067 5903
f 6067 5910 5904
f 5911 6068 5905
f 5911 6074 6068
f 6077 6076 6075
f 6071 6070 6069
f 6075 6069 6070
f 6075 6078 6069
f 6078 5912 5913
f 6073 6078 5913
f 6069 6078 6073
f 6073 5913 5907
f 5914 6074 5911
f 5914 6079 6074
f 6082 6081 6080
f 6084 6083 6080
f 6080 6083 6082
f 6083 6084 6076
f 6076 6084 6075
f 6064 6063 6062
f 5891 5892 6056
f 5892 6058 6056
f 5892 6059 6058
f 5893 6050 6051
f 6059 5893 6051
f 5892 5893 6059
f 6050 5893 5881
f 5896 6060 6054
f 5896 6054 5886
f 6060 5898 5888
f 6060 5888 6054
f 5899 6055 5889
f 5899 6061 6055
f 6084 5915 6075
f 6066 6065 6062
f 6062 6065 6064
f 6065 6066 6057
f 6057 6066 6056
f 6066 5900 6056
f 5900 5901 6056
f 6056 5901 5891
f 5903 6067 6060
f 5903 6060 5896
f 6067 5904 5898
f 6067 5898 6060
f 5905 6061 5899
f 5905 6068 6061
f 5928 6106 6105
f 6090 5924 6091
f 6091 5924 5919
f 5925 6092 5921
f 5925 6099 6092
f 6102 6101 6100
f 6102 6100 6094
f 6100 6093 6094
f 6100 6103 6093
f 6093 6104 6097
f 6093 6103 6104
f 6104 5926 5927
f 6098 6104 5927
f 6097 6104 6098
f 6098 5927 5922
f 6090 5923 5924
f 6099 5928 6105
f 5925 5928 6099
f 6108 6107 6106
f 6106 6107 6105
f 6107 6108 6101
f 6101 6108 6100
f 6108 5930 6100
f 5930 5931 6100
f 6100 5931 5932
f 6100 5932 6103
f 6103 5932 5933
f 6103 5933 6104
f 6104 5933 5926
f 6084 6091 5920
f 5915 5916 6075
f 6075 5916 5917
f 6075 5917 6078
f 6078 5917 5912
f 5918 6079 5914
f 5918 6085 6079
f 6088 6087 6086
f 6090 6089 6086
f 6086 6089 6088
f 6089 6090 6081
f 6090 6080 6081
f 6090 6091 6080
f 6091 5919 5920
f 6058 6057 6056
f 6080 6091 6084
f 6084 5920 5915
f 5921 6085 5918
f 5921 6092 6085
f 6095 6094 6093
f 6097 6096 6093
f 6093 6096 6095
f 6096 6097 6087
f 6097 6086 6087
f 6097 6098 6086
f 6098 5922 5923
f 6090 6098 5923
f 6086 6098 6090
f 5850 6021 6019
f 6010 6013 5844
f 5842 6010 5844
f 6014 5845 5844
f 5846 6011 5843
f 5846 6016 6011
f 6015 6017 6014
f 5845 6014 6017
f 6018 5845 6017
f 5847 5845 6018
f 5848 6016 5846
f 5848 6019 6016
f 6018 5849 5847
f 6020 5849 6018
f 5850 6019 5848
f 6013 6014 5844
f 6020 5851 5849
f 6022 5851 6020
f 5852 6021 5850
f 5852 6023 6021
f 6022 5853 5851
f 6024 5853 6022
f 5854 6023 5852
f 5854 6025 6023
f 6024 5855 5853
f 6026 5855 6024
f 5856 6025 5854
f 5856 6027 6025
f 6026 5857 5855
f 5990 6006 6007
f 6000 6001 5838
f 5838 6002 5839
f 6001 6002 5838
f 5839 6003 5840
f 6002 6003 5839
f 5840 6004 5841
f 6003 6004 5840
f 5827 5841 5988
f 5841 6005 5988
f 5841 6004 6005
f 5988 6005 5989
f 5989 6005 6006
f 5989 6006 5990
f 6028 5857 6026
f 6009 6008 6007
f 6008 5990 6007
f 6008 5991 5990
f 5991 6010 5992
f 5991 6008 6010
f 6010 5842 5833
f 6010 5833 5992
f 5843 5993 5834
f 5843 6011 5993
f 6009 6012 6008
f 6008 6012 6010
f 6010 6012 6013
f 6013 6015 6014
f 5882 6052 6050
f 5875 6045 6043
f 5875 6046 6045
f 6047 6038 5876
f 6038 6046 5876
f 6046 5875 5876
f 6038 6039 6046
f 6048 5877 5870
f 6038 6048 5870
f 6047 6048 6038
f 6048 5878 5877
f 5879 6042 5872
f 5879 6049 6042
f 6052 6051 6050
f 5881 5882 6050
f 5874 5875 6043
f 5882 6053 6052
f 5883 6043 6044
f 6053 5883 6044
f 5882 5883 6053
f 6043 5883 5874
f 5884 6047 5876
f 6047 5884 5886
f 6054 6047 5886
f 6048 6047 6054
f 6054 5888 5878
f 6054 5878 6048
f 5889 6049 5879
f 5889 6055 6049
f 5865 5866 6036
f 5858 6027 5856
f 5858 6029 6027
f 6028 5859 5857
f 6030 5859 6028
f 5860 6029 5858
f 5860 6031 6029
f 6030 5861 5859
f 6032 5861 6030
f 5862 6031 5860
f 5862 6033 6031
f 6034 5864 5865
f 6034 5865 6035
f 5865 6036 6035
f 5881 5894 5880
f 5866 5861 6032
f 5866 6032 6036
f 5868 6033 5862
f 5868 6037 6033
f 6040 6039 6038
f 6041 6040 6034
f 6040 5870 6034
f 5870 5864 6034
f 6040 6038 5870
f 6041 6034 6035
f 5872 6037 5868
f 5872 6042 6037
f 6045 6044 6043
f 5748 5751 5739
f 5734 5497 5478
f 5501 5746 5502
f 5505 5735 5483
f 5503 5502 5746
f 5735 5505 5506
f 5735 5506 5736
f 5736 5506 5486
f 5509 5737 5489
f 5737 5509 5491
f 5512 5738 5493
f 5512 5747 5738
f 5750 5749 5748
f 5750 5748 5740
f 5748 5739 5740
f 5733 5497 5734
f 5751 5514 5515
f 5743 5751 5515
f 5739 5751 5743
f 5743 5515 5516
f 5743 5516 5744
f 5744 5516 5518
f 5752 5744 5518
f 5745 5744 5752
f 5752 5520 5495
f 5752 5495 5745
f 5524 5746 5501
f 5746 5524 5503
f 5529 5747 5512
f 5493 5727 5476
f 5736 5485 5484
f 5736 5484 5735
f 5736 5473 5485
f 5736 5723 5473
f 5736 5486 5487
f 5723 5736 5487
f 5723 5487 5489
f 5737 5723 5489
f 5725 5723 5737
f 5737 5491 5492
f 5726 5737 5492
f 5725 5737 5726
f 5726 5492 5475
f 5529 5753 5747
f 5493 5738 5727
f 5741 5740 5739
f 5743 5742 5739
f 5739 5742 5741
f 5742 5743 5729
f 5743 5728 5729
f 5743 5744 5728
f 5728 5745 5732
f 5728 5744 5745
f 5745 5495 5496
f 5733 5745 5496
f 5732 5745 5733
f 5733 5496 5497
f 5772 5771 5567
f 5557 5765 5763
f 5557 5766 5765
f 5557 5546 5760
f 5557 5760 5766
f 5558 5762 5555
f 5558 5767 5762
f 5769 5768 5561
f 5561 5768 5560
f 5562 5763 5764
f 5769 5562 5764
f 5561 5562 5769
f 5763 5562 5556
f 5564 5767 5558
f 5564 5770 5767
f 5556 5557 5763
f 5567 5771 5566
f 5567 5560 5768
f 5567 5768 5772
f 5572 5770 5564
f 5572 5773 5770
f 5771 5573 5566
f 5774 5573 5771
f 5576 5773 5572
f 5576 5775 5773
f 5774 5577 5573
f 5776 5577 5774
f 5578 5775 5576
f 5578 5777 5775
f 5752 5539 5520
f 5756 5755 5754
f 5531 5532 5754
f 5532 5756 5754
f 5532 5757 5756
f 5758 5748 5533
f 5748 5757 5533
f 5757 5532 5533
f 5748 5749 5757
f 5758 5535 5536
f 5751 5758 5536
f 5748 5758 5751
f 5751 5536 5514
f 5539 5752 5518
f 5483 5735 5484
f 5545 5753 5529
f 5545 5759 5753
f 5761 5760 5547
f 5547 5760 5546
f 5548 5754 5755
f 5761 5548 5755
f 5547 5548 5761
f 5754 5548 5531
f 5549 5758 5533
f 5758 5549 5535
f 5555 5759 5545
f 5555 5762 5759
f 5765 5764 5763
f 5698 5697 5458
f 5452 5678 5688
f 5689 5452 5688
f 5454 5452 5689
f 5455 5681 5453
f 5455 5690 5681
f 5693 5692 5691
f 5693 5691 5683
f 5691 5682 5683
f 5691 5694 5682
f 5682 5695 5686
f 5682 5694 5695
f 5687 5686 5696
f 5696 5686 5695
f 5697 5457 5458
f 5679 5688 5678
f 5454 5698 5458
f 5689 5698 5454
f 5459 5690 5455
f 5459 5699 5690
f 5702 5701 5700
f 5700 5703 5702
f 5706 5705 5704
f 5706 5704 5692
f 5704 5691 5692
f 5704 5707 5691
f 5691 5708 5694
f 5691 5707 5708
f 5708 5461 5462
f 5674 5676 5448
f 5440 5670 5668
f 5669 5442 5439
f 5671 5442 5669
f 5443 5670 5440
f 5443 5672 5670
f 5444 5442 5673
f 5442 5674 5673
f 5442 5671 5674
f 5673 5445 5444
f 5446 5672 5443
f 5446 5675 5672
f 5673 5674 5449
f 5674 5448 5449
f 5695 5708 5462
f 5673 5449 5445
f 5450 5675 5446
f 5450 5677 5675
f 5680 5679 5678
f 5676 5680 5678
f 5452 5676 5678
f 5448 5676 5452
f 5453 5677 5450
f 5453 5681 5677
f 5684 5683 5682
f 5686 5685 5682
f 5682 5685 5684
f 5686 5687 5685
f 5730 5729 5728
f 5707 5470 5708
f 5708 5470 5461
f 5473 5723 5710
f 5473 5710 5463
f 5711 5710 5724
f 5710 5725 5724
f 5710 5723 5725
f 5724 5725 5714
f 5725 5713 5714
f 5725 5726 5713
f 5726 5475 5465
f 5726 5465 5713
f 5476 5715 5466
f 5476 5727 5715
f 5707 5469 5470
f 5732 5731 5728
f 5728 5731 5730
f 5731 5732 5717
f 5732 5716 5717
f 5732 5733 5716
f 5716 5734 5719
f 5716 5733 5734
f 5734 5478 5479
f 5721 5734 5479
f 5719 5734 5721
f 5721 5479 5480
f 5721 5480 5722
f 5722 5480 5468
f 5466 5715 5699
f 5694 5708 5695
f 5710 5709 5463
f 5463 5709 5462
f 5709 5696 5462
f 5696 5695 5462
f 5710 5711 5709
f 5464 5457 5697
f 5714 5713 5712
f 5465 5712 5713
f 5465 5698 5712
f 5465 5464 5697
f 5698 5465 5697
f 5466 5699 5459
f 5776 5579 5577
f 5718 5717 5716
f 5718 5716 5701
f 5716 5700 5701
f 5716 5719 5700
f 5703 5700 5720
f 5700 5721 5720
f 5700 5719 5721
f 5720 5721 5705
f 5721 5704 5705
f 5721 5722 5704
f 5722 5468 5469
f 5707 5722 5469
f 5704 5722 5707
f 5851 5661 5849
f 5652 5844 5654
f 5655 5654 5844
f 5655 5844 5845
f 5656 5843 5653
f 5656 5846 5843
f 5845 5657 5655
f 5847 5657 5845
f 5658 5846 5656
f 5658 5848 5846
f 5847 5659 5657
f 5849 5659 5847
f 5660 5848 5658
f 5660 5850 5848
f 5849 5661 5659
f 5842 5844 5652
f 5662 5850 5660
f 5662 5852 5850
f 5851 5663 5661
f 5853 5663 5851
f 5664 5852 5662
f 5664 5854 5852
f 5853 5665 5663
f 5855 5665 5853
f 5666 5854 5664
f 5666 5856 5854
f 5855 5667 5665
f 5857 5667 5855
f 5668 5856 5666
f 5825 5838 5824
f 5646 5832 5833
f 5647 5809 5621
f 5647 5834 5809
f 5814 5835 5813
f 5813 5835 5815
f 5815 5835 5836
f 5815 5836 5628
f 5836 5648 5628
f 5836 5837 5648
f 5630 5648 5817
f 5817 5648 5837
f 5818 5649 5633
f 5649 5818 5634
f 5668 5858 5856
f 5824 5838 5637
f 5838 5650 5637
f 5838 5839 5650
f 5650 5840 5651
f 5839 5840 5650
f 5639 5651 5826
f 5651 5841 5826
f 5651 5840 5841
f 5826 5841 5827
f 5833 5652 5646
f 5842 5652 5833
f 5653 5834 5647
f 5653 5843 5834
f 5687 5884 5685
f 5869 5878 5680
f 5871 5869 5680
f 5877 5878 5869
f 5871 5680 5676
f 5681 5872 5677
f 5681 5879 5872
f 5882 5881 5880
f 5683 5684 5880
f 5684 5882 5880
f 5684 5883 5882
f 5685 5873 5874
f 5883 5685 5874
f 5684 5685 5883
f 5885 5884 5687
f 5878 5679 5680
f 5884 5876 5685
f 5876 5873 5685
f 5885 5886 5884
f 5688 5679 5887
f 5679 5888 5887
f 5679 5878 5888
f 5887 5689 5688
f 5690 5879 5681
f 5690 5889 5879
f 5892 5891 5890
f 5894 5893 5890
f 5890 5893 5892
f 5893 5894 5881
f 5671 5861 5674
f 5857 5669 5667
f 5859 5669 5857
f 5670 5858 5668
f 5670 5860 5858
f 5859 5671 5669
f 5861 5671 5859
f 5672 5860 5670
f 5672 5862 5860
f 5865 5864 5863
f 5867 5866 5863
f 5863 5866 5865
f 5861 5866 5867
f 5674 5861 5867
f 5646 5645 5832
f 5675 5862 5672
f 5675 5868 5862
f 5863 5864 5869
f 5869 5864 5870
f 5863 5871 5867
f 5863 5869 5871
f 5871 5676 5674
f 5871 5674 5867
f 5677 5868 5675
f 5677 5872 5868
f 5875 5874 5873
f 5873 5876 5875
f 5870 5877 5869
f 5798 5602 5600
f 5792 5593 5790
f 5594 5791 5592
f 5594 5793 5791
f 5792 5595 5593
f 5794 5595 5792
f 5596 5793 5594
f 5596 5795 5793
f 5794 5597 5595
f 5796 5597 5794
f 5797 5795 5596
f 5797 5596 5598
f 5598 5597 5796
f 5598 5796 5797
f 5601 5798 5600
f 5790 5593 5591
f 5604 5799 5603
f 5800 5606 5603
f 5800 5603 5799
f 5798 5601 5606
f 5800 5798 5606
f 5801 5798 5800
f 5801 5608 5602
f 5801 5602 5798
f 5803 5802 5609
f 5803 5609 5610
f 5612 5609 5802
f 5612 5802 5804
f 5616 5805 5615
f 5586 5783 5584
f 5778 5579 5776
f 5580 5777 5578
f 5580 5779 5777
f 5778 5581 5579
f 5780 5581 5778
f 5582 5779 5580
f 5582 5781 5779
f 5780 5583 5581
f 5782 5583 5780
f 5584 5781 5582
f 5584 5783 5781
f 5782 5585 5583
f 5784 5585 5782
f 5806 5617 5615
f 5586 5785 5783
f 5784 5587 5585
f 5786 5587 5784
f 5588 5785 5586
f 5588 5787 5785
f 5786 5589 5587
f 5788 5589 5786
f 5590 5787 5588
f 5590 5789 5787
f 5788 5591 5589
f 5790 5591 5788
f 5592 5789 5590
f 5592 5791 5789
f 5824 5637 5619
f 5816 5819 5629
f 5635 5634 5818
f 5819 5635 5818
f 5820 5635 5819
f 5616 5635 5805
f 5635 5821 5805
f 5635 5820 5821
f 5805 5821 5806
f 5806 5821 5822
f 5806 5822 5807
f 5807 5822 5823
f 5825 5824 5823
f 5824 5807 5823
f 5824 5808 5807
f 5629 5819 5633
f 5824 5619 5808
f 5639 5826 5640
f 5640 5826 5827
f 5828 5640 5827
f 5641 5640 5828
f 5641 5829 5642
f 5828 5829 5641
f 5642 5830 5643
f 5829 5830 5642
f 5643 5831 5644
f 5830 5831 5643
f 5644 5832 5645
f 5831 5832 5644
f 5612 5810 5622
f 5806 5615 5805
f 5799 5604 5617
f 5806 5799 5617
f 5807 5799 5806
f 5799 5808 5800
f 5799 5807 5808
f 5808 5619 5618
f 5801 5808 5618
f 5800 5808 5801
f 5801 5618 5608
f 5621 5803 5610
f 5621 5809 5803
f 5804 5810 5612
f 3363 3522 3364
f 5622 5811 5623
f 5810 5811 5622
f 5623 5812 5624
f 5811 5812 5623
f 5812 5814 5813
f 5625 5812 5813
f 5624 5812 5625
f 5815 5626 5625
f 5815 5625 5813
f 5815 5628 5626
f 5817 5816 5629
f 5817 5629 5630
f 5819 5818 5633
f 1289 1290 1004
f 1305 1284 1308
f 1310 1309 1308
f 1310 1308 1307
f 1311 1309 1310
f 1314 1313 1312
f 1316 1315 1312
f 1316 1312 1313
f 1317 1315 1316
f 1002 1288 980
f 1002 1318 1288
f 1289 1004 983
f 1320 1319 1007
f 1320 1007 1004
f 1290 1320 1004
f 1308 1284 1307
f 1320 1321 1291
f 1008 1320 1291
f 985 1008 1291
f 1319 1320 1008
f 1294 1292 1321
f 1292 1010 1321
f 987 1291 1321
f 987 1321 1010
f 1010 1292 989
f 1295 1014 993
f 1017 1014 1322
f 1014 1295 1322
f 996 1016 1322
f 1298 1276 1299
f 1295 993 1271
f 1271 993 979
f 996 1295 995
f 1295 1273 995
f 1295 1271 1273
f 995 1273 997
f 1273 1296 997
f 1273 1274 1296
f 1297 1274 1275
f 1296 1274 1297
f 1298 1275 1276
f 1297 1275 1298
f 1299 1276 1277
f 996 1322 1295
f 1300 1277 1279
f 1299 1277 1300
f 1301 1279 1280
f 1300 1279 1301
f 1302 999 1000
f 1304 1303 1282
f 1301 1282 1303
f 1282 1301 1280
f 1302 1001 999
f 1306 1304 1305
f 1282 1305 1304
f 1305 1282 1284
f 1284 1286 1307
f 1007 1319 1038
f 1326 1308 1327
f 1309 1311 1328
f 1329 1309 1328
f 1327 1309 1329
f 1329 1328 1314
f 1312 1329 1314
f 1330 1329 1312
f 1315 1332 1331
f 1330 1315 1331
f 1312 1315 1330
f 1332 1315 1317
f 1033 1318 1002
f 1033 1333 1318
f 1334 1036 1037
f 1327 1308 1309
f 1334 1037 1039
f 1038 1319 1008
f 1322 1047 1017
f 1047 1322 1018
f 1323 1051 1023
f 1051 1323 1026
f 1335 1057 1325
f 1325 1057 1032
f 1336 1325 1326
f 1335 1325 1336
f 1060 1336 1059
f 1336 1327 1059
f 1336 1326 1327
f 1028 1299 1300
f 1016 997 1322
f 997 1296 1322
f 1020 1018 1322
f 1020 1322 1296
f 1020 1296 1022
f 1022 1296 1297
f 1022 1297 1023
f 1297 1323 1023
f 1297 1298 1323
f 1026 1323 1025
f 1323 1299 1025
f 1323 1298 1299
f 1025 1299 1028
f 991 1270 978
f 1028 1300 1030
f 1030 1300 1301
f 1301 1303 1030
f 1303 1324 1030
f 1302 1000 1030
f 1302 1030 1324
f 1001 1302 1032
f 1324 1032 1302
f 1032 1324 1325
f 1306 1325 1324
f 1325 1306 1305
f 1326 1305 1308
f 1325 1305 1326
f 965 1259 967
f 1250 1232 1234
f 1249 1232 1250
f 1251 1234 1236
f 1250 1234 1251
f 1236 1237 1252
f 1253 1236 1252
f 1251 1236 1253
f 1254 1253 1252
f 1257 1256 1255
f 1258 1255 1256
f 1260 1259 965
f 1260 965 966
f 1241 1261 967
f 1259 1241 967
f 1248 1229 1249
f 1240 1241 1259
f 1241 1242 1262
f 1263 1241 1262
f 1261 1241 1263
f 1262 970 1263
f 1262 969 970
f 1262 1265 1264
f 969 1262 1264
f 1266 972 969
f 1266 969 1264
f 1267 974 972
f 1267 972 1266
f 975 974 1267
f 1236 1234 1222
f 1224 1223 1222
f 1225 1222 1223
f 1227 1226 960
f 1227 960 961
f 962 960 1226
f 962 1226 1228
f 1231 1230 1229
f 1233 1232 1229
f 1233 1229 1230
f 1235 1234 1232
f 1235 1232 1233
f 1234 1235 1224
f 1222 1234 1224
f 1270 1269 1268
f 1222 1225 1237
f 1222 1237 1236
f 1238 1227 961
f 1238 961 963
f 1241 1240 1239
f 962 1228 963
f 1238 963 1228
f 1242 1241 1239
f 1245 1244 1243
f 1246 1243 1244
f 1229 1247 1231
f 1247 1229 1248
f 1249 1229 1232
f 984 1289 970
f 1284 1287 1286
f 1284 1255 1287
f 1284 1285 1257
f 1255 1284 1257
f 1287 1255 1258
f 980 1260 966
f 980 1288 1260
f 1261 982 967
f 982 1261 983
f 1261 1289 983
f 1261 1263 1289
f 1290 1264 1265
f 1264 1290 984
f 1289 984 1290
f 1285 1282 1283
f 1263 970 1289
f 1264 984 985
f 1291 1264 985
f 1266 1264 1291
f 1294 1293 1292
f 1267 987 988
f 987 1267 1291
f 1266 1291 1267
f 1292 1293 989
f 1270 989 1293
f 989 1270 991
f 1269 1270 1293
f 988 975 1267
f 1275 1249 1250
f 1270 1268 1245
f 1270 1245 1243
f 978 1270 1243
f 977 978 1243
f 1243 1246 977
f 1271 977 1246
f 977 1271 979
f 1272 1271 1246
f 1272 1247 1271
f 1248 1271 1247
f 1271 1248 1273
f 1274 1248 1249
f 1273 1248 1274
f 1059 1327 1062
f 1274 1249 1275
f 1276 1250 1251
f 1275 1250 1276
f 1277 1251 1253
f 1276 1251 1277
f 1253 1254 1278
f 1279 1253 1278
f 1277 1253 1279
f 1281 1280 1279
f 1281 1279 1278
f 1283 1282 1280
f 1283 1280 1281
f 1285 1284 1282
f 1180 1403 1409
f 1174 1402 1386
f 1404 1403 1176
f 1176 1403 1175
f 1405 1176 1177
f 1405 1404 1176
f 1177 1167 1387
f 1406 1177 1387
f 1405 1177 1406
f 1406 1387 1388
f 1178 1402 1174
f 1178 1407 1402
f 1409 1408 1180
f 1180 1408 1179
f 1180 1175 1403
f 1174 1386 1166
f 1181 1407 1178
f 1181 1410 1407
f 1412 1411 1183
f 1183 1411 1182
f 1413 1183 1184
f 1413 1412 1183
f 1184 1179 1408
f 1184 1408 1413
f 1185 1410 1181
f 1185 1414 1410
f 1416 1415 1187
f 1187 1415 1186
f 1187 1182 1411
f 1395 1379 1396
f 1391 1390 1170
f 1392 1170 1171
f 1392 1391 1170
f 1171 1152 1377
f 1393 1171 1377
f 1392 1171 1393
f 1393 1377 1155
f 1172 1393 1155
f 1394 1393 1172
f 1172 1156 1378
f 1395 1172 1378
f 1394 1172 1395
f 1395 1378 1379
f 1187 1411 1416
f 1396 1379 1380
f 1396 1380 1397
f 1397 1380 1161
f 1173 1397 1161
f 1398 1397 1173
f 1173 1162 1381
f 1399 1173 1381
f 1398 1173 1399
f 1399 1381 1382
f 1399 1382 1400
f 1400 1382 1383
f 1400 1383 1401
f 1401 1383 1384
f 1436 1211 1209
f 1204 1429 1202
f 1204 1431 1429
f 1430 1205 1203
f 1432 1205 1430
f 1206 1431 1204
f 1206 1433 1431
f 1432 1207 1205
f 1434 1207 1432
f 1208 1433 1206
f 1208 1435 1433
f 1434 1209 1207
f 1436 1209 1434
f 1210 1435 1208
f 1210 1437 1435
f 1430 1203 1428
f 1438 1211 1436
f 1212 1437 1210
f 1212 1439 1437
f 1438 1213 1211
f 1440 1213 1438
f 1214 1442 1441
f 1439 1214 1441
f 1212 1214 1439
f 1440 1441 1442
f 1215 1440 1442
f 1213 1440 1215
f 1216 1442 1214
f 1442 1216 1215
f 1195 1423 1420
f 1188 1414 1185
f 1188 1417 1414
f 1419 1418 1191
f 1191 1418 1190
f 1191 1186 1415
f 1191 1415 1419
f 1192 1417 1188
f 1192 1420 1417
f 1422 1421 1194
f 1194 1421 1193
f 1194 1190 1418
f 1194 1418 1422
f 1195 1420 1192
f 1170 1390 1150
f 1421 1196 1193
f 1424 1196 1421
f 1197 1423 1195
f 1197 1425 1423
f 1424 1198 1196
f 1426 1198 1424
f 1200 1425 1197
f 1200 1427 1425
f 1426 1201 1198
f 1428 1201 1426
f 1202 1427 1200
f 1202 1429 1427
f 1428 1203 1201
f 1355 1109 1352
f 1095 1094 1348
f 1095 1348 1349
f 1350 1345 1343
f 1350 1343 1346
f 1096 1347 1082
f 1096 1351 1347
f 1352 1104 1105
f 1353 1352 1105
f 1095 1353 1105
f 1349 1353 1095
f 1106 1351 1096
f 1106 1354 1351
f 1352 1109 1104
f 1353 1355 1352
f 1348 1094 1091
f 1355 1111 1109
f 1112 1111 1355
f 1112 1355 1356
f 1113 1354 1106
f 1113 1357 1354
f 1359 1117 1358
f 1117 1356 1358
f 1117 1112 1356
f 1360 1359 1358
f 1118 1357 1113
f 1118 1361 1357
f 1359 1120 1117
f 1122 1120 1359
f 1078 1336 1060
f 1062 1327 1329
f 1062 1329 1063
f 1329 1337 1063
f 1329 1330 1337
f 1330 1331 1338
f 1330 1338 1337
f 1064 1333 1033
f 1064 1339 1333
f 1334 1065 1036
f 1065 1334 1039
f 1335 1075 1057
f 1075 1335 1078
f 1078 1335 1336
f 1360 1122 1359
f 1340 1080 1081
f 1341 1340 1081
f 1341 1081 1063
f 1342 1341 1063
f 1337 1342 1063
f 1342 1337 1338
f 1345 1344 1343
f 1344 1346 1343
f 1082 1339 1064
f 1082 1347 1339
f 1340 1091 1080
f 1341 1348 1340
f 1348 1091 1340
f 1384 1165 1143
f 1155 1377 1153
f 1378 1156 1157
f 1158 1379 1157
f 1157 1379 1378
f 1159 1380 1158
f 1158 1380 1379
f 1161 1380 1159
f 1381 1162 1163
f 1164 1382 1163
f 1163 1382 1381
f 1165 1383 1164
f 1164 1383 1382
f 1384 1383 1165
f 1377 1152 1153
f 1385 1384 1143
f 1373 1385 1143
f 1385 1373 1374
f 1166 1375 1145
f 1166 1386 1375
f 1387 1167 1168
f 1387 1168 1388
f 1168 1389 1388
f 1168 1169 1389
f 1169 1147 1376
f 1390 1169 1376
f 1389 1169 1390
f 1390 1376 1150
f 1133 1367 1128
f 1362 1122 1360
f 1123 1361 1118
f 1123 1363 1361
f 1366 1365 1364
f 1362 1366 1364
f 1127 1362 1364
f 1122 1362 1127
f 1128 1363 1123
f 1128 1367 1363
f 1365 1368 1364
f 1127 1364 1368
f 1369 1127 1368
f 1132 1127 1369
f 1221 1217 1220
f 1133 1370 1367
f 1369 1137 1132
f 1371 1137 1369
f 1138 1370 1133
f 1138 1372 1370
f 1373 1143 1144
f 1374 1373 1144
f 1137 1374 1144
f 1371 1374 1137
f 1145 1372 1138
f 1145 1375 1372
f 1376 1147 1148
f 1150 1376 1148
f 1070 1084 1083
f 756 1082 1064
f 1066 761 743
f 761 1066 764
f 764 1066 1067
f 764 1067 746
f 1068 766 747
f 766 1068 769
f 769 1068 1069
f 771 769 1083
f 769 1069 1083
f 750 770 1083
f 750 1083 1069
f 751 1070 770
f 1070 1083 770
f 756 1064 735
f 772 1085 754
f 1085 1070 754
f 1085 1084 1070
f 772 755 1085
f 755 1071 1085
f 775 773 1085
f 775 1085 1071
f 775 1071 776
f 1071 1086 776
f 1071 1072 1086
f 1087 1072 1073
f 1086 1072 1087
f 1088 1073 1074
f 1074 1055 1056
f 749 1049 751
f 1049 1070 751
f 1049 1050 1070
f 754 1070 753
f 1070 1052 753
f 1070 1050 1052
f 753 1052 755
f 1052 1071 755
f 1052 1053 1071
f 1072 1053 1054
f 1071 1053 1072
f 1073 1054 1055
f 1072 1054 1073
f 1087 1073 1088
f 1073 1055 1074
f 1056 1057 1075
f 1076 1056 1075
f 1074 1056 1076
f 1078 1077 1076
f 1078 1076 1075
f 1077 1078 1060
f 1058 1077 1060
f 1079 1077 1058
f 1061 1081 1080
f 1079 1061 1080
f 1058 1061 1079
f 1081 1061 1063
f 1092 1093 1103
f 1086 1100 797
f 1086 1087 1100
f 800 1100 799
f 1100 1088 799
f 1100 1087 1088
f 799 1088 779
f 1101 802 1089
f 1089 802 780
f 1102 1089 1090
f 1101 1089 1102
f 1103 1090 1092
f 1102 1090 1103
f 1093 1105 1104
f 1103 1093 1104
f 795 1086 797
f 1105 1093 1095
f 803 1096 781
f 803 1106 1096
f 1097 808 790
f 808 1097 811
f 811 1097 1098
f 811 1098 813
f 813 1098 1099
f 813 1099 793
f 1100 817 797
f 817 1100 800
f 1107 821 1101
f 1101 821 802
f 1095 1093 1094
f 779 1088 778
f 1088 1076 778
f 1088 1074 1076
f 778 1076 780
f 1076 1089 780
f 1076 1077 1089
f 1090 1077 1079
f 1089 1077 1090
f 1079 1080 1091
f 1092 1079 1091
f 1090 1079 1092
f 1094 1093 1092
f 1094 1092 1091
f 1069 1048 1049
f 781 1082 756
f 781 1096 1082
f 1097 790 789
f 771 1083 789
f 1083 1097 789
f 1083 1098 1097
f 1099 1083 1084
f 1098 1083 1099
f 793 1099 792
f 1099 1085 792
f 1099 1084 1085
f 792 1085 773
f 1086 795 776
f 1040 1005 725
f 1031 1029 998
f 998 1001 1032
f 998 1032 1031
f 728 1002 721
f 728 1033 1002
f 1034 729 1003
f 1003 729 722
f 1035 731 732
f 1037 1036 1005
f 1034 1005 1036
f 1005 1034 1003
f 1007 1038 1006
f 1040 1039 1037
f 1040 1037 1005
f 998 1029 1000
f 1040 725 733
f 1040 733 1041
f 1040 1041 734
f 1040 734 731
f 1040 731 1035
f 1040 1035 1039
f 1006 1038 1008
f 733 726 1041
f 1009 1041 726
f 1041 1009 1042
f 1043 1009 1011
f 1042 1009 1043
f 1044 1011 1012
f 1013 992 1015
f 986 724 985
f 724 986 726
f 1009 726 986
f 986 987 1010
f 1011 986 1010
f 1009 986 1011
f 1011 1010 989
f 990 1011 989
f 1012 1011 990
f 1013 990 992
f 1012 990 1013
f 992 993 1014
f 1015 992 1014
f 1043 1011 1044
f 996 994 1016
f 1014 1017 1015
f 1020 1019 1018
f 997 1016 994
f 1022 1021 1019
f 1022 1019 1020
f 1023 1021 1022
f 1026 1025 1024
f 1028 1027 1024
f 1028 1024 1025
f 1030 1029 1027
f 1030 1027 1028
f 1029 1030 1000
f 1042 1066 743
f 1062 1058 1059
f 1063 1061 1062
f 735 1033 728
f 735 1064 1033
f 1034 737 729
f 1034 1036 737
f 1036 1065 737
f 1035 732 737
f 1035 737 1065
f 1041 739 734
f 1065 1039 1035
f 739 1041 742
f 742 1041 1042
f 742 1042 743
f 1062 1061 1058
f 1042 1043 1066
f 1067 1043 1044
f 1066 1043 1067
f 746 1067 745
f 1067 1045 745
f 1067 1044 1045
f 745 1045 747
f 1045 1068 747
f 1045 1046 1068
f 1069 1046 1048
f 1068 1046 1069
f 750 1069 749
f 1069 1049 749
f 1052 1021 1051
f 1045 1012 1013
f 1044 1012 1045
f 1046 1013 1015
f 1045 1013 1046
f 1015 1017 1047
f 1048 1015 1047
f 1046 1015 1048
f 1048 1047 1018
f 1019 1048 1018
f 1049 1048 1019
f 1050 1019 1021
f 1049 1019 1050
f 1021 1023 1051
f 1108 1101 1102
f 1050 1021 1052
f 1052 1051 1026
f 1024 1052 1026
f 1053 1052 1024
f 1054 1024 1027
f 1053 1024 1054
f 1055 1027 1029
f 1054 1027 1055
f 1056 1029 1031
f 1055 1029 1056
f 1031 1032 1057
f 1031 1057 1056
f 1060 1059 1058
f 925 1181 921
f 918 1174 914
f 918 1178 1174
f 1180 1179 920
f 920 1179 919
f 920 915 1175
f 920 1175 1180
f 921 1178 918
f 921 1181 1178
f 1183 1182 923
f 923 1182 922
f 1184 923 924
f 1184 1183 923
f 924 919 1179
f 924 1179 1184
f 917 1167 1177
f 925 1185 1181
f 1187 1186 927
f 927 1186 926
f 927 922 1182
f 927 1182 1187
f 928 1185 925
f 928 1188 1185
f 1189 929 930
f 1189 930 1190
f 930 1191 1190
f 930 931 1191
f 931 926 1186
f 931 1186 1191
f 1170 1149 1151
f 1163 1141 1164
f 1164 1141 1142
f 1164 1142 1165
f 1165 1142 1143
f 911 1145 900
f 911 1166 1145
f 1168 1167 913
f 913 1167 912
f 913 901 1146
f 1169 913 1146
f 1168 913 1169
f 1169 1146 1147
f 1170 1150 1149
f 932 1188 928
f 1170 1151 1171
f 1171 1151 1152
f 1172 1155 1154
f 1172 1154 1156
f 1173 1161 1160
f 1173 1160 1162
f 914 1166 911
f 914 1174 1166
f 1176 1175 916
f 916 1175 915
f 1177 916 917
f 1177 1176 916
f 917 912 1167
f 953 1212 1210
f 1205 945 1203
f 946 1204 944
f 946 1206 1204
f 1205 947 945
f 1207 947 1205
f 948 1206 946
f 948 1208 1206
f 1207 949 947
f 1209 949 1207
f 950 1208 948
f 950 1210 1208
f 1209 951 949
f 1211 951 1209
f 953 1210 950
f 1203 945 943
f 1211 954 951
f 1213 954 1211
f 955 1212 953
f 955 1214 1212
f 1213 956 954
f 1215 956 1213
f 1216 1214 955
f 1216 955 957
f 957 956 1215
f 957 1215 1216
f 1219 1218 1217
f 1220 1217 1218
f 1221 1219 1217
f 936 938 1199
f 932 1192 1188
f 1194 1193 1189
f 1193 929 1189
f 1193 933 929
f 1194 1189 1190
f 934 1192 932
f 934 1195 1192
f 1193 935 933
f 1196 935 1193
f 936 1195 934
f 936 1197 1195
f 1196 937 935
f 1198 937 1196
f 1163 1140 1141
f 1200 936 1199
f 1197 936 1200
f 1201 1199 938
f 937 1201 938
f 1198 1201 937
f 1200 1199 942
f 941 1200 942
f 1202 1200 941
f 943 942 1199
f 1201 943 1199
f 1203 943 1201
f 944 1202 941
f 944 1204 1202
f 1119 1125 1124
f 860 1114 863
f 863 1114 1115
f 863 1115 864
f 1115 1119 864
f 1115 1116 1119
f 1116 1117 1120
f 1121 1116 1120
f 1119 1116 1121
f 1122 1121 1120
f 865 1118 848
f 865 1123 1118
f 1124 873 874
f 864 1119 874
f 1119 1124 874
f 1114 860 845
f 1126 1119 1121
f 1125 1119 1126
f 1121 1122 1127
f 1121 1127 1126
f 875 1123 865
f 875 1128 1123
f 1129 880 1124
f 1124 880 873
f 1130 1124 1125
f 1129 1124 1130
f 1131 1125 1126
f 1130 1125 1131
f 1126 1127 1132
f 1107 841 821
f 1107 1101 1108
f 824 1108 823
f 1108 1103 823
f 1108 1102 1103
f 1104 1109 1103
f 1109 823 1103
f 1109 826 823
f 1111 1110 827
f 826 1111 827
f 1109 1111 826
f 1112 1110 1111
f 828 1106 803
f 828 1113 1106
f 1126 1132 1131
f 841 1107 844
f 844 1107 1108
f 844 1108 824
f 1114 845 846
f 847 1115 846
f 846 1115 1114
f 827 1110 847
f 1110 1115 847
f 1110 1116 1115
f 1110 1112 1117
f 1110 1117 1116
f 848 1113 828
f 848 1118 1113
f 1154 907 1156
f 902 1148 1147
f 902 903 1148
f 1150 1148 1149
f 1148 904 1149
f 1148 903 904
f 905 1151 904
f 904 1151 1149
f 1151 905 1152
f 905 1153 1152
f 905 906 1153
f 1155 1153 1154
f 1153 907 1154
f 1153 906 907
f 1146 902 1147
f 907 1157 1156
f 907 908 1157
f 1158 908 909
f 1158 1157 908
f 1159 909 910
f 1159 1158 909
f 1159 910 897
f 1160 1159 897
f 1139 1160 897
f 1159 1160 1161
f 1140 1163 1162
f 1160 1140 1162
f 1139 1140 1160
f 899 1140 898
f 881 1128 875
f 881 1133 1128
f 1134 886 1129
f 1129 886 880
f 1135 1129 1130
f 1134 1129 1135
f 1136 1130 1131
f 1135 1130 1136
f 1131 1132 1137
f 1131 1137 1136
f 887 1133 881
f 887 1138 1133
f 1139 897 898
f 1445 1444 1443
f 898 1140 1139
f 886 1134 899
f 1134 1140 899
f 1134 1141 1140
f 1142 1134 1135
f 1141 1134 1142
f 1136 1144 1143
f 1142 1136 1143
f 1135 1136 1142
f 1144 1136 1137
f 900 1138 887
f 900 1145 1138
f 1146 901 902
f 1784 1495 1757
f 1756 1488 1755
f 1488 1756 1779
f 1780 1779 1756
f 1779 1780 1781
f 1781 1780 1782
f 1783 1781 1782
f 1492 1783 1782
f 1491 1492 1782
f 1755 1491 1782
f 1757 1755 1782
f 1784 1757 1782
f 1780 1784 1782
f 1492 1493 1783
f 1474 1757 1495
f 1491 1755 1488
f 1495 1784 1785
f 1495 1786 1497
f 1785 1786 1495
f 1758 1499 1760
f 1499 1786 1760
f 1499 1497 1786
f 1499 1758 1501
f 1501 1758 1761
f 1501 1761 1503
f 1503 1761 1762
f 1504 1503 1762
f 1763 1504 1762
f 3208 3359 3198
f 1744 1774 1743
f 1736 1767 1765
f 1737 1767 1736
f 1768 1737 1738
f 1767 1737 1768
f 1738 1739 1769
f 1738 1769 1768
f 1477 1740 1468
f 1477 1770 1740
f 1771 1478 1742
f 1742 1478 1469
f 1772 1742 1743
f 1771 1742 1772
f 1480 1481 1773
f 1789 1788 1506
f 1772 1743 1774
f 1747 1775 1746
f 1482 1480 1773
f 1775 1747 1749
f 1485 1483 1776
f 1485 1776 1777
f 1778 1485 1777
f 1487 1485 1778
f 1471 1488 1754
f 1779 1754 1488
f 1754 1779 1778
f 1490 1778 1779
f 1778 1490 1487
f 1807 1781 1524
f 1803 1802 1800
f 1803 1800 1801
f 1518 1519 1802
f 1803 1518 1802
f 1804 1518 1803
f 1483 1518 1776
f 1518 1805 1776
f 1518 1804 1805
f 1806 1520 1521
f 1805 1777 1776
f 1490 1779 1521
f 1779 1806 1521
f 1779 1807 1806
f 1525 1807 1524
f 1801 1798 1799
f 1807 1779 1781
f 1524 1781 1528
f 1528 1781 1783
f 1528 1783 1493
f 1808 1533 1534
f 1504 1787 1809
f 1808 1504 1809
f 1810 1808 1809
f 1534 1504 1808
f 1811 1810 1535
f 1810 1789 1535
f 1789 1507 1535
f 1789 1810 1809
f 1513 1771 1772
f 1789 1506 1507
f 1767 1790 1508
f 1788 1767 1508
f 1506 1788 1508
f 1766 1767 1788
f 1768 1792 1791
f 1790 1768 1791
f 1767 1768 1790
f 1792 1768 1769
f 1509 1770 1477
f 1509 1793 1770
f 1771 1511 1478
f 1511 1771 1513
f 1767 1766 1765
f 1772 1774 1513
f 1774 1794 1513
f 1773 1481 1513
f 1773 1513 1794
f 1773 1794 1482
f 1794 1515 1482
f 1794 1795 1515
f 1797 1796 1517
f 1515 1797 1517
f 1795 1797 1515
f 1799 1798 1796
f 1799 1796 1797
f 1801 1800 1798
f 1723 1722 1721
f 1706 1705 1454
f 1706 1454 1455
f 1456 1454 1705
f 1456 1705 1707
f 1710 1709 1708
f 1712 1711 1708
f 1712 1708 1709
f 1713 1711 1712
f 1714 1689 1687
f 1717 1716 1715
f 1690 1714 1687
f 1719 1718 1716
f 1719 1716 1717
f 1720 1718 1719
f 1704 1702 1703
f 1724 1721 1722
f 1459 1725 1458
f 1726 1461 1458
f 1726 1458 1725
f 1727 1463 1461
f 1727 1461 1726
f 1728 1465 1463
f 1728 1463 1727
f 1691 1729 1693
f 1466 1465 1728
f 1729 1691 1694
f 1732 1731 1730
f 1734 1733 1730
f 1686 1450 1452
f 1445 1680 1444
f 1680 1446 1444
f 1682 1681 1680
f 1445 1682 1680
f 1448 1682 1445
f 1446 1680 1681
f 1683 1446 1681
f 1449 1446 1683
f 1450 1682 1448
f 1450 1684 1682
f 1683 1451 1449
f 1685 1451 1683
f 1686 1684 1450
f 1734 1730 1731
f 1452 1451 1685
f 1452 1685 1686
f 1689 1688 1687
f 1690 1687 1688
f 1693 1692 1691
f 1694 1691 1692
f 1697 1696 1695
f 1699 1698 1695
f 1699 1695 1696
f 1701 1700 1698
f 1701 1698 1699
f 1703 1702 1700
f 1703 1700 1701
f 1728 1757 1475
f 1750 1716 1718
f 1750 1718 1751
f 1751 1718 1720
f 1721 1752 1723
f 1752 1721 1724
f 1754 1753 1725
f 1459 1754 1725
f 1471 1754 1459
f 1756 1755 1753
f 1755 1725 1753
f 1755 1726 1725
f 1726 1757 1727
f 1726 1755 1757
f 1757 1474 1475
f 1750 1715 1716
f 1727 1757 1728
f 1728 1475 1466
f 1760 1759 1758
f 1758 1759 1732
f 1730 1758 1732
f 1761 1758 1730
f 1762 1730 1733
f 1761 1730 1762
f 1735 1764 1763
f 1762 1735 1763
f 1733 1735 1762
f 1764 1735 1736
f 1764 1736 1765
f 1742 1469 1741
f 1733 1734 1697
f 1695 1733 1697
f 1735 1733 1695
f 1736 1695 1698
f 1735 1695 1736
f 1737 1698 1700
f 1736 1698 1737
f 1738 1700 1702
f 1737 1700 1738
f 1702 1704 1739
f 1702 1739 1738
f 1468 1706 1455
f 1468 1740 1706
f 1812 1811 1535
f 1469 1707 1741
f 1469 1456 1707
f 1742 1741 1710
f 1708 1742 1710
f 1743 1742 1708
f 1711 1745 1744
f 1743 1711 1744
f 1708 1711 1743
f 1711 1746 1745
f 1711 1747 1746
f 1711 1713 1748
f 1747 1711 1748
f 1749 1747 1748
f 1638 1877 1637
f 1869 1633 1870
f 1869 1632 1633
f 1634 1872 1633
f 1633 1872 1870
f 1635 1873 1634
f 1634 1873 1872
f 1874 1873 1635
f 1874 1635 1615
f 1875 1874 1615
f 1860 1875 1615
f 1875 1860 1861
f 1636 1862 1617
f 1636 1876 1862
f 1878 1877 1638
f 1871 1869 1870
f 1880 1878 1879
f 1878 1639 1879
f 1878 1638 1639
f 1640 1881 1639
f 1639 1881 1879
f 1881 1640 1882
f 1640 1883 1882
f 1640 1641 1883
f 1641 1619 1863
f 1884 1641 1863
f 1883 1641 1884
f 1884 1863 1622
f 1642 1884 1622
f 1617 1859 1614
f 1855 1607 1852
f 1611 1854 1608
f 1611 1857 1854
f 1855 1856 1613
f 1856 1612 1613
f 1856 1858 1612
f 1855 1613 1610
f 1614 1857 1611
f 1614 1859 1857
f 1860 1615 1616
f 1861 1860 1616
f 1612 1861 1616
f 1858 1861 1612
f 1885 1884 1642
f 1617 1862 1859
f 1863 1619 1620
f 1622 1863 1620
f 1864 1624 1625
f 1627 1864 1625
f 1865 1628 1629
f 1630 1866 1629
f 1629 1866 1865
f 1866 1630 1867
f 1630 1868 1867
f 1630 1631 1868
f 1869 1631 1632
f 1869 1868 1631
f 1654 1649 1900
f 1897 1881 1898
f 1898 1881 1882
f 1648 1894 1645
f 1648 1899 1894
f 1901 1900 1650
f 1650 1900 1649
f 1902 1650 1651
f 1902 1901 1650
f 1651 1646 1895
f 1651 1895 1902
f 1652 1899 1648
f 1652 1903 1899
f 1905 1904 1654
f 1654 1904 1653
f 1897 1879 1881
f 1654 1900 1905
f 1655 1903 1652
f 1655 1906 1903
f 1908 1907 1657
f 1657 1907 1656
f 1657 1653 1904
f 1657 1904 1908
f 1658 1906 1655
f 1658 1909 1906
f 1911 1910 1660
f 1660 1910 1659
f 1660 1656 1907
f 1660 1907 1911
f 1890 1866 1867
f 1886 1642 1643
f 1886 1885 1642
f 1643 1624 1864
f 1887 1643 1864
f 1886 1643 1887
f 1887 1864 1627
f 1644 1887 1627
f 1888 1887 1644
f 1644 1628 1865
f 1889 1644 1865
f 1888 1644 1889
f 1889 1865 1866
f 1889 1866 1890
f 1855 1610 1607
f 1891 1871 1870
f 1891 1870 1872
f 1891 1872 1892
f 1892 1872 1873
f 1892 1873 1893
f 1893 1873 1874
f 1645 1876 1636
f 1645 1894 1876
f 1896 1895 1647
f 1647 1895 1646
f 1647 1637 1877
f 1647 1877 1896
f 1897 1880 1879
f 1566 1820 1821
f 1820 1560 1559
f 1554 1815 1559
f 1815 1820 1559
f 1815 1821 1820
f 1822 1815 1816
f 1821 1815 1822
f 1823 1816 1817
f 1822 1816 1823
f 1817 1818 1824
f 1817 1824 1823
f 1561 1819 1555
f 1561 1825 1819
f 1820 1565 1560
f 1565 1820 1566
f 1555 1819 1814
f 1566 1821 1567
f 1821 1826 1567
f 1821 1822 1826
f 1827 1822 1823
f 1826 1822 1827
f 1829 1828 1824
f 1570 1824 1828
f 1824 1570 1823
f 1569 1823 1570
f 1823 1569 1827
f 1828 1571 1570
f 1572 1825 1561
f 1572 1830 1825
f 1547 1802 1519
f 1812 1535 1508
f 1813 1812 1508
f 1790 1813 1508
f 1813 1790 1791
f 1537 1793 1509
f 1537 1814 1793
f 1796 1541 1517
f 1541 1796 1544
f 1544 1796 1798
f 1544 1798 1545
f 1545 1798 1800
f 1545 1800 1547
f 1547 1800 1802
f 1826 1573 1567
f 1806 1548 1520
f 1548 1806 1549
f 1549 1806 1807
f 1549 1807 1525
f 1815 1554 1808
f 1808 1554 1533
f 1816 1808 1810
f 1815 1808 1816
f 1817 1810 1811
f 1816 1810 1817
f 1811 1812 1818
f 1811 1818 1817
f 1555 1814 1537
f 1601 1847 1599
f 1593 1841 1842
f 1594 1840 1589
f 1594 1843 1840
f 1842 1596 1593
f 1844 1596 1842
f 1597 1843 1594
f 1597 1845 1843
f 1844 1598 1596
f 1846 1598 1844
f 1599 1845 1597
f 1599 1847 1845
f 1846 1600 1598
f 1848 1600 1846
f 1593 1591 1841
f 1601 1849 1847
f 1848 1603 1600
f 1850 1603 1848
f 1604 1849 1601
f 1604 1851 1849
f 1606 1603 1852
f 1603 1853 1852
f 1603 1850 1853
f 1852 1607 1606
f 1608 1851 1604
f 1608 1854 1851
f 1852 1853 1855
f 1855 1853 1856
f 1833 1580 1832
f 1573 1826 1574
f 1574 1826 1827
f 1829 1831 1828
f 1575 1576 1832
f 1569 1574 1827
f 1833 1828 1831
f 1833 1571 1828
f 1833 1832 1576
f 1571 1833 1576
f 1577 1830 1572
f 1577 1834 1830
f 1832 1578 1575
f 1580 1578 1832
f 1441 1678 1679
f 1835 1580 1833
f 1581 1834 1577
f 1581 1836 1834
f 1835 1585 1580
f 1837 1585 1835
f 1586 1836 1581
f 1586 1838 1836
f 1837 1588 1585
f 1839 1588 1837
f 1589 1838 1586
f 1589 1840 1838
f 1839 1841 1588
f 1588 1841 1591
f 1252 1526 1254
f 1545 1244 1544
f 1547 1546 1246
f 1244 1547 1246
f 1545 1547 1244
f 1547 1519 1546
f 1519 1247 1546
f 1519 1231 1247
f 1520 1548 1522
f 1522 1548 1523
f 1523 1548 1549
f 1525 1526 1549
f 1526 1252 1549
f 1237 1523 1549
f 1237 1549 1252
f 1544 1244 1543
f 1526 1550 1254
f 1526 1527 1550
f 1551 1527 1529
f 1550 1527 1551
f 1552 1529 1530
f 1551 1529 1552
f 1553 1530 1531
f 1552 1530 1553
f 1257 1553 1256
f 1553 1532 1256
f 1553 1531 1532
f 1258 1256 1532
f 1533 1258 1532
f 1239 1536 1510
f 1531 1498 1532
f 1502 1534 1533
f 1532 1502 1533
f 1500 1502 1532
f 1534 1502 1504
f 1505 1535 1507
f 1505 1508 1535
f 1227 1238 1536
f 1537 1227 1536
f 1509 1227 1537
f 1238 1228 1536
f 1228 1510 1536
f 1239 1240 1536
f 1554 1258 1533
f 1239 1510 1242
f 1510 1538 1242
f 1510 1512 1538
f 1539 1512 1514
f 1538 1512 1539
f 1540 1514 1516
f 1539 1514 1540
f 1516 1517 1541
f 1542 1516 1541
f 1540 1516 1542
f 1544 1543 1542
f 1544 1542 1541
f 1244 1245 1543
f 1560 1565 1286
f 1287 1258 1554
f 1287 1554 1559
f 1288 1555 1260
f 1288 1561 1555
f 1562 1290 1556
f 1556 1290 1265
f 1563 1556 1557
f 1562 1556 1563
f 1294 1563 1293
f 1563 1558 1293
f 1563 1557 1558
f 1293 1558 1269
f 1564 1303 1304
f 1306 1564 1304
f 1287 1559 1286
f 1286 1565 1307
f 1307 1566 1310
f 1565 1566 1307
f 1311 1310 1566
f 1311 1566 1567
f 1314 1568 1313
f 1313 1568 1569
f 1570 1313 1569
f 1316 1313 1570
f 1317 1316 1570
f 1317 1570 1571
f 1318 1561 1288
f 1318 1572 1561
f 1558 1543 1268
f 1537 1536 1259
f 1260 1537 1259
f 1555 1537 1260
f 1259 1536 1240
f 1538 1262 1242
f 1262 1538 1265
f 1538 1556 1265
f 1538 1539 1556
f 1557 1539 1540
f 1556 1539 1557
f 1558 1540 1542
f 1557 1540 1558
f 1269 1558 1268
f 1532 1498 1500
f 1558 1542 1543
f 1268 1543 1245
f 1546 1272 1246
f 1272 1546 1247
f 1550 1278 1254
f 1278 1550 1281
f 1281 1550 1551
f 1281 1551 1283
f 1283 1551 1552
f 1283 1552 1285
f 1285 1552 1553
f 1553 1257 1285
f 1560 1286 1559
f 1467 1478 1476
f 1453 1469 1467
f 1459 1457 1470
f 1459 1470 1471
f 1472 1457 1460
f 1470 1457 1472
f 1473 1460 1462
f 1472 1460 1473
f 1464 1475 1474
f 1473 1464 1474
f 1462 1464 1473
f 1475 1464 1466
f 1468 1467 1476
f 1468 1476 1477
f 1467 1469 1478
f 1453 1456 1469
f 1481 1480 1479
f 1482 1479 1480
f 1485 1484 1483
f 1487 1486 1484
f 1487 1484 1485
f 1470 1488 1471
f 1223 1490 1489
f 1490 1223 1487
f 1224 1487 1223
f 1487 1224 1486
f 1225 1223 1489
f 1491 1488 1472
f 1470 1472 1488
f 1221 1220 1451
f 1446 1443 1444
f 1445 1443 1447
f 1445 1447 1448
f 1443 1446 1449
f 1443 1449 1447
f 1448 1447 1218
f 1219 1448 1218
f 1450 1448 1219
f 1220 1218 1447
f 1449 1220 1447
f 1451 1220 1449
f 1452 1450 1219
f 1452 1219 1221
f 1491 1472 1473
f 1221 1451 1452
f 1455 1454 1453
f 1456 1453 1454
f 1459 1458 1457
f 1461 1460 1457
f 1461 1457 1458
f 1463 1462 1460
f 1463 1460 1461
f 1465 1464 1462
f 1465 1462 1463
f 1466 1464 1465
f 1455 1453 1467
f 1455 1467 1468
f 1490 1522 1489
f 1479 1482 1515
f 1516 1479 1515
f 1514 1479 1516
f 1517 1516 1515
f 1519 1518 1230
f 1519 1230 1231
f 1484 1233 1483
f 1233 1518 1483
f 1233 1230 1518
f 1522 1521 1520
f 1484 1235 1233
f 1235 1484 1486
f 1224 1235 1486
f 1522 1490 1521
f 1514 1512 1479
f 1523 1489 1522
f 1526 1525 1524
f 1489 1237 1225
f 1237 1489 1523
f 1528 1527 1526
f 1528 1526 1524
f 1527 1528 1493
f 1494 1527 1493
f 1529 1527 1494
f 1530 1494 1496
f 1529 1494 1530
f 1531 1496 1498
f 1530 1496 1531
f 1504 1502 1503
f 1491 1473 1492
f 1473 1493 1492
f 1473 1494 1493
f 1473 1474 1495
f 1494 1473 1495
f 1497 1496 1494
f 1497 1494 1495
f 1499 1498 1496
f 1499 1496 1497
f 1501 1500 1498
f 1501 1498 1499
f 1503 1502 1500
f 1503 1500 1501
f 1562 1320 1290
f 1507 1506 1505
f 1508 1505 1506
f 1477 1476 1226
f 1227 1477 1226
f 1509 1477 1227
f 1511 1510 1228
f 1511 1228 1226
f 1478 1511 1226
f 1476 1478 1226
f 1513 1512 1510
f 1513 1510 1511
f 1512 1513 1481
f 1479 1512 1481
f 1407 1636 1402
f 1639 1404 1405
f 1639 1638 1404
f 1640 1405 1406
f 1640 1639 1405
f 1406 1388 1618
f 1641 1406 1618
f 1640 1406 1641
f 1641 1618 1619
f 1642 1622 1621
f 1642 1621 1623
f 1642 1623 1643
f 1643 1623 1624
f 1644 1627 1626
f 1644 1626 1628
f 1404 1637 1403
f 1407 1645 1636
f 1647 1646 1409
f 1409 1646 1408
f 1409 1403 1637
f 1409 1637 1647
f 1410 1645 1407
f 1410 1648 1645
f 1650 1649 1412
f 1412 1649 1411
f 1651 1412 1413
f 1651 1650 1412
f 1413 1408 1646
f 1413 1646 1651
f 1631 1630 1396
f 1391 1623 1621
f 1623 1392 1624
f 1392 1625 1624
f 1392 1393 1625
f 1627 1625 1626
f 1625 1394 1626
f 1625 1393 1394
f 1626 1394 1628
f 1394 1629 1628
f 1394 1395 1629
f 1630 1395 1396
f 1630 1629 1395
f 1631 1396 1397
f 1414 1648 1410
f 1632 1397 1398
f 1632 1631 1397
f 1633 1398 1399
f 1633 1632 1398
f 1634 1399 1400
f 1634 1633 1399
f 1635 1400 1401
f 1635 1634 1400
f 1401 1384 1615
f 1401 1615 1635
f 1402 1617 1386
f 1402 1636 1617
f 1638 1637 1404
f 1435 1673 1671
f 1666 1428 1664
f 1429 1665 1427
f 1429 1667 1665
f 1666 1430 1428
f 1668 1430 1666
f 1431 1667 1429
f 1431 1669 1667
f 1668 1432 1430
f 1670 1432 1668
f 1433 1669 1431
f 1433 1671 1669
f 1670 1434 1432
f 1672 1434 1670
f 1435 1671 1433
f 1664 1428 1426
f 1672 1436 1434
f 1674 1436 1672
f 1437 1673 1435
f 1437 1675 1673
f 1674 1438 1436
f 1676 1438 1674
f 1439 1675 1437
f 1439 1677 1675
f 1676 1440 1438
f 1678 1440 1676
f 1679 1677 1439
f 1679 1439 1441
f 1441 1440 1678
f 1660 1659 1422
f 1414 1652 1648
f 1654 1653 1416
f 1416 1653 1415
f 1416 1411 1649
f 1416 1649 1654
f 1417 1652 1414
f 1417 1655 1652
f 1657 1656 1419
f 1419 1656 1418
f 1419 1415 1653
f 1419 1653 1657
f 1420 1655 1417
f 1420 1658 1655
f 1392 1623 1391
f 1422 1659 1421
f 1422 1418 1656
f 1422 1656 1660
f 1423 1658 1420
f 1423 1661 1658
f 1659 1424 1421
f 1662 1424 1659
f 1425 1661 1423
f 1425 1663 1661
f 1662 1426 1424
f 1664 1426 1662
f 1427 1663 1425
f 1427 1665 1663
f 1350 1587 1345
f 1344 1580 1584
f 1580 1344 1579
f 1345 1579 1344
f 1579 1345 1583
f 1346 1344 1584
f 1347 1581 1339
f 1347 1586 1581
f 1582 1348 1341
f 1348 1582 1349
f 1582 1587 1349
f 1582 1583 1587
f 1588 1584 1585
f 1584 1588 1350
f 1587 1350 1588
f 1585 1584 1580
f 1583 1345 1587
f 1584 1350 1346
f 1351 1586 1347
f 1351 1589 1586
f 1590 1353 1587
f 1587 1353 1349
f 1587 1588 1591
f 1592 1587 1591
f 1590 1587 1592
f 1593 1592 1591
f 1354 1589 1351
f 1354 1594 1589
f 1590 1355 1353
f 1332 1317 1571
f 1320 1562 1321
f 1321 1562 1563
f 1321 1563 1294
f 1564 1324 1303
f 1324 1564 1306
f 1567 1573 1311
f 1311 1573 1328
f 1314 1328 1568
f 1328 1574 1568
f 1328 1573 1574
f 1574 1569 1568
f 1332 1575 1331
f 1575 1332 1576
f 1355 1590 1356
f 1332 1571 1576
f 1333 1572 1318
f 1333 1577 1572
f 1579 1338 1578
f 1338 1575 1578
f 1338 1331 1575
f 1580 1579 1578
f 1339 1577 1333
f 1339 1581 1577
f 1582 1341 1342
f 1338 1579 1342
f 1579 1582 1342
f 1579 1583 1582
f 1375 1614 1611
f 1370 1604 1367
f 1370 1608 1604
f 1609 1371 1605
f 1605 1371 1369
f 1605 1607 1610
f 1605 1610 1609
f 1372 1608 1370
f 1372 1611 1608
f 1613 1612 1609
f 1612 1371 1609
f 1612 1374 1371
f 1613 1609 1610
f 1375 1611 1372
f 1607 1605 1606
f 1616 1615 1385
f 1385 1615 1384
f 1385 1374 1612
f 1385 1612 1616
f 1386 1614 1375
f 1386 1617 1614
f 1618 1388 1389
f 1618 1389 1619
f 1389 1620 1619
f 1389 1390 1620
f 1622 1620 1621
f 1620 1391 1621
f 1620 1390 1391
f 1600 1362 1598
f 1590 1595 1356
f 1590 1592 1595
f 1592 1593 1596
f 1592 1596 1595
f 1357 1594 1354
f 1357 1597 1594
f 1595 1358 1356
f 1360 1358 1595
f 1596 1360 1595
f 1598 1360 1596
f 1361 1597 1357
f 1361 1599 1597
f 1598 1362 1360
f 1006 985 724
f 1363 1599 1361
f 1363 1601 1599
f 1602 1365 1366
f 1603 1602 1366
f 1362 1603 1366
f 1600 1603 1362
f 1367 1601 1363
f 1367 1604 1601
f 1602 1368 1365
f 1606 1605 1369
f 1606 1369 1368
f 1603 1606 1368
f 1602 1603 1368
f 349 347 268
f 340 338 262
f 263 340 262
f 342 340 263
f 264 262 338
f 341 264 338
f 343 264 341
f 344 342 263
f 344 263 265
f 265 264 343
f 265 343 344
f 347 346 345
f 348 345 346
f 347 345 267
f 268 347 267
f 341 338 339
f 269 267 345
f 348 269 345
f 350 269 348
f 351 349 268
f 351 268 270
f 270 269 350
f 270 350 351
f 354 353 352
f 355 354 352
f 358 357 356
f 359 353 354
f 358 360 357
f 359 354 355
f 254 334 332
f 327 248 328
f 328 322 323
f 249 325 246
f 249 329 325
f 326 250 247
f 330 250 326
f 331 329 249
f 331 249 251
f 251 250 330
f 251 330 331
f 254 332 253
f 332 255 253
f 334 333 332
f 363 362 361
f 256 334 254
f 255 332 333
f 335 255 333
f 257 255 335
f 258 337 336
f 334 258 336
f 256 258 334
f 335 336 337
f 259 335 337
f 257 335 259
f 260 337 258
f 337 260 259
f 340 339 338
f 384 383 398
f 386 375 385
f 383 375 386
f 387 386 385
f 390 389 388
f 391 388 389
f 275 378 273
f 275 392 378
f 379 277 274
f 277 379 278
f 379 393 278
f 379 381 393
f 381 382 394
f 381 394 393
f 397 396 395
f 375 377 385
f 396 399 395
f 398 383 386
f 398 386 400
f 400 386 387
f 401 390 388
f 401 388 391
f 404 403 402
f 405 402 403
f 280 407 406
f 392 280 406
f 275 280 392
f 409 408 407
f 407 408 406
f 366 373 364
f 365 364 361
f 365 361 362
f 366 364 365
f 356 357 367
f 356 367 368
f 357 360 369
f 370 357 369
f 367 357 370
f 371 370 369
f 372 363 361
f 372 361 364
f 372 364 373
f 376 375 374
f 328 248 322
f 377 375 376
f 368 367 272
f 273 368 272
f 378 368 273
f 272 367 274
f 367 379 274
f 367 370 379
f 370 371 380
f 381 370 380
f 379 370 381
f 382 381 380
f 374 375 383
f 374 383 384
f 226 228 290
f 276 278 282
f 276 282 281
f 280 279 225
f 226 280 225
f 283 280 226
f 225 279 227
f 279 284 227
f 279 281 284
f 281 282 285
f 286 281 285
f 284 281 286
f 288 287 286
f 288 286 285
f 289 287 288
f 276 281 279
f 291 226 290
f 283 226 291
f 292 290 228
f 292 228 227
f 293 292 227
f 284 293 227
f 293 284 286
f 293 286 294
f 294 286 287
f 294 287 295
f 295 287 289
f 298 297 296
f 299 296 297
f 274 271 272
f 216 263 213
f 214 261 262
f 264 214 262
f 217 214 264
f 265 263 216
f 265 216 218
f 218 217 264
f 218 264 265
f 268 267 266
f 269 266 267
f 270 268 266
f 270 266 269
f 273 272 271
f 291 290 230
f 273 271 220
f 221 273 220
f 275 273 221
f 277 276 222
f 277 222 220
f 274 277 220
f 271 274 220
f 278 276 277
f 221 223 279
f 280 221 279
f 275 221 280
f 222 276 223
f 276 279 223
f 245 242 322
f 307 317 239
f 316 307 239
f 317 307 308
f 309 318 240
f 317 309 240
f 238 317 240
f 311 309 317
f 312 320 319
f 318 312 319
f 309 312 318
f 320 312 314
f 241 315 235
f 241 321 315
f 316 242 236
f 317 238 239
f 242 316 322
f 239 244 322
f 239 322 316
f 323 322 244
f 323 244 240
f 324 323 240
f 318 324 240
f 324 318 319
f 246 321 241
f 246 325 321
f 327 326 248
f 248 326 247
f 248 245 322
f 301 305 233
f 231 291 230
f 300 291 231
f 302 301 232
f 302 232 230
f 292 302 230
f 290 292 230
f 303 301 302
f 304 298 296
f 304 296 299
f 231 233 305
f 306 231 305
f 300 231 306
f 232 301 233
f 410 408 393
f 301 307 305
f 301 303 308
f 301 308 307
f 311 310 309
f 313 312 309
f 313 309 310
f 314 312 313
f 306 305 234
f 235 306 234
f 315 306 235
f 234 305 236
f 305 316 236
f 305 307 316
f 348 486 488
f 481 339 340
f 341 339 480
f 341 480 482
f 342 481 340
f 342 483 481
f 482 343 341
f 484 343 482
f 485 483 342
f 485 342 344
f 344 343 484
f 344 484 485
f 487 486 346
f 487 346 347
f 348 346 486
f 481 480 339
f 349 487 347
f 349 489 487
f 488 350 348
f 490 350 488
f 349 351 491
f 492 349 491
f 489 349 492
f 493 491 351
f 350 493 351
f 490 493 350
f 496 495 494
f 497 494 495
f 492 491 498
f 470 335 468
f 466 329 465
f 463 329 466
f 467 465 331
f 330 467 331
f 464 467 330
f 466 465 468
f 466 468 469
f 465 467 470
f 465 470 468
f 469 468 333
f 334 469 333
f 471 469 334
f 335 333 468
f 492 498 499
f 472 335 470
f 334 336 473
f 474 334 473
f 471 334 474
f 475 473 336
f 335 475 336
f 472 475 335
f 474 473 476
f 474 476 477
f 473 475 478
f 473 478 476
f 479 477 476
f 479 476 478
f 363 526 362
f 505 508 517
f 519 508 510
f 522 521 520
f 523 520 521
f 513 512 358
f 356 513 358
f 524 513 356
f 360 358 525
f 358 512 525
f 353 359 525
f 353 525 512
f 355 514 359
f 514 525 359
f 514 526 525
f 517 508 518
f 526 516 362
f 526 514 516
f 529 528 527
f 516 365 362
f 365 516 517
f 366 528 529
f 366 518 528
f 366 365 517
f 518 366 517
f 532 531 530
f 533 530 531
f 536 535 534
f 538 537 534
f 499 512 513
f 491 493 500
f 501 491 500
f 498 491 501
f 503 502 501
f 503 501 500
f 504 502 503
f 507 506 505
f 509 508 505
f 509 505 506
f 510 508 509
f 511 496 494
f 511 494 497
f 499 498 512
f 329 331 465
f 353 512 352
f 512 501 352
f 512 498 501
f 352 501 355
f 501 514 355
f 501 502 514
f 502 504 515
f 516 502 515
f 514 502 516
f 516 515 507
f 505 516 507
f 517 516 505
f 508 519 518
f 422 299 419
f 426 293 416
f 293 294 416
f 293 426 425
f 416 294 295
f 416 295 418
f 418 295 289
f 429 428 427
f 431 430 427
f 431 427 428
f 430 431 421
f 430 421 419
f 298 430 419
f 297 298 419
f 299 297 419
f 417 426 416
f 432 299 422
f 300 424 291
f 300 433 424
f 425 302 292
f 435 434 303
f 435 303 302
f 426 435 302
f 425 426 302
f 437 436 434
f 437 434 435
f 438 436 437
f 441 440 439
f 439 440 429
f 415 417 416
f 408 282 393
f 282 278 393
f 408 409 282
f 410 393 394
f 411 397 395
f 411 395 399
f 412 404 402
f 412 402 405
f 283 413 407
f 283 407 280
f 415 409 414
f 409 413 414
f 409 407 413
f 427 439 429
f 415 416 285
f 409 415 285
f 282 409 285
f 418 288 285
f 418 285 416
f 418 289 288
f 421 420 419
f 422 419 420
f 424 423 413
f 283 424 413
f 291 424 283
f 425 292 293
f 423 414 413
f 324 319 453
f 315 452 446
f 447 317 308
f 317 447 311
f 454 453 320
f 320 453 319
f 320 314 449
f 455 320 449
f 454 320 455
f 455 449 450
f 321 452 315
f 321 456 452
f 458 457 324
f 324 457 323
f 315 446 306
f 324 453 458
f 325 456 321
f 325 459 456
f 461 460 327
f 327 460 326
f 462 327 328
f 462 461 327
f 328 323 457
f 328 457 462
f 329 459 325
f 329 463 459
f 460 330 326
f 464 330 460
f 311 447 310
f 442 439 427
f 430 444 443
f 442 430 443
f 427 430 442
f 444 430 298
f 304 444 298
f 445 444 304
f 304 299 432
f 304 432 445
f 306 433 300
f 306 446 433
f 447 308 434
f 434 308 303
f 213 263 261
f 447 436 310
f 447 434 436
f 438 448 436
f 448 310 436
f 448 313 310
f 439 449 314
f 448 439 314
f 313 448 314
f 441 439 448
f 442 451 450
f 449 442 450
f 439 442 449
f 451 442 443
f 78 100 98
f 71 91 93
f 94 92 70
f 94 70 72
f 72 71 93
f 72 93 94
f 96 95 73
f 96 73 74
f 75 73 95
f 75 95 97
f 76 96 74
f 76 98 96
f 97 77 75
f 99 77 97
f 78 98 76
f 71 69 91
f 99 79 77
f 101 79 99
f 80 100 78
f 80 102 100
f 101 81 79
f 103 81 101
f 82 102 80
f 82 104 102
f 103 83 81
f 105 83 103
f 84 104 82
f 84 106 104
f 105 85 83
f 61 63 86
f 79 55 77
f 56 78 54
f 56 80 78
f 79 57 55
f 81 57 79
f 58 80 56
f 58 82 80
f 81 59 57
f 83 59 81
f 61 82 58
f 61 84 82
f 83 62 59
f 85 62 83
f 107 85 105
f 87 61 86
f 84 61 87
f 88 86 63
f 62 88 63
f 85 88 62
f 89 87 86
f 89 86 88
f 66 90 65
f 90 67 65
f 68 90 66
f 90 68 67
f 92 91 69
f 92 69 70
f 129 105 103
f 98 122 96
f 98 124 122
f 123 99 97
f 125 99 123
f 100 124 98
f 100 126 124
f 125 101 99
f 127 101 125
f 102 126 100
f 102 128 126
f 127 103 101
f 129 103 127
f 104 128 102
f 104 130 128
f 97 121 123
f 131 105 129
f 106 130 104
f 106 132 130
f 131 107 105
f 133 107 131
f 108 132 106
f 108 134 132
f 133 109 107
f 135 109 133
f 111 134 108
f 111 136 134
f 135 112 109
f 137 112 135
f 117 114 115
f 87 106 84
f 87 108 106
f 107 88 85
f 109 88 107
f 87 89 110
f 111 87 110
f 108 87 111
f 112 110 89
f 88 112 89
f 109 112 88
f 113 111 110
f 113 110 112
f 116 115 114
f 77 55 53
f 116 114 91
f 92 116 91
f 118 116 92
f 93 91 114
f 117 93 114
f 119 93 117
f 120 118 92
f 120 92 94
f 94 93 119
f 94 119 120
f 122 121 95
f 122 95 96
f 97 95 121
f 39 19 35
f 31 15 33
f 12 15 31
f 32 33 34
f 16 32 34
f 13 32 16
f 18 35 34
f 18 34 15
f 35 19 16
f 35 16 34
f 37 20 36
f 37 18 20
f 35 18 37
f 35 37 38
f 39 35 38
f 15 34 33
f 39 36 20
f 19 39 20
f 37 36 40
f 37 40 41
f 36 39 42
f 36 42 40
f 43 41 40
f 43 40 42
f 46 45 44
f 47 44 45
f 48 46 44
f 48 44 47
f 50 49 22
f 24 4 21
f 11 16 14
f 15 14 17
f 15 17 18
f 14 16 19
f 14 19 17
f 20 18 17
f 20 17 19
f 23 22 21
f 24 21 22
f 23 21 2
f 3 23 2
f 25 23 3
f 4 2 21
f 50 22 23
f 26 4 24
f 6 25 3
f 6 27 25
f 26 7 4
f 28 7 26
f 9 27 6
f 9 29 27
f 28 10 7
f 30 10 28
f 12 29 9
f 12 31 29
f 30 13 10
f 32 13 30
f 72 70 46
f 66 65 64
f 37 66 64
f 41 66 37
f 39 64 65
f 67 39 65
f 42 39 67
f 68 66 41
f 68 41 43
f 43 42 67
f 43 67 68
f 70 69 45
f 70 45 46
f 47 45 69
f 47 69 71
f 64 39 38
f 72 46 48
f 48 47 71
f 48 71 72
f 74 73 49
f 74 49 50
f 51 49 73
f 51 73 75
f 52 74 50
f 52 76 74
f 75 53 51
f 77 53 75
f 54 76 52
f 54 78 76
f 57 30 55
f 24 22 49
f 24 49 51
f 25 50 23
f 25 52 50
f 51 26 24
f 53 26 51
f 27 52 25
f 27 54 52
f 53 28 26
f 55 28 53
f 29 54 27
f 29 56 54
f 55 30 28
f 138 136 111
f 31 56 29
f 31 58 56
f 57 32 30
f 59 32 57
f 31 33 60
f 61 31 60
f 58 31 61
f 62 60 33
f 32 62 33
f 59 62 32
f 63 61 60
f 63 60 62
f 37 64 38
f 183 186 215
f 206 175 204
f 208 175 206
f 176 207 174
f 176 209 207
f 208 177 175
f 210 177 208
f 211 209 176
f 211 176 178
f 178 177 210
f 178 210 211
f 213 212 184
f 213 184 183
f 185 184 212
f 185 212 214
f 175 173 204
f 216 183 215
f 213 183 216
f 217 215 186
f 185 217 186
f 214 217 185
f 218 216 215
f 218 215 217
f 221 220 219
f 222 219 220
f 223 221 219
f 223 219 222
f 226 225 224
f 227 224 225
f 196 198 199
f 169 187 167
f 187 169 168
f 190 189 188
f 191 188 189
f 190 188 192
f 190 192 193
f 188 191 194
f 188 194 192
f 193 192 195
f 193 195 196
f 192 194 197
f 192 197 195
f 196 195 198
f 228 226 224
f 195 197 200
f 195 200 198
f 199 198 201
f 199 201 202
f 198 200 203
f 198 203 201
f 202 201 204
f 202 204 205
f 201 203 206
f 201 206 204
f 205 204 173
f 174 205 173
f 207 205 174
f 207 256 254
f 250 200 247
f 202 252 251
f 249 202 251
f 199 202 249
f 250 251 252
f 203 250 252
f 200 250 203
f 254 253 252
f 202 254 252
f 205 254 202
f 203 252 253
f 255 203 253
f 206 203 255
f 207 254 205
f 247 200 197
f 255 208 206
f 257 208 255
f 209 256 207
f 209 258 256
f 257 210 208
f 259 210 257
f 260 258 209
f 260 209 211
f 211 210 259
f 211 259 260
f 213 261 212
f 261 214 212
f 263 262 261
f 243 194 242
f 228 224 227
f 231 230 229
f 232 229 230
f 233 231 229
f 233 229 232
f 235 234 189
f 235 189 190
f 191 189 234
f 191 234 236
f 239 238 237
f 240 237 238
f 193 235 190
f 193 241 235
f 185 168 182
f 194 236 242
f 194 191 236
f 239 237 244
f 242 245 243
f 244 237 240
f 196 241 193
f 196 246 241
f 248 247 243
f 247 194 243
f 247 197 194
f 248 243 245
f 199 246 196
f 199 249 246
f 158 135 156
f 128 151 149
f 150 129 127
f 152 129 150
f 130 151 128
f 130 153 151
f 152 131 129
f 154 131 152
f 132 153 130
f 132 155 153
f 154 133 131
f 156 133 154
f 134 155 132
f 134 157 155
f 156 135 133
f 128 149 126
f 136 160 159
f 157 136 159
f 134 136 157
f 158 159 160
f 137 158 160
f 135 158 137
f 138 160 136
f 160 138 137
f 163 162 161
f 164 161 162
f 165 163 161
f 165 161 164
f 167 166 140
f 120 119 142
f 138 111 113
f 113 112 137
f 113 137 138
f 116 139 115
f 139 117 115
f 141 140 139
f 116 141 139
f 118 141 116
f 117 139 140
f 142 117 140
f 119 117 142
f 143 141 118
f 143 118 120
f 167 140 141
f 120 142 143
f 145 144 121
f 145 121 122
f 123 121 144
f 123 144 146
f 124 145 122
f 124 147 145
f 146 125 123
f 148 125 146
f 126 147 124
f 126 149 147
f 148 127 125
f 150 127 148
f 183 163 165
f 153 155 176
f 177 178 179
f 156 177 179
f 154 177 156
f 157 180 179
f 157 179 155
f 180 158 156
f 180 156 179
f 159 180 157
f 180 159 158
f 163 181 162
f 181 164 162
f 183 165 182
f 176 155 178
f 181 163 183
f 181 183 184
f 185 181 184
f 185 164 181
f 185 182 165
f 164 185 165
f 183 187 186
f 183 167 187
f 183 182 166
f 167 183 166
f 168 186 187
f 168 185 186
f 168 166 182
f 149 171 147
f 142 140 166
f 142 166 168
f 169 167 141
f 169 141 143
f 143 142 168
f 143 168 169
f 145 170 144
f 170 146 144
f 147 171 170
f 147 170 145
f 171 148 146
f 171 146 170
f 149 172 171
f 538 534 535
f 172 150 148
f 172 148 171
f 174 173 172
f 149 174 172
f 151 174 149
f 150 172 173
f 175 150 173
f 152 150 175
f 153 174 151
f 153 176 174
f 175 154 152
f 177 154 175
f 155 179 178
f 843 845 860
f 540 835 836
f 540 836 522
f 854 542 837
f 837 542 523
f 855 837 838
f 854 837 855
f 856 838 839
f 855 838 856
f 857 839 840
f 856 839 857
f 858 840 842
f 857 840 858
f 859 842 843
f 858 842 859
f 538 835 540
f 861 843 860
f 859 843 861
f 863 862 861
f 863 861 860
f 864 862 863
f 543 848 524
f 543 865 848
f 866 546 545
f 545 527 866
f 527 849 866
f 547 548 866
f 547 866 849
f 547 849 550
f 850 829 851
f 843 822 846
f 843 844 824
f 822 843 824
f 846 822 825
f 846 825 847
f 847 825 827
f 524 828 513
f 524 848 828
f 849 527 528
f 518 829 528
f 829 849 528
f 829 850 849
f 851 829 830
f 849 867 550
f 852 830 831
f 851 830 852
f 532 852 531
f 852 832 531
f 852 831 832
f 531 832 533
f 832 853 533
f 832 833 853
f 536 853 535
f 853 834 535
f 853 833 834
f 535 834 538
f 538 834 835
f 589 877 587
f 871 859 872
f 862 874 873
f 872 862 873
f 861 862 872
f 874 862 864
f 575 865 543
f 575 875 865
f 866 577 546
f 577 866 548
f 876 578 579
f 550 867 582
f 876 579 581
f 582 867 553
f 877 586 587
f 872 859 861
f 868 593 563
f 593 868 565
f 869 597 570
f 597 869 573
f 870 600 574
f 600 870 602
f 870 878 602
f 870 871 878
f 879 871 872
f 878 871 879
f 872 873 880
f 872 880 879
f 603 875 575
f 567 868 854
f 849 850 867
f 553 867 552
f 867 851 552
f 867 850 851
f 552 851 556
f 556 851 852
f 556 852 532
f 853 558 533
f 558 853 536
f 868 563 564
f 564 542 868
f 542 854 868
f 567 565 868
f 843 846 845
f 567 854 569
f 569 854 855
f 569 855 570
f 855 869 570
f 855 856 869
f 573 869 572
f 869 857 572
f 869 856 857
f 572 857 574
f 857 870 574
f 857 858 870
f 871 858 859
f 870 858 871
f 806 787 788
f 782 500 493
f 500 782 503
f 503 782 783
f 503 783 504
f 783 804 504
f 783 784 804
f 507 804 506
f 804 785 506
f 804 784 785
f 506 785 509
f 509 785 786
f 509 786 510
f 786 805 510
f 786 787 805
f 499 803 781
f 805 787 806
f 511 807 496
f 807 788 496
f 807 806 788
f 497 790 808
f 807 497 808
f 809 807 808
f 511 497 807
f 811 810 809
f 811 809 808
f 813 812 810
f 813 810 811
f 812 813 793
f 791 792 773
f 787 762 763
f 786 762 787
f 788 763 765
f 787 763 788
f 496 788 495
f 788 767 495
f 788 765 767
f 767 768 789
f 497 767 789
f 790 497 789
f 767 497 495
f 789 768 771
f 793 792 791
f 791 812 793
f 774 791 773
f 794 791 774
f 774 776 795
f 796 774 795
f 794 774 796
f 797 796 795
f 800 799 798
f 798 799 779
f 777 798 779
f 801 798 777
f 777 780 802
f 777 802 801
f 499 781 492
f 521 815 523
f 830 805 831
f 832 806 807
f 831 806 832
f 833 807 809
f 832 807 833
f 834 809 810
f 833 809 834
f 835 810 812
f 834 810 835
f 836 812 814
f 835 812 836
f 522 836 521
f 836 815 521
f 836 814 815
f 831 805 806
f 815 837 523
f 815 816 837
f 838 816 818
f 837 816 838
f 839 818 819
f 838 818 839
f 840 819 820
f 839 819 840
f 820 821 841
f 842 820 841
f 840 820 842
f 844 843 842
f 844 842 841
f 801 802 821
f 814 812 791
f 815 791 794
f 814 791 815
f 816 794 796
f 815 794 816
f 796 797 817
f 818 796 817
f 816 796 818
f 818 817 800
f 798 818 800
f 819 818 798
f 820 798 801
f 819 798 820
f 603 881 875
f 801 821 820
f 824 823 822
f 826 825 822
f 826 822 823
f 827 825 826
f 513 803 499
f 513 828 803
f 804 515 504
f 515 804 507
f 829 518 519
f 510 805 519
f 805 829 519
f 805 830 829
f 953 707 952
f 945 699 943
f 701 944 698
f 701 946 944
f 945 702 699
f 947 702 945
f 704 946 701
f 704 948 946
f 947 705 702
f 949 705 947
f 707 948 704
f 707 950 948
f 949 708 705
f 951 708 949
f 707 709 952
f 943 699 940
f 950 707 953
f 954 952 709
f 708 954 709
f 951 954 708
f 953 952 710
f 711 953 710
f 955 953 711
f 712 710 952
f 954 712 952
f 956 712 954
f 713 958 957
f 955 713 957
f 711 713 955
f 694 937 939
f 933 688 929
f 689 932 687
f 689 934 932
f 933 690 688
f 935 690 933
f 691 934 689
f 691 936 934
f 935 692 690
f 937 692 935
f 693 939 938
f 936 693 938
f 691 693 936
f 937 938 939
f 956 957 958
f 692 937 694
f 941 695 940
f 941 693 695
f 939 693 941
f 939 941 942
f 943 939 942
f 943 694 939
f 943 940 695
f 694 943 695
f 941 940 697
f 698 941 697
f 944 941 698
f 699 697 940
f 1000 999 998
f 968 986 984
f 971 986 968
f 973 988 987
f 986 973 987
f 971 973 986
f 991 990 989
f 975 988 973
f 990 991 978
f 976 990 978
f 992 990 976
f 976 979 993
f 976 993 992
f 996 995 994
f 997 994 995
f 986 985 984
f 1001 998 999
f 721 980 718
f 721 1002 980
f 1003 722 981
f 981 722 719
f 981 983 1004
f 1005 981 1004
f 1003 981 1005
f 1004 725 1005
f 1004 724 725
f 1004 1007 1006
f 724 1004 1006
f 985 1006 1008
f 974 973 971
f 714 956 958
f 712 956 714
f 715 958 713
f 958 715 714
f 961 960 959
f 962 959 960
f 963 961 959
f 963 959 962
f 966 965 964
f 967 964 965
f 970 969 968
f 972 971 968
f 972 968 969
f 929 688 684
f 974 971 972
f 975 973 974
f 978 977 976
f 977 979 976
f 966 964 717
f 718 966 717
f 980 966 718
f 982 981 719
f 982 719 717
f 967 982 717
f 964 967 717
f 983 981 982
f 984 970 968
f 648 887 625
f 894 882 883
f 893 882 894
f 645 895 620
f 895 883 620
f 895 894 883
f 646 896 645
f 645 896 895
f 897 896 646
f 897 646 623
f 898 897 623
f 884 898 623
f 898 884 885
f 898 885 899
f 899 885 886
f 882 893 892
f 648 900 887
f 888 653 631
f 653 888 633
f 889 656 635
f 656 889 637
f 902 901 659
f 659 901 658
f 903 659 660
f 903 902 659
f 660 641 890
f 904 660 890
f 903 660 904
f 904 890 891
f 879 886 885
f 876 605 578
f 605 876 581
f 877 609 586
f 609 877 589
f 882 617 618
f 619 883 618
f 618 883 882
f 620 883 619
f 884 623 878
f 878 623 602
f 885 878 879
f 884 878 885
f 879 880 886
f 904 891 905
f 625 881 603
f 625 887 881
f 888 631 632
f 633 888 632
f 889 635 636
f 637 889 636
f 890 641 642
f 643 891 642
f 642 891 890
f 644 892 643
f 643 892 891
f 617 882 644
f 882 892 644
f 927 926 682
f 675 919 674
f 675 670 915
f 675 915 920
f 676 918 673
f 676 921 918
f 923 922 678
f 678 922 677
f 924 678 679
f 924 923 678
f 679 674 919
f 679 919 924
f 680 921 676
f 680 925 921
f 920 919 675
f 682 926 681
f 682 677 922
f 682 922 927
f 683 925 680
f 683 928 925
f 930 929 685
f 685 929 684
f 931 685 686
f 931 930 685
f 686 681 926
f 686 926 931
f 687 928 683
f 687 932 928
f 913 912 667
f 905 891 892
f 905 892 906
f 906 892 893
f 906 893 907
f 907 893 894
f 907 894 908
f 908 894 895
f 908 895 909
f 909 895 896
f 909 896 910
f 910 896 897
f 661 900 648
f 661 911 900
f 785 760 786
f 667 912 666
f 667 658 901
f 667 901 913
f 668 911 661
f 668 914 911
f 916 915 671
f 671 915 670
f 917 671 672
f 917 916 671
f 672 666 912
f 672 912 917
f 673 914 668
f 673 918 914
f 616 596 617
f 609 589 611
f 613 588 590
f 612 588 613
f 404 613 403
f 613 591 403
f 613 590 591
f 403 591 405
f 591 614 405
f 591 592 614
f 615 592 594
f 614 592 615
f 616 594 595
f 615 594 616
f 596 618 617
f 589 588 611
f 595 596 616
f 618 596 598
f 618 598 619
f 621 620 619
f 598 621 619
f 599 621 598
f 622 599 601
f 621 599 622
f 601 602 623
f 601 623 622
f 392 406 624
f 625 392 624
f 603 392 625
f 398 607 606
f 392 603 575
f 604 394 576
f 576 394 382
f 605 396 397
f 576 605 397
f 604 576 397
f 605 576 578
f 384 398 581
f 606 581 398
f 581 606 605
f 399 605 606
f 605 399 396
f 400 607 398
f 408 626 406
f 387 583 400
f 583 607 400
f 583 608 607
f 585 586 609
f 390 401 583
f 610 583 401
f 583 610 608
f 585 609 611
f 391 585 611
f 401 391 611
f 610 401 611
f 612 610 611
f 588 612 611
f 625 624 647
f 640 639 613
f 641 640 412
f 641 412 405
f 642 641 405
f 614 642 405
f 642 614 615
f 642 615 643
f 643 615 616
f 643 616 644
f 644 616 617
f 645 620 621
f 645 621 622
f 645 622 646
f 646 622 623
f 640 613 404
f 625 647 648
f 414 647 415
f 647 626 415
f 647 624 626
f 415 626 417
f 626 649 417
f 626 627 649
f 650 627 628
f 649 627 650
f 651 628 629
f 650 628 651
f 652 629 630
f 651 629 652
f 630 607 631
f 406 626 624
f 410 627 408
f 408 627 626
f 394 604 410
f 604 627 410
f 604 628 627
f 411 629 397
f 629 604 397
f 629 628 604
f 399 606 411
f 606 629 411
f 606 630 629
f 607 632 631
f 392 575 378
f 606 607 630
f 634 633 632
f 607 634 632
f 608 634 607
f 610 636 635
f 634 610 635
f 608 610 634
f 638 637 636
f 610 638 636
f 612 638 610
f 639 612 613
f 638 612 639
f 412 640 404
f 562 541 563
f 555 556 532
f 530 555 532
f 557 555 530
f 530 533 558
f 559 530 558
f 557 530 559
f 559 558 536
f 534 559 536
f 560 559 534
f 561 534 537
f 560 534 561
f 562 537 539
f 561 537 562
f 541 564 563
f 556 554 552
f 539 541 562
f 567 566 565
f 542 564 541
f 569 568 566
f 569 566 567
f 570 568 569
f 573 572 571
f 574 571 572
f 378 543 368
f 378 575 543
f 544 380 371
f 577 576 382
f 577 382 380
f 544 526 363
f 540 539 537
f 540 537 538
f 539 540 522
f 520 539 522
f 541 539 520
f 520 523 542
f 520 542 541
f 368 524 356
f 368 543 524
f 525 369 360
f 369 525 371
f 525 544 371
f 525 526 544
f 546 577 380
f 545 544 363
f 372 545 363
f 546 544 545
f 549 548 547
f 545 529 527
f 529 545 373
f 372 373 545
f 549 547 550
f 529 373 366
f 551 376 374
f 377 376 551
f 554 553 552
f 556 555 554
f 566 594 565
f 585 391 389
f 589 587 588
f 557 588 587
f 588 557 559
f 590 559 560
f 588 559 590
f 591 560 561
f 590 560 591
f 592 561 562
f 591 561 592
f 562 563 593
f 594 562 593
f 592 562 594
f 594 593 565
f 389 390 584
f 595 594 566
f 596 566 568
f 595 566 596
f 568 570 597
f 598 568 597
f 596 568 598
f 598 597 573
f 571 598 573
f 599 598 571
f 571 574 600
f 601 571 600
f 599 571 601
f 602 601 600
f 553 554 582
f 544 546 380
f 576 579 578
f 576 549 579
f 576 577 548
f 549 576 548
f 580 374 384
f 580 384 581
f 580 581 579
f 580 579 549
f 580 549 550
f 580 550 582
f 580 582 551
f 580 551 374
f 630 631 653
f 554 385 582
f 377 551 582
f 377 582 385
f 385 554 387
f 554 583 387
f 554 555 583
f 585 389 584
f 586 585 584
f 587 586 584
f 557 587 584
f 555 557 584
f 583 555 584
f 390 583 584
f 720 722 729
f 715 713 483
f 715 483 485
f 485 484 714
f 485 714 715
f 718 717 716
f 719 716 717
f 718 716 720
f 718 720 721
f 716 719 722
f 716 722 720
f 725 724 723
f 726 723 724
f 721 720 727
f 721 727 728
f 714 484 712
f 720 729 727
f 732 731 730
f 725 723 733
f 731 734 730
f 733 723 726
f 728 727 486
f 487 728 486
f 735 728 487
f 737 736 488
f 737 488 486
f 729 737 486
f 727 729 486
f 736 737 732
f 700 705 703
f 477 698 474
f 475 696 697
f 699 475 697
f 478 475 699
f 477 479 700
f 701 477 700
f 698 477 701
f 702 700 479
f 478 702 479
f 699 702 478
f 701 700 703
f 701 703 704
f 700 702 705
f 730 736 732
f 704 703 706
f 704 706 707
f 703 705 708
f 703 708 706
f 709 707 706
f 709 706 708
f 711 710 480
f 711 480 481
f 482 480 710
f 482 710 712
f 483 711 481
f 483 713 711
f 712 484 482
f 776 774 775
f 763 764 746
f 744 763 746
f 765 763 744
f 744 747 766
f 767 744 766
f 765 744 767
f 769 768 767
f 769 767 766
f 750 748 770
f 769 771 768
f 770 748 751
f 772 754 752
f 775 774 773
f 755 772 752
f 764 762 761
f 779 778 777
f 780 777 778
f 492 756 489
f 492 781 756
f 782 493 757
f 757 493 490
f 783 757 758
f 782 757 783
f 784 758 759
f 783 758 784
f 785 759 760
f 784 759 785
f 786 760 762
f 489 735 487
f 738 736 730
f 730 734 739
f 740 730 739
f 738 730 740
f 742 741 740
f 742 740 739
f 743 741 742
f 746 745 744
f 747 744 745
f 750 749 748
f 751 748 749
f 754 753 752
f 755 752 753
f 474 698 696
f 489 756 735
f 757 490 736
f 736 490 488
f 758 736 738
f 757 736 758
f 759 738 740
f 758 738 759
f 760 740 741
f 759 740 760
f 741 743 761
f 762 741 761
f 760 741 762
f 764 763 762
f 433 668 661
f 663 650 664
f 665 651 652
f 664 651 665
f 429 665 428
f 665 654 428
f 665 652 654
f 428 654 431
f 431 654 655
f 431 655 421
f 667 666 657
f 666 422 657
f 666 432 422
f 667 657 658
f 433 661 424
f 664 650 651
f 662 435 426
f 435 662 437
f 437 662 663
f 437 663 438
f 663 669 438
f 663 664 669
f 441 669 440
f 669 665 440
f 669 664 665
f 440 665 429
f 671 670 444
f 444 670 443
f 672 444 445
f 639 659 658
f 654 630 653
f 652 630 654
f 654 653 633
f 634 654 633
f 655 654 634
f 656 420 421
f 634 656 421
f 655 634 421
f 656 634 635
f 638 657 422
f 656 638 422
f 420 656 422
f 637 638 656
f 672 671 444
f 657 639 658
f 638 639 657
f 659 639 640
f 659 640 660
f 660 640 641
f 648 647 423
f 424 648 423
f 661 648 424
f 423 647 414
f 662 426 649
f 649 426 417
f 663 649 650
f 662 649 663
f 469 691 689
f 686 461 462
f 686 685 461
f 462 457 681
f 462 681 686
f 463 683 459
f 463 687 683
f 684 464 460
f 688 464 684
f 466 687 463
f 466 689 687
f 688 467 464
f 690 467 688
f 469 689 466
f 461 684 460
f 690 470 467
f 692 470 690
f 471 691 469
f 471 693 691
f 692 472 470
f 694 472 692
f 474 696 695
f 693 474 695
f 471 474 693
f 694 695 696
f 475 694 696
f 472 694 475
f 698 697 696
f 454 677 453
f 445 432 666
f 445 666 672
f 446 668 433
f 446 673 668
f 669 448 438
f 448 669 441
f 675 674 451
f 451 674 450
f 451 443 670
f 451 670 675
f 452 673 446
f 452 676 673
f 678 677 454
f 1787 1504 1763
f 679 454 455
f 679 678 454
f 455 450 674
f 455 674 679
f 456 676 452
f 456 680 676
f 682 681 458
f 458 681 457
f 458 453 677
f 458 677 682
f 459 680 456
f 459 683 680
f 685 684 461
f 2817 2816 2614
f 2606 2808 2806
f 2807 2607 2605
f 2809 2607 2807
f 2606 2608 2810
f 2811 2606 2810
f 2808 2606 2811
f 2812 2810 2608
f 2607 2812 2608
f 2809 2812 2607
f 2813 2811 2810
f 2813 2810 2812
f 2815 2814 2613
f 2815 2613 2611
f 2606 2806 2604
f 2613 2817 2614
f 2814 2817 2613
f 2818 2816 2817
f 2615 2815 2611
f 2615 2819 2815
f 2816 2617 2614
f 2618 2617 2816
f 2818 2618 2816
f 2820 2618 2818
f 2821 2819 2615
f 2821 2615 2619
f 2822 2619 2620
f 2822 2821 2619
f 2801 2599 2799
f 2796 2795 2595
f 2595 2795 2594
f 2595 2592 2792
f 2797 2595 2792
f 2796 2595 2797
f 2797 2792 2793
f 2596 2794 2593
f 2596 2798 2794
f 2795 2597 2594
f 2799 2597 2795
f 2598 2798 2596
f 2598 2800 2798
f 2799 2599 2597
f 2620 2618 2820
f 2600 2800 2598
f 2600 2802 2800
f 2801 2601 2599
f 2803 2601 2801
f 2602 2802 2600
f 2602 2804 2802
f 2803 2603 2601
f 2805 2603 2803
f 2604 2804 2602
f 2604 2806 2804
f 2805 2605 2603
f 2807 2605 2805
f 2644 2830 2645
f 2846 2849 2631
f 2850 2848 2849
f 2636 2851 2635
f 2851 2637 2635
f 2638 2824 2622
f 2638 2852 2824
f 2826 2853 2625
f 2625 2853 2640
f 2827 2642 2829
f 2642 2853 2829
f 2642 2640 2853
f 2642 2827 2644
f 2644 2827 2830
f 2631 2849 2633
f 2830 2854 2645
f 2830 2832 2854
f 2855 2832 2834
f 2854 2832 2855
f 2648 2855 2647
f 2855 2836 2647
f 2855 2834 2836
f 2650 2647 2836
f 2838 2650 2836
f 2856 2650 2838
f 2857 2840 2628
f 2857 2628 2651
f 2835 2832 2833
f 2620 2820 2822
f 2824 2823 2621
f 2824 2621 2622
f 2621 2825 2624
f 2823 2825 2621
f 2625 2624 2825
f 2625 2825 2826
f 2829 2828 2827
f 2831 2830 2827
f 2831 2827 2828
f 2833 2832 2830
f 2833 2830 2831
f 2835 2834 2832
f 2593 2794 2791
f 2837 2836 2834
f 2837 2834 2835
f 2838 2836 2837
f 2840 2839 2627
f 2840 2627 2628
f 2629 2627 2839
f 2629 2839 2841
f 2844 2843 2842
f 2845 2842 2843
f 2847 2846 2631
f 2847 2631 2632
f 2849 2848 2633
f 2759 2571 2760
f 2752 2565 2566
f 2752 2566 2753
f 2566 2754 2753
f 2566 2567 2754
f 2756 2754 2755
f 2754 2568 2755
f 2754 2567 2568
f 2569 2757 2568
f 2568 2757 2755
f 2757 2569 2758
f 2569 2759 2758
f 2569 2570 2759
f 2761 2759 2760
f 2563 2751 2561
f 2759 2570 2571
f 2760 2571 2762
f 2571 2763 2762
f 2571 2572 2763
f 2764 2572 2573
f 2764 2763 2572
f 2765 2573 2574
f 2765 2764 2573
f 2766 2574 2575
f 2766 2765 2574
f 2767 2575 2576
f 2767 2766 2575
f 2769 2767 2768
f 2549 2742 2744
f 2738 2542 2736
f 2543 2737 2541
f 2543 2739 2737
f 2738 2544 2542
f 2740 2544 2738
f 2545 2739 2543
f 2545 2741 2739
f 2740 2546 2544
f 2742 2546 2740
f 2547 2741 2545
f 2547 2743 2741
f 2746 2745 2744
f 2742 2746 2744
f 2767 2577 2768
f 2546 2742 2549
f 2550 2743 2547
f 2550 2747 2743
f 2748 2555 2556
f 2745 2749 2744
f 2749 2556 2744
f 2556 2557 2744
f 2556 2749 2748
f 2744 2557 2549
f 2558 2747 2550
f 2558 2750 2747
f 2751 2560 2561
f 2588 2785 2585
f 2781 2755 2757
f 2781 2757 2782
f 2782 2757 2758
f 2783 2761 2760
f 2783 2760 2762
f 2784 2769 2768
f 2784 2768 2770
f 2585 2772 2578
f 2585 2785 2772
f 2787 2786 2587
f 2587 2786 2586
f 2587 2579 2773
f 2587 2773 2787
f 2781 2756 2755
f 2588 2788 2785
f 2789 2589 2590
f 2790 2789 2590
f 2586 2790 2590
f 2786 2790 2586
f 2591 2788 2588
f 2591 2791 2788
f 2792 2592 2789
f 2789 2592 2589
f 2789 2790 2793
f 2789 2793 2792
f 2593 2791 2591
f 2776 2775 2581
f 2767 2576 2577
f 2770 2768 2577
f 2770 2577 2555
f 2771 2770 2555
f 2748 2771 2555
f 2771 2748 2749
f 2578 2750 2558
f 2578 2772 2750
f 2774 2773 2580
f 2580 2773 2579
f 2775 2580 2581
f 2775 2774 2580
f 2776 2581 2582
f 2651 2629 2841
f 2582 2560 2751
f 2777 2582 2751
f 2776 2582 2777
f 2777 2751 2563
f 2583 2777 2563
f 2778 2777 2583
f 2779 2583 2584
f 2779 2778 2583
f 2584 2565 2752
f 2780 2584 2752
f 2779 2584 2780
f 2780 2752 2753
f 2735 2921 2919
f 2729 2913 2727
f 2729 2915 2913
f 2914 2730 2728
f 2916 2730 2914
f 2731 2915 2729
f 2731 2917 2915
f 2916 2732 2730
f 2918 2732 2916
f 2733 2917 2731
f 2733 2919 2917
f 2918 2734 2732
f 2920 2734 2918
f 2735 2919 2733
f 2914 2728 2912
f 2920 2736 2734
f 2922 2736 2920
f 2737 2921 2735
f 2737 2923 2921
f 2922 2738 2736
f 2924 2738 2922
f 2739 2923 2737
f 2739 2925 2923
f 2924 2740 2738
f 2926 2740 2924
f 2741 2925 2739
f 2741 2927 2925
f 2926 2742 2740
f 2722 2906 2719
f 2901 2714 2899
f 2715 2900 2713
f 2715 2902 2900
f 2901 2716 2714
f 2903 2716 2901
f 2717 2902 2715
f 2717 2904 2902
f 2903 2718 2716
f 2905 2718 2903
f 2719 2904 2717
f 2719 2906 2904
f 2905 2721 2718
f 2907 2721 2905
f 2928 2742 2926
f 2722 2908 2906
f 2907 2909 2721
f 2721 2909 2723
f 2724 2723 2909
f 2724 2909 2910
f 2725 2908 2722
f 2725 2911 2908
f 2910 2726 2724
f 2912 2726 2910
f 2727 2911 2725
f 2727 2913 2911
f 2912 2728 2726
f 2776 2950 2949
f 2942 2769 2943
f 2945 2944 2771
f 2771 2944 2770
f 2771 2749 2933
f 2771 2933 2945
f 2772 2934 2750
f 2772 2946 2934
f 2947 2773 2774
f 2775 2948 2774
f 2774 2948 2947
f 2776 2949 2775
f 2775 2949 2948
f 2777 2950 2776
f 2767 2769 2942
f 2950 2777 2951
f 2777 2952 2951
f 2777 2778 2952
f 2953 2778 2779
f 2953 2952 2778
f 2954 2779 2780
f 2954 2953 2779
f 2780 2753 2935
f 2955 2780 2935
f 2954 2780 2955
f 2955 2935 2756
f 2781 2955 2756
f 2756 2935 2754
f 2743 2927 2741
f 2743 2929 2927
f 2931 2930 2746
f 2746 2930 2745
f 2746 2742 2928
f 2746 2928 2931
f 2747 2929 2743
f 2747 2932 2929
f 2930 2749 2745
f 2933 2749 2930
f 2750 2932 2747
f 2750 2934 2932
f 2935 2753 2754
f 2899 2714 2712
f 2936 2758 2759
f 2761 2936 2759
f 2937 2762 2763
f 2764 2938 2763
f 2763 2938 2937
f 2765 2939 2764
f 2764 2939 2938
f 2766 2940 2765
f 2765 2940 2939
f 2940 2766 2941
f 2766 2942 2941
f 2766 2767 2942
f 2875 2650 2856
f 2851 2664 2872
f 2870 2872 2664
f 2873 2851 2872
f 2873 2637 2851
f 2873 2871 2666
f 2637 2873 2666
f 2667 2852 2638
f 2667 2874 2852
f 2854 2669 2645
f 2669 2854 2670
f 2670 2854 2855
f 2670 2855 2648
f 2650 2875 2671
f 2664 2851 2636
f 2877 2876 2673
f 2671 2877 2673
f 2875 2877 2671
f 2879 2878 2876
f 2879 2876 2877
f 2878 2879 2860
f 2878 2860 2858
f 2675 2878 2858
f 2676 2675 2858
f 2676 2858 2679
f 2679 2858 2861
f 2679 2861 2655
f 2864 2659 2848
f 2651 2841 2857
f 2860 2859 2858
f 2862 2861 2858
f 2862 2858 2859
f 2861 2862 2844
f 2861 2844 2842
f 2655 2861 2842
f 2654 2655 2842
f 2845 2863 2842
f 2863 2654 2842
f 2863 2657 2654
f 2632 2657 2847
f 2847 2657 2863
f 2864 2682 2659
f 2848 2659 2633
f 2848 2850 2865
f 2866 2848 2865
f 2864 2848 2866
f 2868 2867 2866
f 2868 2866 2865
f 2661 2662 2867
f 2868 2661 2867
f 2869 2661 2868
f 2661 2870 2664
f 2869 2870 2661
f 2871 2665 2666
f 2707 2894 2892
f 2701 2886 2699
f 2701 2888 2886
f 2887 2702 2700
f 2889 2702 2887
f 2703 2888 2701
f 2703 2890 2888
f 2889 2704 2702
f 2891 2704 2889
f 2705 2890 2703
f 2705 2892 2890
f 2891 2706 2704
f 2893 2706 2891
f 2707 2892 2705
f 2887 2700 2885
f 2893 2708 2706
f 2895 2708 2893
f 2709 2894 2707
f 2709 2896 2894
f 2895 2710 2708
f 2897 2710 2895
f 2711 2896 2709
f 2711 2898 2896
f 2897 2712 2710
f 2899 2712 2897
f 2713 2898 2711
f 2713 2900 2898
f 2876 2693 2673
f 2682 2864 2683
f 2683 2864 2866
f 2683 2866 2685
f 2685 2866 2867
f 2685 2867 2662
f 2871 2687 2665
f 2873 2880 2871
f 2880 2687 2871
f 2880 2690 2687
f 2691 2690 2880
f 2691 2880 2881
f 2692 2874 2667
f 2692 2882 2874
f 2736 2542 2540
f 2693 2876 2694
f 2694 2876 2878
f 2694 2878 2675
f 2881 2696 2691
f 2883 2696 2881
f 2697 2882 2692
f 2697 2884 2882
f 2883 2698 2696
f 2885 2698 2883
f 2699 2884 2697
f 2699 2886 2884
f 2885 2700 2698
f 2592 2380 2589
f 2587 2586 2374
f 2374 2586 2373
f 2374 2369 2579
f 2374 2579 2587
f 2375 2585 2372
f 2375 2588 2585
f 2590 2589 2377
f 2377 2589 2376
f 2377 2373 2586
f 2377 2586 2590
f 2378 2588 2375
f 2378 2591 2588
f 2589 2380 2376
f 2372 2585 2578
f 2381 2591 2378
f 2381 2593 2591
f 2595 2594 2383
f 2383 2594 2382
f 2383 2380 2592
f 2383 2592 2595
f 2384 2593 2381
f 2384 2596 2593
f 2594 2385 2382
f 2597 2385 2594
f 2386 2596 2384
f 2386 2598 2596
f 2597 2387 2385
f 2580 2579 2370
f 2574 2366 2552
f 2573 2366 2574
f 2574 2552 2553
f 2574 2553 2575
f 2575 2553 2554
f 2575 2554 2576
f 2576 2554 2351
f 2367 2576 2351
f 2577 2576 2367
f 2367 2352 2555
f 2367 2555 2577
f 2368 2558 2354
f 2368 2578 2558
f 2599 2387 2597
f 2370 2579 2369
f 2581 2370 2371
f 2581 2580 2370
f 2371 2355 2559
f 2582 2371 2559
f 2581 2371 2582
f 2582 2559 2560
f 2583 2563 2562
f 2583 2562 2564
f 2583 2564 2584
f 2584 2564 2565
f 2372 2578 2368
f 2404 2403 2616
f 2613 2612 2611
f 2400 2399 2610
f 2612 2613 2614
f 2611 2612 2401
f 2402 2611 2401
f 2615 2611 2402
f 2617 2616 2403
f 2617 2403 2401
f 2614 2617 2401
f 2612 2614 2401
f 2618 2616 2617
f 2619 2615 2402
f 2619 2402 2404
f 2610 2398 2400
f 2620 2404 2616
f 2619 2404 2620
f 2620 2616 2618
f 2622 2621 2406
f 2622 2406 2407
f 2624 2623 2408
f 2406 2624 2408
f 2621 2624 2406
f 2625 2623 2624
f 2628 2627 2626
f 2629 2626 2627
f 2632 2631 2630
f 2394 2606 2604
f 2388 2598 2386
f 2388 2600 2598
f 2599 2389 2387
f 2601 2389 2599
f 2390 2600 2388
f 2390 2602 2600
f 2601 2391 2389
f 2603 2391 2601
f 2392 2602 2390
f 2392 2604 2602
f 2603 2393 2391
f 2605 2393 2603
f 2394 2604 2392
f 2366 2346 2552
f 2605 2395 2393
f 2607 2395 2605
f 2396 2609 2608
f 2606 2396 2608
f 2394 2396 2606
f 2607 2608 2609
f 2397 2607 2609
f 2395 2607 2397
f 2398 2610 2609
f 2398 2609 2396
f 2610 2399 2397
f 2610 2397 2609
f 2324 2537 2322
f 2532 2317 2530
f 2318 2531 2316
f 2318 2533 2531
f 2532 2319 2317
f 2534 2319 2532
f 2320 2533 2318
f 2320 2535 2533
f 2534 2321 2319
f 2536 2321 2534
f 2322 2535 2320
f 2322 2537 2535
f 2536 2323 2321
f 2538 2323 2536
f 2530 2317 2315
f 2324 2539 2537
f 2538 2325 2323
f 2540 2325 2538
f 2326 2539 2324
f 2326 2541 2539
f 2540 2327 2325
f 2542 2327 2540
f 2328 2541 2326
f 2328 2543 2541
f 2542 2329 2327
f 2544 2329 2542
f 2330 2543 2328
f 2330 2545 2543
f 2526 2525 2524
f 2305 2517 2303
f 2305 2519 2517
f 2518 2306 2304
f 2520 2306 2518
f 2307 2519 2305
f 2307 2521 2519
f 2520 2308 2306
f 2522 2308 2520
f 2309 2521 2307
f 2309 2523 2521
f 2525 2310 2524
f 2310 2522 2524
f 2310 2308 2522
f 2544 2331 2329
f 2311 2523 2309
f 2311 2527 2523
f 2525 2312 2310
f 2313 2312 2525
f 2526 2313 2525
f 2528 2313 2526
f 2314 2527 2311
f 2314 2529 2527
f 2528 2315 2313
f 2530 2315 2528
f 2316 2529 2314
f 2316 2531 2529
f 2568 2567 2361
f 2356 2561 2560
f 2356 2357 2561
f 2563 2561 2562
f 2561 2358 2562
f 2561 2357 2358
f 2359 2564 2358
f 2358 2564 2562
f 2564 2359 2565
f 2359 2566 2565
f 2359 2360 2566
f 2567 2360 2361
f 2567 2566 2360
f 2568 2361 2362
f 2559 2356 2560
f 2569 2362 2363
f 2569 2568 2362
f 2570 2363 2364
f 2570 2569 2363
f 2571 2364 2365
f 2571 2570 2364
f 2365 2342 2551
f 2572 2365 2551
f 2571 2365 2572
f 2572 2551 2345
f 2366 2572 2345
f 2573 2572 2366
f 2347 2553 2552
f 2546 2331 2544
f 2332 2545 2330
f 2332 2547 2545
f 2548 2333 2334
f 2549 2548 2334
f 2331 2549 2334
f 2546 2549 2331
f 2335 2547 2332
f 2335 2550 2547
f 2551 2342 2343
f 2345 2551 2343
f 2552 2346 2347
f 2348 2553 2347
f 2633 2630 2631
f 2349 2554 2348
f 2348 2554 2553
f 2351 2554 2349
f 2556 2555 2353
f 2353 2555 2352
f 2353 2333 2548
f 2557 2353 2548
f 2556 2353 2557
f 2557 2548 2549
f 2354 2550 2335
f 2354 2558 2550
f 2559 2355 2356
f 2702 2508 2506
f 2487 2695 2470
f 2696 2493 2478
f 2698 2493 2696
f 2494 2697 2480
f 2494 2699 2697
f 2698 2502 2493
f 2700 2502 2698
f 2503 2699 2494
f 2503 2701 2699
f 2700 2506 2502
f 2702 2506 2700
f 2507 2701 2503
f 2507 2703 2701
f 2695 2487 2466
f 2704 2508 2702
f 2509 2703 2507
f 2509 2705 2703
f 2704 2510 2508
f 2706 2510 2704
f 2511 2705 2509
f 2511 2707 2705
f 2706 2512 2510
f 2708 2512 2706
f 2513 2707 2511
f 2513 2709 2707
f 2708 2514 2512
f 2710 2514 2708
f 2469 2470 2695
f 2674 2693 2694
f 2677 2457 2436
f 2694 2675 2674
f 2457 2677 2459
f 2459 2677 2678
f 2459 2678 2439
f 2680 2461 2440
f 2461 2680 2464
f 2464 2680 2681
f 2464 2681 2443
f 2695 2466 2467
f 2467 2446 2695
f 2446 2684 2695
f 2515 2709 2513
f 2469 2695 2684
f 2469 2684 2448
f 2686 2472 2449
f 2472 2686 2475
f 2475 2686 2688
f 2475 2688 2477
f 2477 2688 2689
f 2478 2477 2689
f 2691 2478 2689
f 2696 2478 2691
f 2480 2692 2450
f 2480 2697 2692
f 2535 2731 2729
f 2529 2722 2527
f 2529 2725 2722
f 2724 2530 2528
f 2726 2530 2724
f 2531 2725 2529
f 2531 2727 2725
f 2726 2532 2530
f 2728 2532 2726
f 2533 2727 2531
f 2533 2729 2727
f 2728 2534 2532
f 2730 2534 2728
f 2535 2729 2533
f 2528 2526 2724
f 2730 2536 2534
f 2732 2536 2730
f 2537 2731 2535
f 2537 2733 2731
f 2732 2538 2536
f 2734 2538 2732
f 2539 2733 2537
f 2539 2735 2733
f 2734 2540 2538
f 2736 2540 2734
f 2541 2735 2539
f 2541 2737 2735
f 2716 2522 2520
f 2515 2711 2709
f 2710 2516 2514
f 2712 2516 2710
f 2517 2711 2515
f 2517 2713 2711
f 2712 2518 2516
f 2714 2518 2712
f 2519 2713 2517
f 2519 2715 2713
f 2714 2520 2518
f 2716 2520 2714
f 2521 2715 2519
f 2521 2717 2715
f 2672 2693 2674
f 2718 2522 2716
f 2523 2717 2521
f 2523 2719 2717
f 2524 2522 2720
f 2522 2721 2720
f 2522 2718 2721
f 2720 2526 2524
f 2527 2719 2523
f 2527 2722 2719
f 2721 2723 2720
f 2526 2720 2723
f 2724 2526 2723
f 2639 2421 2412
f 2658 2656 2630
f 2630 2633 2659
f 2630 2659 2658
f 2662 2661 2660
f 2664 2663 2660
f 2664 2660 2661
f 2663 2666 2665
f 2663 2634 2666
f 2663 2664 2636
f 2634 2663 2636
f 2666 2634 2637
f 2419 2638 2409
f 2419 2667 2638
f 2630 2656 2632
f 2421 2639 2424
f 2424 2639 2641
f 2424 2641 2425
f 2641 2668 2425
f 2641 2643 2668
f 2669 2427 2428
f 2643 2669 2428
f 2668 2643 2428
f 2669 2643 2645
f 2427 2670 2430
f 2669 2670 2427
f 2646 2432 2648
f 2645 2643 2644
f 2636 2635 2634
f 2637 2634 2635
f 2409 2622 2407
f 2409 2638 2622
f 2623 2411 2408
f 2640 2639 2412
f 2640 2412 2411
f 2625 2640 2411
f 2623 2625 2411
f 2642 2641 2639
f 2642 2639 2640
f 2644 2643 2641
f 2644 2641 2642
f 2432 2670 2648
f 2648 2647 2646
f 2649 2414 2415
f 2650 2646 2647
f 2626 2651 2628
f 2649 2417 2414
f 2417 2649 2652
f 2626 2629 2651
f 2652 2418 2417
f 2655 2654 2653
f 2657 2656 2653
f 2657 2653 2654
f 2656 2657 2632
f 2660 2686 2449
f 2658 2682 2443
f 2681 2658 2443
f 2682 2658 2659
f 2442 2683 2445
f 2682 2683 2442
f 2685 2684 2446
f 2445 2685 2446
f 2683 2685 2445
f 2684 2685 2662
f 2684 2662 2660
f 2448 2684 2660
f 2447 2448 2660
f 2447 2660 2449
f 2682 2442 2443
f 2660 2663 2686
f 2663 2665 2687
f 2688 2663 2687
f 2686 2663 2688
f 2690 2689 2688
f 2690 2688 2687
f 2691 2689 2690
f 2450 2667 2419
f 2450 2692 2667
f 2668 2454 2425
f 2454 2668 2428
f 2673 2693 2672
f 2676 2677 2436
f 2432 2430 2670
f 2646 2650 2432
f 2650 2671 2432
f 1661 1909 1658
f 2649 2432 2671
f 2673 2672 2671
f 2672 2649 2671
f 2672 2652 2649
f 2674 2435 2418
f 2652 2674 2418
f 2672 2674 2652
f 2676 2674 2675
f 2676 2435 2674
f 2956 2955 2781
f 2435 2676 2436
f 2679 2678 2677
f 2679 2677 2676
f 2678 2679 2655
f 2678 2655 2653
f 2439 2678 2653
f 2438 2439 2653
f 2438 2653 2440
f 2653 2680 2440
f 2653 2656 2680
f 2681 2656 2658
f 2680 2656 2681
f 3084 3239 3236
f 3231 3078 3076
f 3233 3078 3231
f 3079 3232 3077
f 3079 3234 3232
f 3233 3080 3078
f 3235 3080 3233
f 3081 3234 3079
f 3081 3236 3234
f 3235 3237 3080
f 3080 3237 3082
f 3083 3082 3237
f 3083 3237 3238
f 3084 3236 3081
f 3077 3232 3230
f 3238 3085 3083
f 3240 3085 3238
f 3086 3239 3084
f 3086 3241 3239
f 3240 3087 3085
f 3242 3087 3240
f 3088 3241 3086
f 3088 3243 3241
f 3242 3089 3087
f 3244 3089 3242
f 3090 3243 3088
f 3090 3245 3243
f 3244 3091 3089
f 3071 3224 3069
f 3219 3064 3217
f 3065 3218 3063
f 3065 3220 3218
f 3219 3066 3064
f 3221 3066 3219
f 3067 3220 3065
f 3067 3222 3220
f 3221 3068 3066
f 3223 3068 3221
f 3069 3222 3067
f 3069 3224 3222
f 3223 3070 3068
f 3225 3070 3223
f 3246 3091 3244
f 3071 3226 3224
f 3225 3072 3070
f 3227 3072 3225
f 3073 3226 3071
f 3073 3228 3226
f 3227 3074 3072
f 3229 3074 3227
f 3075 3228 3073
f 3075 3230 3228
f 3229 3076 3074
f 3231 3076 3229
f 3077 3230 3075
f 3115 3267 3266
f 3105 3260 3257
f 3258 3106 3103
f 3261 3106 3258
f 3107 3260 3105
f 3107 3262 3260
f 3264 3263 3110
f 3110 3263 3109
f 3110 3106 3261
f 3110 3261 3264
f 3111 3262 3107
f 3111 3265 3262
f 3266 3114 3115
f 3116 3267 3115
f 3105 3257 3102
f 3117 3268 3116
f 3116 3268 3267
f 3118 3269 3117
f 3117 3269 3268
f 3119 3270 3118
f 3118 3270 3269
f 3120 3271 3119
f 3119 3271 3270
f 3271 3120 3272
f 3120 3273 3272
f 3120 3121 3273
f 3275 3273 3274
f 3098 3253 3251
f 3092 3245 3090
f 3092 3247 3245
f 3246 3093 3091
f 3248 3093 3246
f 3094 3247 3092
f 3094 3249 3247
f 3248 3095 3093
f 3250 3095 3248
f 3096 3249 3094
f 3096 3251 3249
f 3250 3097 3095
f 3252 3097 3250
f 3098 3251 3096
f 3217 3064 3062
f 3252 3099 3097
f 3254 3099 3252
f 3100 3253 3098
f 3100 3255 3253
f 3254 3101 3099
f 3256 3101 3254
f 3102 3255 3100
f 3102 3257 3255
f 3259 3258 3104
f 3104 3258 3103
f 3104 3101 3256
f 3104 3256 3259
f 3028 3188 3030
f 3020 3178 3180
f 3181 3020 3180
f 3021 3020 3181
f 3021 3182 3022
f 3181 3182 3021
f 3022 3183 3023
f 3182 3183 3022
f 3024 3023 3183
f 3024 3183 3184
f 3026 3185 3025
f 3025 3185 3186
f 3187 3025 3186
f 3028 3025 3187
f 3019 3177 3020
f 3187 3188 3028
f 3190 3189 3031
f 3030 3190 3031
f 3188 3190 3030
f 3032 3033 3189
f 3190 3032 3189
f 3191 3032 3190
f 3032 3192 3035
f 3191 3192 3032
f 3012 3035 3172
f 3035 3193 3172
f 3035 3192 3193
f 3172 3193 3013
f 3009 3169 3171
f 3163 3004 3002
f 3005 3004 3163
f 3165 3005 3163
f 3167 3005 3165
f 3006 3166 3003
f 3006 3168 3166
f 3167 3007 3005
f 3169 3007 3167
f 3170 3168 3006
f 3170 3006 3008
f 3171 3008 3009
f 3171 3170 3008
f 3009 3007 3169
f 3193 3036 3013
f 3012 3172 3011
f 3172 3013 3011
f 3174 3173 3014
f 3174 3014 3015
f 3014 3175 3016
f 3173 3175 3014
f 3016 3176 3018
f 3175 3176 3016
f 3018 3177 3019
f 3176 3177 3018
f 3177 3179 3178
f 3020 3177 3178
f 3057 3212 3210
f 3204 3206 3050
f 3207 3205 3206
f 3052 3198 3042
f 3052 3208 3198
f 3205 3053 3051
f 3054 3053 3205
f 3207 3054 3205
f 3209 3054 3207
f 3055 3208 3052
f 3055 3210 3208
f 3209 3056 3054
f 3211 3056 3209
f 3057 3210 3055
f 3050 3206 3051
f 3211 3058 3056
f 3213 3058 3211
f 3059 3212 3057
f 3059 3214 3212
f 3213 3060 3058
f 3215 3060 3213
f 3061 3214 3059
f 3061 3216 3214
f 3215 3062 3060
f 3217 3062 3215
f 3063 3216 3061
f 3063 3218 3216
f 3026 3043 3185
f 3193 3194 3036
f 3036 3195 3038
f 3194 3195 3036
f 3038 3196 3039
f 3195 3196 3038
f 3041 3039 3196
f 3041 3196 3197
f 3042 3174 3015
f 3042 3198 3174
f 3179 3199 3178
f 3178 3199 3180
f 3184 3200 3024
f 3024 3200 3043
f 3273 3122 3274
f 3043 3201 3185
f 3043 3200 3201
f 3185 3201 3186
f 3189 3047 3031
f 3047 3189 3033
f 3197 3202 3041
f 3041 3202 3048
f 3048 3203 3049
f 3202 3203 3048
f 3049 3204 3050
f 3203 3204 3049
f 3206 3205 3051
f 3350 3352 3351
f 3344 3177 3176
f 3344 3176 3343
f 3344 3179 3177
f 3180 3345 3181
f 3346 3182 3181
f 3346 3181 3345
f 3347 3183 3182
f 3347 3182 3346
f 3347 3184 3183
f 3186 3348 3187
f 3187 3348 3349
f 3350 3187 3349
f 3188 3187 3350
f 3343 3175 3341
f 3190 3350 3351
f 3188 3350 3190
f 3353 3191 3190
f 3353 3190 3351
f 3354 3192 3191
f 3354 3191 3353
f 3355 3193 3192
f 3355 3192 3354
f 3356 3194 3193
f 3356 3193 3355
f 3357 3195 3194
f 3357 3194 3356
f 3358 3196 3195
f 3336 3169 3334
f 3330 3328 3162
f 3329 3331 3326
f 3331 3161 3326
f 3331 3164 3161
f 3165 3164 3331
f 3165 3331 3332
f 3166 3330 3162
f 3166 3333 3330
f 3332 3167 3165
f 3334 3167 3332
f 3168 3333 3166
f 3168 3335 3333
f 3334 3169 3167
f 3358 3195 3357
f 3337 3335 3168
f 3337 3168 3170
f 3338 3170 3171
f 3338 3337 3170
f 3171 3169 3336
f 3171 3336 3338
f 3340 3339 3173
f 3340 3173 3174
f 3339 3342 3341
f 3175 3339 3341
f 3173 3339 3175
f 3343 3176 3175
f 3358 3376 3197
f 3352 3370 3351
f 3351 3370 3353
f 3353 3370 3371
f 3353 3371 3354
f 3354 3371 3372
f 3354 3372 3355
f 3355 3372 3373
f 3355 3373 3356
f 3356 3373 3374
f 3356 3374 3357
f 3357 3374 3375
f 3357 3375 3358
f 3358 3375 3376
f 3348 3369 3349
f 3376 3202 3197
f 3376 3377 3202
f 3377 3379 3378
f 3203 3377 3378
f 3202 3377 3203
f 3203 3378 3380
f 3381 3203 3380
f 3204 3203 3381
f 3383 3382 3381
f 3206 3381 3382
f 3381 3206 3204
f 3206 3382 3207
f 3199 3363 3364
f 3358 3197 3196
f 3198 3340 3174
f 3198 3359 3340
f 3342 3360 3341
f 3341 3360 3343
f 3343 3360 3361
f 3343 3361 3344
f 3344 3361 3362
f 3344 3362 3179
f 3362 3199 3179
f 3362 3363 3199
f 3180 3199 3345
f 3199 3364 3345
f 3162 3328 3161
f 3345 3364 3346
f 3346 3364 3365
f 3346 3365 3347
f 3347 3365 3366
f 3347 3366 3184
f 3366 3200 3184
f 3366 3367 3200
f 3200 3368 3201
f 3367 3368 3200
f 3186 3201 3348
f 3201 3369 3348
f 3201 3368 3369
f 3295 3271 3296
f 3290 3289 3133
f 3134 3114 3266
f 3291 3134 3266
f 3290 3134 3291
f 3291 3266 3267
f 3291 3267 3292
f 3292 3267 3268
f 3292 3268 3293
f 3293 3268 3269
f 3293 3269 3294
f 3294 3269 3270
f 3294 3270 3295
f 3295 3270 3271
f 3290 3133 3134
f 3296 3271 3272
f 3297 3275 3274
f 3297 3274 3276
f 3298 3279 3278
f 3298 3278 3280
f 3135 3283 3127
f 3135 3299 3283
f 3137 3128 3284
f 3302 3301 3300
f 3301 3139 3303
f 3300 3301 3303
f 3304 3300 3303
f 3126 3263 3282
f 3273 3121 3122
f 3274 3122 3276
f 3122 3277 3276
f 3122 3123 3277
f 3279 3277 3278
f 3277 3124 3278
f 3277 3123 3124
f 3278 3124 3280
f 3124 3281 3280
f 3124 3125 3281
f 3282 3125 3126
f 3282 3281 3125
f 3126 3109 3263
f 3305 3304 3303
f 3127 3265 3111
f 3127 3283 3265
f 3284 3128 3129
f 3130 3285 3129
f 3129 3285 3284
f 3285 3130 3286
f 3130 3287 3286
f 3130 3131 3287
f 3288 3131 3132
f 3288 3287 3131
f 3289 3132 3133
f 3289 3288 3132
f 3320 3156 3153
f 3316 3149 3312
f 3150 3315 3148
f 3150 3317 3315
f 3316 3151 3149
f 3318 3151 3316
f 3152 3317 3150
f 3152 3319 3317
f 3321 3320 3154
f 3154 3320 3153
f 3154 3151 3318
f 3154 3318 3321
f 3155 3319 3152
f 3155 3322 3319
f 3312 3149 3146
f 3323 3156 3320
f 3157 3325 3324
f 3322 3157 3324
f 3155 3157 3322
f 3323 3324 3325
f 3158 3323 3325
f 3156 3323 3158
f 3159 3325 3157
f 3325 3159 3158
f 3328 3327 3326
f 3329 3326 3327
f 3328 3326 3161
f 3305 3310 3304
f 3285 3305 3303
f 3284 3285 3303
f 3137 3284 3303
f 3139 3137 3303
f 3285 3286 3306
f 3285 3306 3305
f 3140 3299 3135
f 3140 3307 3299
f 3308 3142 3143
f 3302 3309 3301
f 3309 3143 3301
f 3143 3144 3301
f 3143 3309 3308
f 3003 3166 3162
f 3139 3301 3144
f 3310 3305 3306
f 3145 3307 3140
f 3145 3311 3307
f 3313 3312 3147
f 3147 3312 3146
f 3147 3142 3308
f 3314 3147 3308
f 3313 3147 3314
f 3314 3308 3309
f 3148 3311 3145
f 3148 3315 3311
f 3032 3035 2843
f 2838 3023 3024
f 3026 3025 2839
f 3026 2839 2840
f 3028 3027 2841
f 2839 3028 2841
f 3025 3028 2839
f 3030 3029 3027
f 3030 3027 3028
f 3031 3029 3030
f 3033 3032 2843
f 3033 2843 2844
f 3035 3034 2845
f 2843 3035 2845
f 2838 2837 3023
f 3034 3035 3012
f 3034 3012 3010
f 2847 3034 3010
f 2846 2847 3010
f 3013 3036 3010
f 3036 2846 3010
f 3036 2849 2846
f 3038 3037 2850
f 2849 3038 2850
f 3036 3038 2849
f 3038 3039 3037
f 3040 3037 3039
f 3040 3039 3041
f 2825 3018 2826
f 3008 3006 2819
f 3008 2819 2821
f 3009 2821 2822
f 3009 3008 2821
f 2822 2820 3007
f 2822 3007 3009
f 3012 3011 3010
f 3013 3010 3011
f 3015 3014 2823
f 3015 2823 2824
f 2823 3016 2825
f 3014 3016 2823
f 3018 3017 2826
f 2852 3015 2824
f 3016 3018 2825
f 2828 2829 3017
f 3018 2828 3017
f 3019 2828 3018
f 2828 3020 2831
f 3019 3020 2828
f 2831 3021 2833
f 3020 3021 2831
f 2833 3022 2835
f 3021 3022 2833
f 2835 3023 2837
f 3022 3023 2835
f 2877 3045 2879
f 3048 2868 3040
f 3048 2869 2868
f 2869 3049 2870
f 3048 3049 2869
f 2870 3050 2872
f 3049 3050 2870
f 2873 2872 3050
f 2873 3050 3051
f 2874 3042 2852
f 2874 3052 3042
f 2856 3044 2875
f 2875 3044 2877
f 2877 3044 3045
f 3041 3048 3040
f 2879 3045 3046
f 2879 3046 2860
f 3051 3053 2873
f 2873 3053 2880
f 2881 2880 3053
f 2881 3053 3054
f 2882 3052 2874
f 2882 3055 3052
f 3054 2883 2881
f 3056 2883 3054
f 2884 3055 2882
f 2884 3057 3055
f 2860 3046 2859
f 2852 3042 3015
f 3017 2853 2826
f 2853 3017 2829
f 3044 2856 3043
f 2856 3024 3043
f 2856 2838 3024
f 3045 3044 2857
f 3044 3026 2857
f 3026 2840 2857
f 3026 3044 3043
f 2841 3027 2857
f 3027 3045 2857
f 3027 3046 3045
f 3007 2820 3005
f 3046 3029 2859
f 3046 3027 3029
f 3031 3047 3029
f 3047 2859 3029
f 3047 2862 2859
f 2844 2862 3033
f 3033 2862 3047
f 3034 2863 2845
f 2863 3034 2847
f 3037 2865 2850
f 2865 3037 2868
f 2868 3037 3040
f 2973 2790 2786
f 2968 2967 2773
f 2947 2968 2773
f 2968 2947 2948
f 2968 2948 2969
f 2969 2948 2949
f 2969 2949 2970
f 2970 2949 2950
f 2970 2950 2971
f 2971 2950 2951
f 2788 2965 2785
f 2788 2972 2965
f 2974 2973 2966
f 2973 2786 2966
f 2967 2787 2773
f 2974 2966 2967
f 2791 2972 2788
f 2791 2975 2972
f 2978 2977 2976
f 2973 2976 2977
f 2793 2973 2977
f 2790 2973 2793
f 2794 2975 2791
f 2794 2979 2975
f 2980 2795 2796
f 2978 2981 2977
f 2981 2796 2977
f 2961 2938 2939
f 2957 2781 2782
f 2957 2956 2781
f 2782 2758 2936
f 2958 2782 2936
f 2957 2782 2958
f 2958 2936 2761
f 2783 2958 2761
f 2959 2958 2783
f 2783 2762 2937
f 2960 2783 2937
f 2959 2783 2960
f 2960 2937 2938
f 2960 2938 2961
f 2796 2797 2977
f 2961 2939 2962
f 2962 2939 2940
f 2962 2940 2963
f 2963 2940 2941
f 2964 2943 2769
f 2964 2769 2784
f 2784 2770 2944
f 2784 2944 2964
f 2785 2946 2772
f 2785 2965 2946
f 2966 2786 2787
f 2967 2966 2787
f 2813 2812 2998
f 2994 2807 2992
f 2808 2993 2806
f 2808 2995 2993
f 2994 2809 2807
f 2996 2809 2994
f 2811 2998 2997
f 2995 2811 2997
f 2808 2811 2995
f 2996 2997 2998
f 2812 2996 2998
f 2809 2996 2812
f 2998 2811 2813
f 3001 3000 2999
f 2992 2807 2805
f 3000 3001 3002
f 2999 3000 2814
f 2815 2999 2814
f 3003 2999 2815
f 3002 3004 3000
f 3004 2814 3000
f 3004 2817 2814
f 2818 2817 3004
f 2818 3004 3005
f 2819 3003 2815
f 2819 3006 3003
f 3005 2820 2818
f 2983 2987 2986
f 2796 2981 2980
f 2977 2797 2793
f 2798 2979 2794
f 2798 2982 2979
f 2983 2799 2980
f 2980 2799 2795
f 2980 2981 2984
f 2980 2984 2983
f 2800 2982 2798
f 2800 2985 2982
f 2986 2801 2983
f 2983 2801 2799
f 2983 2984 2987
f 3056 2885 2883
f 2802 2985 2800
f 2802 2988 2985
f 2990 2989 2986
f 2989 2801 2986
f 2989 2803 2801
f 2990 2986 2987
f 2804 2988 2802
f 2804 2991 2988
f 2989 2805 2803
f 2992 2805 2989
f 2806 2991 2804
f 2806 2993 2991
f 3132 3131 2970
f 2964 3125 2943
f 3126 3125 2964
f 2964 2944 3109
f 2964 3109 3126
f 2965 3111 2946
f 2965 3127 3111
f 3129 3128 2968
f 2968 3128 2967
f 3130 2968 2969
f 3130 3129 2968
f 3131 2969 2970
f 3131 3130 2969
f 3132 2970 2971
f 3125 3108 2943
f 2971 2951 3112
f 3133 2971 3112
f 3132 2971 3133
f 3133 3112 3113
f 3133 3113 3134
f 3134 3113 3114
f 2972 3127 2965
f 2972 3135 3127
f 3136 2973 2974
f 2967 3128 3137
f 3136 2967 3137
f 3138 3136 3137
f 2974 2967 3136
f 3120 2958 2959
f 2953 3113 2952
f 2952 3113 3112
f 3113 2953 3114
f 2953 3115 3114
f 2953 2954 3115
f 3116 2954 2955
f 3116 3115 2954
f 3117 2955 2956
f 3117 3116 2955
f 3118 2956 2957
f 3118 3117 2956
f 3119 2957 2958
f 3119 3118 2957
f 3139 3138 3137
f 3120 3119 2958
f 3121 2959 2960
f 3121 3120 2959
f 3122 2960 2961
f 3122 3121 2960
f 3123 2961 2962
f 3123 3122 2961
f 3124 2962 2963
f 3124 3123 2962
f 2963 2941 3108
f 3125 2963 3108
f 3124 2963 3125
f 2993 2995 3157
f 2990 3153 2989
f 2990 2987 3151
f 2990 3151 3154
f 2991 3152 2988
f 2991 3155 3152
f 3153 2992 2989
f 3156 2992 3153
f 2993 3155 2991
f 2993 3157 3155
f 3156 2994 2992
f 3158 2994 3156
f 2995 3160 3159
f 3157 2995 3159
f 3154 3153 2990
f 3158 3159 3160
f 2996 3158 3160
f 2994 3158 2996
f 2997 3160 2995
f 3160 2997 2996
f 3162 3161 3001
f 3162 3001 2999
f 3164 3163 3002
f 3001 3164 3002
f 3161 3164 3001
f 3165 3163 3164
f 3003 3162 2999
f 3146 2978 3141
f 2975 3135 2972
f 2975 3140 3135
f 3141 2978 2976
f 3142 3141 2976
f 3142 2976 2973
f 3143 3142 2973
f 3136 3143 2973
f 3143 3136 3138
f 3143 3138 3144
f 3144 3138 3139
f 2979 3140 2975
f 2979 3145 3140
f 3147 3146 3141
f 3112 2951 2952
f 3146 2981 2978
f 3147 3141 3142
f 2982 3145 2979
f 2982 3148 3145
f 3146 2984 2981
f 3149 2984 3146
f 2985 3148 2982
f 2985 3150 3148
f 3149 2987 2984
f 3151 2987 3149
f 2988 3150 2985
f 2988 3152 3150
f 3078 2905 3076
f 3070 2899 2897
f 3072 2899 3070
f 2900 3071 2898
f 2900 3073 3071
f 3072 2901 2899
f 3074 2901 3072
f 2902 3073 2900
f 2902 3075 3073
f 3074 2903 2901
f 3076 2903 3074
f 2904 3075 2902
f 2904 3077 3075
f 3076 2905 2903
f 2898 3071 3069
f 2906 3077 2904
f 2906 3079 3077
f 3078 2907 2905
f 3080 2907 3078
f 2908 3079 2906
f 2908 3081 3079
f 3080 3082 2907
f 2907 3082 2909
f 2910 2909 3082
f 2910 3082 3083
f 2911 3081 2908
f 2911 3084 3081
f 2892 3063 2890
f 3058 2885 3056
f 2886 3057 2884
f 2886 3059 3057
f 3058 2887 2885
f 3060 2887 3058
f 2888 3059 2886
f 2888 3061 3059
f 3060 2889 2887
f 3062 2889 3060
f 2890 3061 2888
f 2890 3063 3061
f 3062 2891 2889
f 3064 2891 3062
f 3083 2912 2910
f 2892 3065 3063
f 3064 2893 2891
f 3066 2893 3064
f 2894 3065 2892
f 2894 3067 3065
f 3066 2895 2893
f 3068 2895 3066
f 2896 3067 2894
f 2896 3069 3067
f 3068 2897 2895
f 3070 2897 3068
f 2898 3069 2896
f 2932 3105 3102
f 3097 2926 2924
f 3099 2926 3097
f 2927 3098 2925
f 2927 3100 3098
f 3099 2928 2926
f 3101 2928 3099
f 2929 3100 2927
f 2929 3102 3100
f 3104 3103 2931
f 2931 3103 2930
f 2931 2928 3101
f 2931 3101 3104
f 2932 3102 2929
f 2925 3098 3096
f 3103 2933 2930
f 3106 2933 3103
f 2934 3105 2932
f 2934 3107 3105
f 3108 2941 2942
f 2943 3108 2942
f 3110 3109 2945
f 2945 3109 2944
f 2945 2933 3106
f 2945 3106 3110
f 2946 3107 2934
f 2946 3111 3107
f 2919 3090 2917
f 3085 2912 3083
f 2913 3084 2911
f 2913 3086 3084
f 3085 2914 2912
f 3087 2914 3085
f 2915 3086 2913
f 2915 3088 3086
f 3087 2916 2914
f 3089 2916 3087
f 2917 3088 2915
f 2917 3090 3088
f 3089 2918 2916
f 3091 2918 3089
f 2649 2415 2432
f 2919 3092 3090
f 3091 2920 2918
f 3093 2920 3091
f 2921 3092 2919
f 2921 3094 3092
f 3093 2922 2920
f 3095 2922 3093
f 2923 3094 2921
f 2923 3096 3094
f 3095 2924 2922
f 3097 2924 3095
f 2925 3096 2923
f 2193 1944 2195
f 2166 2169 1942
f 2188 2187 2185
f 2188 2185 2186
f 2189 2187 2188
f 2192 2191 2190
f 2194 2193 2190
f 2194 2190 2191
f 2170 2195 1944
f 2195 2170 2194
f 1933 2194 2170
f 2194 1933 2193
f 1944 2193 1933
f 2169 2186 1942
f 2173 2196 2172
f 1934 2170 1944
f 2196 2173 2174
f 1945 2198 2197
f 2175 1945 2197
f 1936 1945 2175
f 2199 1946 1937
f 2199 1937 2176
f 2199 2176 2200
f 2199 2200 2201
f 2199 2201 2202
f 2199 2202 2197
f 2176 1937 2165
f 2159 2165 2163
f 2168 2167 2166
f 2169 2166 2167
f 1933 2170 1932
f 1934 1932 2170
f 2173 2172 2171
f 2174 2173 2171
f 2164 2163 1935
f 1936 2164 1935
f 2175 2164 1936
f 1937 1935 2163
f 2165 1937 2163
f 2199 2197 2198
f 2179 2178 2177
f 2180 2177 2178
f 2183 2182 2181
f 1939 1940 2181
f 2182 1939 2181
f 2184 1939 2182
f 2166 1942 2168
f 1942 2184 2168
f 1942 1939 2184
f 2186 2185 1943
f 2186 1943 1942
f 1946 2198 1959
f 2187 2189 2213
f 2217 2216 2215
f 2192 2190 2218
f 2216 2219 2215
f 2190 2220 2218
f 2220 2190 2193
f 2193 2195 2220
f 2223 2222 2221
f 2224 2221 2222
f 2226 2225 2198
f 1945 2226 2198
f 1958 2226 1945
f 2185 1956 1955
f 2225 1959 2198
f 1959 2225 2227
f 2202 2227 2225
f 2227 2202 2201
f 2201 2203 2228
f 2229 2201 2228
f 2227 2201 2229
f 2229 2228 2206
f 2204 2229 2206
f 2230 2229 2204
f 2231 2204 2207
f 2230 2204 2231
f 2211 2183 2181
f 2199 2198 1946
f 2203 2201 2200
f 2206 2205 2204
f 2208 2207 2204
f 2208 2204 2205
f 2207 2208 2179
f 2177 2207 2179
f 2209 2207 2177
f 2177 2180 2210
f 2211 2177 2210
f 2209 2177 2211
f 2211 2210 2183
f 2159 2162 2165
f 1949 2211 2181
f 1948 1949 2181
f 1948 2181 1940
f 2212 1951 1952
f 1952 1943 2212
f 1943 2185 2212
f 1955 1953 2212
f 1955 2212 2185
f 2185 2187 2213
f 1956 2185 2213
f 2214 1956 2213
f 2128 2127 1905
f 1898 1882 2102
f 1898 2102 2121
f 1899 2116 1894
f 1899 2122 2116
f 2124 2123 1901
f 1901 2123 1900
f 2125 1901 1902
f 2125 2124 1901
f 1902 1895 2117
f 1902 2117 2125
f 1903 2122 1899
f 1903 2126 2122
f 2121 2120 1897
f 1905 2127 1904
f 1905 1900 2123
f 1905 2123 2128
f 1906 2126 1903
f 1906 2129 2126
f 2131 2130 1908
f 1908 2130 1907
f 1908 1904 2127
f 1908 2127 2131
f 1909 2129 1906
f 1909 2132 2129
f 2134 2133 1911
f 1893 2098 2115
f 2111 1890 2096
f 2110 1890 2111
f 2111 2096 2097
f 2111 2097 2112
f 2112 2097 1871
f 1891 2112 1871
f 2113 2112 1891
f 2114 1891 1892
f 2114 2113 1891
f 2115 1892 1893
f 2115 2114 1892
f 1893 1874 2098
f 1911 2133 1910
f 1894 2100 1876
f 1894 2116 2100
f 2118 2117 1896
f 1896 2117 1895
f 1896 1877 2101
f 2119 1896 2101
f 2118 1896 2119
f 2119 2101 1880
f 1897 2119 1880
f 2120 2119 1897
f 2121 1897 1898
f 2152 1929 2150
f 2146 1923 2144
f 1924 2145 1922
f 1924 2147 2145
f 2146 1925 1923
f 2148 1925 2146
f 1926 2147 1924
f 1926 2149 2147
f 2148 1927 1925
f 2150 1927 2148
f 1928 2149 1926
f 1928 2151 2149
f 2150 1929 1927
f 2144 1923 1921
f 2153 2151 1928
f 2153 1928 1930
f 1930 1929 2152
f 1930 2152 2153
f 2156 2155 2154
f 2157 2154 2155
f 2158 2156 2154
f 2158 2154 2157
f 2161 2160 2159
f 2162 2159 2160
f 2161 2159 2163
f 2161 2163 2164
f 2138 1917 1915
f 1911 1907 2130
f 1911 2130 2134
f 1912 2132 1909
f 1912 2135 2132
f 2133 1913 1910
f 2136 1913 2133
f 1914 2135 1912
f 1914 2137 2135
f 2136 1915 1913
f 2138 1915 2136
f 1916 2137 1914
f 1916 2139 2137
f 1961 2231 1960
f 2140 1917 2138
f 1918 2139 1916
f 1918 2141 2139
f 2140 1919 1917
f 2142 1919 2140
f 1920 2141 1918
f 1920 2143 2141
f 2142 1921 1919
f 2144 1921 2142
f 1922 2143 1920
f 1922 2145 2143
f 2276 2030 2287
f 2021 2266 2024
f 2266 2286 2024
f 2266 2267 2286
f 2027 2286 2026
f 2286 2270 2026
f 2286 2267 2270
f 2026 2270 2029
f 2029 2270 2271
f 2275 2287 2271
f 2287 2029 2271
f 2287 2030 2029
f 2000 2030 2276
f 2285 2264 2266
f 2288 2032 2033
f 2004 2278 2033
f 2278 2288 2033
f 2278 2289 2288
f 2278 2280 2290
f 2278 2290 2289
f 2282 2281 2036
f 2037 2282 2036
f 2291 2282 2037
f 2036 2281 2008
f 2292 2047 2284
f 2284 2047 2018
f 2258 2010 1984
f 2001 1999 2277
f 2001 2251 1974
f 2255 2002 1976
f 2279 2278 2004
f 2279 2004 2002
f 2256 2279 2002
f 2255 2256 2002
f 2280 2278 2279
f 1979 2006 2281
f 2282 1979 2281
f 2257 1979 2282
f 2008 2281 2006
f 2048 2292 2049
f 2010 2258 1985
f 2259 2014 1989
f 2014 2259 1992
f 2260 2283 2261
f 2284 2018 2019
f 2283 2262 2261
f 1996 2264 2019
f 2264 2284 2019
f 2264 2285 2284
f 2022 2285 2021
f 2285 2266 2021
f 2304 2068 2066
f 2060 2298 2058
f 2060 2301 2298
f 2299 2061 2059
f 2063 2061 2299
f 2300 2063 2299
f 2302 2063 2300
f 2064 2301 2060
f 2064 2303 2301
f 2302 2066 2063
f 2304 2066 2302
f 2067 2303 2064
f 2067 2305 2303
f 2296 2300 2299
f 2306 2068 2304
f 2069 2305 2067
f 2069 2307 2305
f 2306 2070 2068
f 2308 2070 2306
f 2071 2307 2069
f 2071 2309 2307
f 2308 2072 2070
f 2310 2072 2308
f 2073 2309 2071
f 2073 2311 2309
f 2310 2312 2072
f 2055 2295 2291
f 2292 2285 2049
f 2292 2284 2285
f 2049 2285 2022
f 2286 2050 2024
f 2050 2286 2027
f 2288 2052 2032
f 2052 2288 2054
f 2288 2293 2054
f 2288 2289 2293
f 2289 2290 2294
f 2289 2294 2293
f 2055 2291 2037
f 2001 2277 2253
f 2292 2056 2047
f 2056 2292 2048
f 2296 2057 2293
f 2293 2057 2054
f 2293 2294 2297
f 2293 2297 2296
f 2058 2295 2055
f 2058 2298 2295
f 2299 2059 2296
f 2296 2059 2057
f 2296 2297 2300
f 2221 2224 2256
f 2243 2246 1970
f 2249 2248 2247
f 2246 1972 1971
f 2249 2247 2250
f 2253 2252 2251
f 1973 1974 2251
f 2252 1973 2251
f 2254 1973 2252
f 2221 2255 1976
f 2254 2221 1976
f 1973 2254 1976
f 2223 2221 2254
f 1971 1970 2246
f 2221 2256 2255
f 1979 2226 1958
f 1979 2257 2226
f 2227 1981 1959
f 1981 2227 1982
f 1982 2227 2229
f 1982 2229 1984
f 2229 2258 1984
f 2229 2230 2258
f 1985 2258 1986
f 2258 2231 1986
f 2258 2230 2231
f 2235 2233 2234
f 2231 2209 1960
f 2231 2207 2209
f 1960 2209 1963
f 1963 2209 2211
f 1963 2211 1949
f 2232 1965 1966
f 1951 2212 1966
f 2212 2232 1966
f 2212 2233 2232
f 2233 2212 1953
f 2234 2233 1953
f 1967 2234 1953
f 1986 2231 1961
f 1967 1956 2214
f 1967 2214 2234
f 2238 2237 2236
f 2239 2236 2237
f 2242 2241 2240
f 1970 1968 2243
f 2245 2240 2244
f 2215 2244 2240
f 2241 2215 2240
f 2215 2241 2217
f 2219 2244 2215
f 2273 2269 2272
f 2240 2245 2268
f 2267 2240 2268
f 2270 2267 2268
f 1997 2270 2268
f 1968 1997 2268
f 2273 2272 2271
f 2273 2271 2270
f 2273 2270 1997
f 2273 1997 1998
f 2273 1998 2246
f 2273 2246 2243
f 2273 2243 2269
f 2245 2269 2268
f 1998 1972 2246
f 2248 2249 2272
f 2271 2272 2249
f 2274 2271 2249
f 2271 2274 2275
f 2276 2274 2000
f 2249 2000 2274
f 2000 2249 1999
f 2250 1999 2249
f 1999 2250 2277
f 2251 2001 2253
f 2236 2264 1996
f 2259 1989 2232
f 2232 1989 1965
f 1992 2259 1991
f 2259 2233 1991
f 2259 2232 2233
f 1993 1991 2233
f 2260 1993 2233
f 2235 2260 2233
f 2261 1993 2260
f 1993 2261 2262
f 2263 1993 2262
f 1995 1993 2263
f 1890 1867 2096
f 2263 2236 1996
f 1995 2263 1996
f 2238 2236 2263
f 2236 2239 2265
f 2266 2236 2265
f 2264 2236 2266
f 2266 2265 2242
f 2240 2266 2242
f 2267 2266 2240
f 2243 1968 2268
f 2269 2243 2268
f 1996 1994 1995
f 1717 1962 1719
f 1719 1962 1964
f 1720 1719 1964
f 1965 1720 1964
f 1989 1720 1965
f 1992 1991 1990
f 1722 1723 1990
f 1991 1722 1990
f 1993 1722 1991
f 1995 1994 1724
f 1722 1995 1724
f 1993 1995 1722
f 1717 1988 1962
f 1997 1968 1969
f 1997 1969 1693
f 1729 1997 1693
f 1998 1997 1729
f 1729 1694 1972
f 1729 1972 1998
f 2000 1999 1731
f 2000 1731 1732
f 1731 2001 1734
f 1999 2001 1731
f 1697 1734 1974
f 1974 1734 2001
f 1709 1982 1712
f 1958 1957 1705
f 1706 1958 1705
f 1979 1958 1706
f 1981 1980 1707
f 1981 1707 1705
f 1959 1981 1705
f 1957 1959 1705
f 1709 1710 1980
f 1981 1709 1980
f 1982 1709 1981
f 1982 1984 1983
f 1712 1982 1983
f 1976 2002 1975
f 1986 1983 1985
f 1986 1712 1983
f 1986 1987 1713
f 1712 1986 1713
f 1988 1987 1714
f 1987 1961 1714
f 1961 1689 1714
f 1961 1987 1986
f 1714 1690 1988
f 1690 1962 1988
f 1717 1715 1988
f 2018 1752 1724
f 1750 2013 2012
f 1720 1989 2014
f 2013 1720 2014
f 2015 2013 2014
f 1751 1720 2013
f 2015 2014 1992
f 1990 2015 1992
f 2016 2015 1990
f 1752 2017 1723
f 2017 1990 1723
f 2017 2016 1990
f 2018 2017 1752
f 1751 2013 1750
f 2019 2018 1724
f 1994 2019 1724
f 1753 1754 2020
f 1994 1996 2019
f 1756 1753 2020
f 2023 2022 2021
f 2024 2023 2021
f 2027 2026 2025
f 2029 2028 2025
f 2029 2025 2026
f 1759 1760 2028
f 2029 1759 2028
f 1741 1980 1710
f 2004 2003 2002
f 2003 1975 2002
f 2003 1977 1975
f 1977 2005 1978
f 1977 2003 2005
f 2005 1739 1704
f 2005 1704 1978
f 1740 2007 2006
f 1979 1740 2006
f 1706 1740 1979
f 1980 1741 1707
f 2008 2006 2007
f 1978 1704 1703
f 2009 1744 1745
f 1984 2010 1983
f 2010 1985 1983
f 1748 1713 1987
f 1745 1746 2009
f 1748 1987 1749
f 1987 2011 1749
f 1987 1988 2011
f 1750 2012 1715
f 2012 1988 1715
f 2012 2011 1988
f 1679 1678 1929
f 1923 1674 1672
f 1925 1674 1923
f 1675 1924 1673
f 1675 1926 1924
f 1925 1676 1674
f 1927 1676 1925
f 1677 1926 1675
f 1677 1928 1926
f 1927 1678 1676
f 1929 1678 1927
f 1930 1928 1677
f 1930 1677 1679
f 1673 1924 1922
f 1679 1929 1930
f 1933 1932 1931
f 1934 1931 1932
f 1936 1935 1681
f 1936 1681 1682
f 1683 1681 1935
f 1683 1935 1937
f 1940 1939 1938
f 1942 1941 1938
f 1942 1938 1939
f 1943 1941 1942
f 1931 1944 1933
f 1667 1918 1916
f 1661 1912 1909
f 1910 1662 1659
f 1913 1662 1910
f 1663 1912 1661
f 1663 1914 1912
f 1913 1664 1662
f 1915 1664 1913
f 1665 1914 1663
f 1665 1916 1914
f 1915 1666 1664
f 1917 1666 1915
f 1667 1916 1665
f 1944 1931 1934
f 1917 1668 1666
f 1919 1668 1917
f 1669 1918 1667
f 1669 1920 1918
f 1919 1670 1668
f 1921 1670 1919
f 1671 1920 1669
f 1671 1922 1920
f 1921 1672 1670
f 1923 1672 1921
f 1673 1922 1671
f 1971 1692 1970
f 1962 1963 1949
f 1947 1962 1949
f 1964 1962 1947
f 1950 1966 1965
f 1964 1950 1965
f 1947 1950 1964
f 1966 1950 1951
f 1967 1953 1954
f 1967 1954 1956
f 1970 1969 1968
f 1692 1693 1969
f 1970 1692 1969
f 1960 1963 1688
f 1692 1971 1694
f 1972 1694 1971
f 1974 1973 1696
f 1974 1696 1697
f 1973 1976 1975
f 1699 1973 1975
f 1696 1973 1699
f 1977 1701 1699
f 1977 1699 1975
f 1978 1703 1701
f 1978 1701 1977
f 1943 1952 1941
f 1684 1936 1682
f 1684 1945 1936
f 1937 1685 1683
f 1946 1685 1937
f 1949 1948 1947
f 1947 1948 1940
f 1938 1947 1940
f 1950 1947 1938
f 1941 1952 1951
f 1950 1941 1951
f 1938 1941 1950
f 1955 1954 1953
f 2030 1759 2029
f 1956 1954 1955
f 1684 1686 1957
f 1958 1684 1957
f 1945 1684 1958
f 1959 1957 1686
f 1685 1959 1686
f 1946 1959 1685
f 1961 1960 1688
f 1961 1688 1689
f 1963 1962 1690
f 1688 1963 1690
f 2076 1842 2075
f 2070 1837 1835
f 2072 1837 2070
f 1838 2071 1836
f 1838 2073 2071
f 2075 1839 2074
f 1839 2072 2074
f 1839 1837 2072
f 2076 2075 2074
f 1840 2073 1838
f 1840 2077 2073
f 2075 1841 1839
f 1842 1841 2075
f 1836 2071 2069
f 2078 1842 2076
f 1843 2077 1840
f 1843 2079 2077
f 2078 1844 1842
f 2080 1844 2078
f 1845 2079 1843
f 1845 2081 2079
f 2080 1846 1844
f 2082 1846 2080
f 1847 2081 1845
f 1847 2083 2081
f 2082 1848 1846
f 2062 2066 2065
f 2059 1818 2057
f 1819 2058 1814
f 1819 2060 2058
f 2062 1824 2061
f 1824 2059 2061
f 1824 1818 2059
f 2063 2062 2061
f 1825 2060 1819
f 1825 2064 2060
f 2065 1829 2062
f 2062 1829 1824
f 2062 2063 2066
f 2084 1848 2082
f 1830 2064 1825
f 1830 2067 2064
f 2065 1831 1829
f 1833 1831 2065
f 2066 1833 2065
f 2068 1833 2066
f 1834 2067 1830
f 1834 2069 2067
f 2068 1835 1833
f 2070 1835 2068
f 1836 2069 1834
f 2104 2103 1883
f 1871 2097 1869
f 2099 2098 1875
f 1875 2098 1874
f 1875 1861 2094
f 1875 2094 2099
f 1876 2095 1862
f 1876 2100 2095
f 2101 1877 1878
f 1880 2101 1878
f 2103 2102 1883
f 1883 2102 1882
f 2104 1883 1884
f 1868 2097 2096
f 2105 1884 1885
f 2105 2104 1884
f 2106 1885 1886
f 2106 2105 1885
f 2107 1886 1887
f 2107 2106 1886
f 2108 1887 1888
f 2108 2107 1887
f 2109 1888 1889
f 2109 2108 1888
f 2110 1889 1890
f 2110 2109 1889
f 1857 2089 1854
f 1849 2083 1847
f 1849 2085 2083
f 2084 1850 1848
f 2086 1850 2084
f 1851 2085 1849
f 1851 2087 2085
f 2086 1853 1850
f 2088 1853 2086
f 1854 2087 1851
f 1854 2089 2087
f 2088 1856 1853
f 2090 1856 2088
f 2057 1818 1812
f 1857 2091 2089
f 2090 1858 1856
f 2092 1858 2090
f 1859 2091 1857
f 1859 2093 2091
f 2092 1861 1858
f 2094 1861 2092
f 1862 2093 1859
f 1862 2095 2093
f 2096 1867 1868
f 1869 2097 1868
f 1778 2018 2046
f 2011 2040 2039
f 2041 2011 2012
f 2040 2011 2041
f 2042 2012 2013
f 2041 2012 2042
f 2043 2013 2015
f 2042 2013 2043
f 2044 2015 2016
f 2043 2015 2044
f 2045 2016 2017
f 2044 2016 2045
f 2047 2046 2018
f 2011 2039 1775
f 2018 1778 2017
f 1777 2017 1778
f 2017 1777 2045
f 2046 2048 1778
f 1778 2048 1754
f 2048 2049 1754
f 2049 2020 1754
f 2022 2023 2049
f 2023 1780 2049
f 1756 2020 2049
f 1756 2049 1780
f 2024 2050 2023
f 2035 1769 1739
f 1732 1759 2000
f 2000 1759 2030
f 2031 1763 1764
f 2031 1764 2032
f 1764 2033 2032
f 1764 1765 2033
f 2034 2003 1766
f 2003 2033 1766
f 2033 1765 1766
f 2003 2004 2033
f 2003 2035 2005
f 2003 2034 2035
f 2050 1780 2023
f 2035 1739 2005
f 2037 2036 2007
f 1740 2037 2007
f 1770 2037 1740
f 2007 2036 2008
f 2038 1774 2009
f 2009 1774 1744
f 1775 2039 1746
f 2039 2009 1746
f 2039 2038 2009
f 1749 2011 1775
f 1805 2044 2045
f 1795 2038 2039
f 1795 2039 1797
f 1797 2039 2040
f 1797 2040 1799
f 1799 2040 2041
f 1799 2041 1801
f 1801 2041 2042
f 1801 2042 1803
f 1803 2042 2043
f 1803 2043 1804
f 1804 2043 2044
f 1804 2044 1805
f 1794 2038 1795
f 2047 2056 2046
f 1805 2045 1777
f 2046 2056 2048
f 2051 1809 1787
f 1809 2051 1789
f 2053 2054 1813
f 2054 1812 1813
f 2054 2057 1812
f 2053 1813 1791
f 1814 2055 1793
f 1814 2058 2055
f 2052 2031 2032
f 2050 1784 1780
f 2025 1785 2027
f 1785 2050 2027
f 1785 1784 2050
f 1785 2025 1786
f 1786 2025 2028
f 1786 2028 1760
f 2051 1787 2031
f 2031 1787 1763
f 2052 1788 1789
f 2031 2052 1789
f 2051 2031 1789
f 2516 2304 2302
f 1788 2052 1766
f 2052 2053 1766
f 2053 2034 1766
f 2053 2052 2054
f 2053 1791 1792
f 2035 2053 1792
f 2034 2053 2035
f 2035 1792 1769
f 1793 2037 1770
f 1793 2055 2037
f 2038 1794 1774
f 2452 2420 2422
f 2446 2444 2445
f 2448 2447 2171
f 2448 2171 2172
f 2174 2171 2447
f 2174 2447 2449
f 2175 2419 2164
f 2175 2450 2419
f 2451 2176 2420
f 2420 2176 2165
f 2445 2441 2442
f 2451 2420 2452
f 2453 2422 2423
f 2452 2422 2453
f 2423 2425 2454
f 2455 2423 2454
f 2453 2423 2455
f 2455 2454 2428
f 2455 2428 2426
f 2179 2455 2426
f 2435 2434 2169
f 2430 2426 2427
f 2432 2431 2429
f 2432 2429 2430
f 2431 2432 2415
f 2413 2431 2415
f 2433 2431 2413
f 2168 2433 2167
f 2433 2416 2167
f 2433 2413 2416
f 2178 2179 2426
f 2435 2169 2167
f 2418 2435 2167
f 2416 2418 2167
f 2434 2435 2436
f 2439 2438 2437
f 2437 2438 2440
f 2443 2442 2441
f 2445 2444 2441
f 2191 2465 2194
f 2437 2440 2461
f 2462 2437 2461
f 2460 2437 2462
f 2464 2463 2462
f 2464 2462 2461
f 2463 2464 2443
f 2463 2443 2441
f 2192 2463 2441
f 2191 2192 2441
f 2460 2458 2437
f 2465 2191 2466
f 2441 2466 2191
f 2466 2441 2467
f 2444 2467 2441
f 2195 2194 2465
f 2446 2467 2444
f 2470 2469 2468
f 2471 2468 2196
f 2434 2186 2169
f 2178 2426 2180
f 2426 2456 2180
f 2426 2429 2456
f 2183 2456 2182
f 2456 2431 2182
f 2456 2429 2431
f 2182 2431 2184
f 2184 2431 2433
f 2184 2433 2168
f 2430 2429 2426
f 2436 2457 2434
f 2457 2186 2434
f 2457 2188 2186
f 2459 2458 2189
f 2188 2459 2189
f 2457 2459 2188
f 2458 2459 2439
f 2437 2458 2439
f 2393 2148 2146
f 2143 2390 2388
f 2389 2144 2142
f 2391 2144 2389
f 2145 2390 2143
f 2145 2392 2390
f 2391 2146 2144
f 2393 2146 2391
f 2147 2392 2145
f 2147 2394 2392
f 2143 2388 2141
f 2395 2148 2393
f 2149 2394 2147
f 2149 2396 2394
f 2395 2150 2148
f 2397 2150 2395
f 2151 2396 2149
f 2151 2398 2396
f 2397 2152 2150
f 2385 2138 2382
f 2135 2378 2132
f 2135 2381 2378
f 2383 2382 2379
f 2382 2133 2379
f 2382 2136 2133
f 2383 2379 2380
f 2137 2381 2135
f 2137 2384 2381
f 2382 2138 2136
f 2399 2152 2397
f 2139 2384 2137
f 2139 2386 2384
f 2385 2140 2138
f 2387 2140 2385
f 2141 2386 2139
f 2141 2388 2386
f 2387 2142 2140
f 2389 2142 2387
f 2420 2165 2410
f 2408 2411 2160
f 2405 2408 2160
f 2412 2410 2411
f 2415 2414 2413
f 2417 2416 2413
f 2417 2413 2414
f 2417 2418 2416
f 2164 2409 2161
f 2164 2419 2409
f 2411 2162 2160
f 2410 2165 2162
f 2410 2412 2421
f 2422 2410 2421
f 2420 2410 2422
f 2424 2423 2422
f 2424 2422 2421
f 2425 2423 2424
f 2428 2427 2426
f 2404 2156 2158
f 2400 2398 2151
f 2400 2151 2153
f 2153 2152 2399
f 2153 2399 2400
f 2402 2401 2155
f 2402 2155 2156
f 2157 2155 2401
f 2157 2401 2403
f 2404 2402 2156
f 2468 2448 2196
f 2158 2157 2403
f 2158 2403 2404
f 2407 2406 2405
f 2408 2405 2406
f 2407 2405 2160
f 2161 2407 2160
f 2409 2407 2161
f 2411 2410 2162
f 2257 2503 2494
f 2500 2489 2490
f 2252 2490 2254
f 2254 2490 2491
f 2254 2491 2223
f 2501 2256 2492
f 2492 2256 2224
f 2492 2493 2502
f 2492 2502 2501
f 2257 2494 2226
f 2500 2490 2252
f 2504 2260 2495
f 2495 2260 2235
f 2262 2504 2263
f 2504 2496 2263
f 2504 2495 2496
f 2263 2496 2238
f 2497 2265 2239
f 2265 2497 2242
f 2498 2269 2245
f 2486 2498 2244
f 2237 2483 2239
f 2483 2497 2239
f 2483 2484 2497
f 2242 2497 2241
f 2497 2485 2241
f 2497 2484 2485
f 2241 2485 2217
f 2498 2245 2244
f 2219 2486 2244
f 2269 2498 2272
f 2486 2499 2498
f 2248 2499 2247
f 2499 2488 2247
f 2499 2486 2488
f 2247 2488 2250
f 2488 2500 2250
f 2488 2489 2500
f 2253 2500 2252
f 2512 2300 2297
f 2291 2509 2507
f 2508 2294 2290
f 2510 2294 2508
f 2295 2509 2291
f 2295 2511 2509
f 2510 2297 2294
f 2512 2297 2510
f 2298 2511 2295
f 2298 2513 2511
f 2291 2507 2282
f 2514 2300 2512
f 2301 2513 2298
f 2301 2515 2513
f 2514 2302 2300
f 2516 2302 2514
f 2303 2515 2301
f 2303 2517 2515
f 2518 2304 2516
f 2506 2280 2502
f 2272 2498 2499
f 2272 2499 2248
f 2505 2275 2274
f 2250 2500 2277
f 2505 2274 2276
f 2277 2500 2253
f 2501 2279 2256
f 2280 2279 2501
f 2502 2280 2501
f 2496 2482 2483
f 2282 2503 2257
f 2282 2507 2503
f 2504 2283 2260
f 2283 2504 2262
f 2505 2287 2275
f 2287 2505 2276
f 2506 2290 2280
f 2508 2290 2506
f 2189 2458 2213
f 2206 2481 2205
f 2481 2453 2205
f 2481 2452 2453
f 2205 2453 2208
f 2208 2453 2455
f 2208 2455 2179
f 2456 2210 2180
f 2210 2456 2183
f 2482 2214 2213
f 2451 2452 2481
f 2458 2482 2213
f 2458 2483 2482
f 2484 2458 2460
f 2483 2458 2484
f 2485 2460 2462
f 2484 2460 2485
f 2217 2485 2216
f 2485 2463 2216
f 2477 2474 2475
f 2448 2172 2196
f 2448 2468 2469
f 2174 2449 2472
f 2471 2174 2472
f 2473 2471 2472
f 2196 2174 2471
f 2475 2474 2473
f 2475 2473 2472
f 2477 2476 2474
f 2485 2462 2463
f 2478 2476 2477
f 2175 2197 2479
f 2480 2175 2479
f 2450 2175 2480
f 2176 2451 2200
f 2479 2197 2202
f 2200 2451 2203
f 2451 2481 2203
f 2225 2479 2202
f 2491 2473 2474
f 2222 2474 2224
f 2474 2492 2224
f 2474 2476 2492
f 2476 2478 2493
f 2476 2493 2492
f 2480 2479 2225
f 2226 2480 2225
f 2494 2480 2226
f 2491 2474 2222
f 2481 2228 2203
f 2228 2481 2206
f 2495 2235 2234
f 2214 2482 2234
f 2482 2495 2234
f 2482 2496 2495
f 2238 2496 2237
f 2496 2483 2237
f 2465 2220 2195
f 2219 2216 2486
f 2216 2463 2486
f 2192 2218 2486
f 2192 2486 2463
f 2220 2465 2218
f 2466 2218 2465
f 2218 2466 2486
f 2487 2486 2466
f 2486 2487 2488
f 2076 2074 2312
f 2487 2470 2488
f 2468 2488 2470
f 2488 2468 2489
f 2490 2468 2471
f 2489 2468 2490
f 2491 2471 2473
f 2490 2471 2491
f 2223 2491 2222
f 2105 2339 2338
f 2099 2331 2334
f 2100 2332 2095
f 2100 2335 2332
f 2336 2102 2103
f 2104 2337 2103
f 2103 2337 2336
f 2105 2338 2104
f 2104 2338 2337
f 2106 2339 2105
f 2099 2094 2331
f 2107 2340 2106
f 2106 2340 2339
f 2108 2341 2107
f 2107 2341 2340
f 2341 2108 2342
f 2108 2343 2342
f 2108 2109 2343
f 2345 2343 2344
f 2343 2110 2344
f 2327 2092 2090
f 2087 2324 2322
f 2323 2088 2086
f 2325 2088 2323
f 2089 2324 2087
f 2089 2326 2324
f 2325 2090 2088
f 2327 2090 2325
f 2091 2326 2089
f 2091 2328 2326
f 2343 2109 2110
f 2329 2092 2327
f 2093 2328 2091
f 2093 2330 2328
f 2329 2094 2092
f 2331 2094 2329
f 2095 2330 2093
f 2095 2332 2330
f 2334 2333 2099
f 2099 2333 2098
f 2360 2121 2336
f 2356 2355 2118
f 2118 2355 2117
f 2357 2118 2119
f 2357 2356 2118
f 2358 2119 2120
f 2358 2357 2119
f 2359 2120 2121
f 2359 2358 2120
f 2121 2102 2336
f 2116 2354 2335
f 2359 2121 2360
f 2360 2336 2337
f 2360 2337 2361
f 2361 2337 2338
f 2361 2338 2362
f 2362 2338 2339
f 2362 2339 2363
f 2363 2339 2340
f 2363 2340 2364
f 2349 2348 2112
f 2344 2110 2346
f 2110 2347 2346
f 2365 2341 2342
f 2364 2341 2365
f 2110 2111 2347
f 2348 2111 2112
f 2364 2340 2341
f 2348 2347 2111
f 2349 2112 2113
f 2072 2312 2074
f 2351 2349 2350
f 2349 2114 2350
f 2349 2113 2114
f 2350 2114 2352
f 2114 2353 2352
f 2114 2115 2353
f 2115 2098 2333
f 2115 2333 2353
f 2116 2335 2100
f 2132 2375 2129
f 2124 2369 2123
f 2371 2124 2125
f 2371 2370 2124
f 2125 2117 2355
f 2083 2318 2081
f 2083 2320 2318
f 2125 2355 2371
f 2319 2084 2082
f 2376 2380 2130
f 2130 2380 2134
f 2380 2379 2134
f 2126 2368 2122
f 2126 2372 2368
f 2379 2133 2134
f 2132 2378 2375
f 2323 2086 2321
f 2131 2373 2377
f 2374 2373 2128
f 2128 2373 2127
f 2087 2322 2085
f 2315 2080 2078
f 2131 2127 2373
f 2131 2376 2130
f 2377 2376 2131
f 2129 2375 2372
f 2129 2372 2126
f 2128 2369 2374
f 2079 2314 2077
f 2128 2123 2369
f 2079 2316 2314
f 2317 2080 2315
f 2076 2312 2313
f 2081 2316 2079
f 2081 2318 2316
f 2366 2345 2344
f 2370 2369 2124
f 2077 2311 2073
f 2077 2314 2311
f 2317 2082 2080
f 2313 2078 2076
f 2315 2078 2313
f 2321 2086 2084
f 2122 2368 2354
f 2122 2354 2116
f 2367 2350 2352
f 2367 2351 2350
f 2366 2344 2346
f 2321 2084 2319
f 2085 2320 2083
f 2085 2322 2320
f 2319 2082 2317

